
The following have been reloaded with a version change:
  1) GCC/10.2.0 => GCC/13.2.0
  2) GCCcore/10.2.0 => GCCcore/13.2.0
  3) XZ/5.2.5-GCCcore-10.2.0 => XZ/5.4.4-GCCcore-13.2.0
  4) binutils/2.35-GCCcore-10.2.0 => binutils/2.40-GCCcore-13.2.0
  5) zlib/1.2.11-GCCcore-10.2.0 => zlib/1.2.13-GCCcore-13.2.0


The following have been reloaded with a version change:
  1) libpciaccess/0.16-GCCcore-10.2.0 => libpciaccess/0.17-GCCcore-13.2.0

/home/ivanzait/proj/Unet_proj/2d-reconnection-data/features.py:174: RuntimeWarning: invalid value encountered in divide
  temperature = pressure / rho
/home/ivanzait/proj/Unet_proj/2d-reconnection-data/features.py:149: RuntimeWarning: invalid value encountered in divide
  anisotropy = np.divide(abs(Ppar - Pperp), (Pperp + Ppar))
Using LaTeX formatting
plot_isosurface not imported. To access it, use Python version >3.8 and install scikit-image.
Using matplotlib version 3.8.2
Note: Unable to switch to TkAgg backend
run BIB t= 1
Found population proton
Found population proton
Found population proton
Found population proton
Found population proton
Found population proton
Found population proton
Found population proton
Found population proton
Found population proton
Found population proton
Found population proton
Found population proton
Pdiag shape (319, 478, 3)
B shape (319, 478, 3)
Extracted frame BIB_1
run BIB t= 2
Found population proton
Found population proton
Found population proton
Found population proton
Found population proton
Found population proton
Found population proton
Found population proton
Found population proton
Found population proton
Found population proton
Found population proton
Found population proton
Pdiag shape (319, 478, 3)
B shape (319, 478, 3)
Extracted frame BIB_2
run BIB t= 3
Found population proton
Found population proton
Found population proton
Found population proton
Found population proton
Found population proton
Found population proton
Found population proton
Found population proton
Found population proton
Found population proton
Found population proton
Found population proton
Pdiag shape (319, 478, 3)
B shape (319, 478, 3)
Extracted frame BIB_3
run BIB t= 4
Found population proton
Found population proton
Found population proton
Found population proton
Found population proton
Found population proton
Found population proton
Found population proton
Found population proton
Found population proton
Found population proton
Found population proton
Found population proton
Pdiag shape (319, 478, 3)
B shape (319, 478, 3)
Extracted frame BIB_4
run BIB t= 5
Found population proton
Found population proton
Found population proton
Found population proton
Found population proton
Found population proton
Found population proton
Found population proton
Found population proton
Found population proton
Found population proton
Found population proton
Found population proton
Pdiag shape (319, 478, 3)
B shape (319, 478, 3)
Extracted frame BIB_5
run BIB t= 6
Found population proton
Found population proton
Found population proton
Found population proton
Found population proton
Found population proton
Found population proton
Found population proton
Found population proton
Found population proton
Found population proton
Found population proton
Found population proton
Pdiag shape (319, 478, 3)
B shape (319, 478, 3)
Extracted frame BIB_6
run BIB t= 7
Found population proton
Found population proton
Found population proton
Found population proton
Found population proton
Found population proton
Found population proton
Found population proton
Found population proton
Found population proton
Found population proton
Found population proton
Found population proton
Pdiag shape (319, 478, 3)
B shape (319, 478, 3)
Extracted frame BIB_7
run BIB t= 8
Found population proton
Found population proton
Found population proton
Found population proton
Found population proton
Found population proton
Found population proton
Found population proton
Found population proton
Found population proton
Found population proton
Found population proton
Found population proton
Pdiag shape (319, 478, 3)
B shape (319, 478, 3)
Extracted frame BIB_8
run BIB t= 9
Found population proton
Found population proton
Found population proton
Found population proton
Found population proton
Found population proton
Found population proton
Found population proton
Found population proton
Found population proton
Found population proton
Found population proton
Found population proton
Pdiag shape (319, 478, 3)
B shape (319, 478, 3)
Extracted frame BIB_9
run BIB t= 10
Found population proton
Found population proton
Found population proton
Found population proton
Found population proton
Found population proton
Found population proton
Found population proton
Found population proton
Found population proton
Found population proton
Found population proton
Found population proton
Pdiag shape (319, 478, 3)
B shape (319, 478, 3)
Extracted frame BIB_10
run BIB t= 11
Found population proton
Found population proton
Found population proton
Found population proton
Found population proton
Found population proton
Found population proton
Found population proton
Found population proton
Found population proton
Found population proton
Found population proton
Found population proton
Pdiag shape (319, 478, 3)
B shape (319, 478, 3)
Extracted frame BIB_11
run BIB t= 12
Found population proton
Found population proton
Found population proton
Found population proton
Found population proton
Found population proton
Found population proton
Found population proton
Found population proton
Found population proton
Found population proton
Found population proton
Found population proton
Pdiag shape (319, 478, 3)
B shape (319, 478, 3)
Extracted frame BIB_12
run BIB t= 13
Found population proton
Found population proton
Found population proton
Found population proton
Found population proton
Found population proton
Found population proton
Found population proton
Found population proton
Found population proton
Found population proton
Found population proton
Found population proton
Pdiag shape (319, 478, 3)
B shape (319, 478, 3)
Extracted frame BIB_13
run BIB t= 14
Found population proton
Found population proton
Found population proton
Found population proton
Found population proton
Found population proton
Found population proton
Found population proton
Found population proton
Found population proton
Found population proton
Found population proton
Found population proton
Pdiag shape (319, 478, 3)
B shape (319, 478, 3)
Extracted frame BIB_14
run BIB t= 15
Found population proton
Found population proton
Found population proton
Found population proton
Found population proton
Found population proton
Found population proton
Found population proton
Found population proton
Found population proton
Found population proton
Found population proton
Found population proton
Pdiag shape (319, 478, 3)
B shape (319, 478, 3)
Extracted frame BIB_15
run BIB t= 16
Found population proton
Found population proton
Found population proton
Found population proton
Found population proton
Found population proton
Found population proton
Found population proton
Found population proton
Found population proton
Found population proton
Found population proton
Found population proton
Pdiag shape (319, 478, 3)
B shape (319, 478, 3)
Extracted frame BIB_16
run BIB t= 17
Found population proton
Found population proton
Found population proton
Found population proton
Found population proton
Found population proton
Found population proton
Found population proton
Found population proton
Found population proton
Found population proton
Found population proton
Found population proton
Pdiag shape (319, 478, 3)
B shape (319, 478, 3)
Extracted frame BIB_17
run BIB t= 18
Found population proton
Found population proton
Found population proton
Found population proton
Found population proton
Found population proton
Found population proton
Found population proton
Found population proton
Found population proton
Found population proton
Found population proton
Found population proton
Pdiag shape (319, 478, 3)
B shape (319, 478, 3)
Extracted frame BIB_18
run BIB t= 19
Found population proton
Found population proton
Found population proton
Found population proton
Found population proton
Found population proton
Found population proton
Found population proton
Found population proton
Found population proton
Found population proton
Found population proton
Found population proton
Pdiag shape (319, 478, 3)
B shape (319, 478, 3)
Extracted frame BIB_19
run BIB t= 20
Found population proton
Found population proton
Found population proton
Found population proton
Found population proton
Found population proton
Found population proton
Found population proton
Found population proton
Found population proton
Found population proton
Found population proton
Found population proton
Pdiag shape (319, 478, 3)
B shape (319, 478, 3)
Extracted frame BIB_20
run BIB t= 21
Found population proton
Found population proton
Found population proton
Found population proton
Found population proton
Found population proton
Found population proton
Found population proton
Found population proton
Found population proton
Found population proton
Found population proton
Found population proton
Pdiag shape (319, 478, 3)
B shape (319, 478, 3)
Extracted frame BIB_21
run BIB t= 22
Found population proton
Found population proton
Found population proton
Found population proton
Found population proton
Found population proton
Found population proton
Found population proton
Found population proton
Found population proton
Found population proton
Found population proton
Found population proton
Pdiag shape (319, 478, 3)
B shape (319, 478, 3)
Extracted frame BIB_22
run BIB t= 23
Found population proton
Found population proton
Found population proton
Found population proton
Found population proton
Found population proton
Found population proton
Found population proton
Found population proton
Found population proton
Found population proton
Found population proton
Found population proton
Pdiag shape (319, 478, 3)
B shape (319, 478, 3)
Extracted frame BIB_23
run BIB t= 24
Found population proton
Found population proton
Found population proton
Found population proton
Found population proton
Found population proton
Found population proton
Found population proton
Found population proton
Found population proton
Found population proton
Found population proton
Found population proton
Pdiag shape (319, 478, 3)
B shape (319, 478, 3)
Extracted frame BIB_24
run BIB t= 25
Found population proton
Found population proton
Found population proton
Found population proton
Found population proton
Found population proton
Found population proton
Found population proton
Found population proton
Found population proton
Found population proton
Found population proton
Found population proton
Pdiag shape (319, 478, 3)
B shape (319, 478, 3)
Extracted frame BIB_25
run BIB t= 26
Found population proton
Found population proton
Found population proton
Found population proton
Found population proton
Found population proton
Found population proton
Found population proton
Found population proton
Found population proton
Found population proton
Found population proton
Found population proton
Pdiag shape (319, 478, 3)
B shape (319, 478, 3)
Extracted frame BIB_26
run BIB t= 27
Found population proton
Found population proton
Found population proton
Found population proton
Found population proton
Found population proton
Found population proton
Found population proton
Found population proton
Found population proton
Found population proton
Found population proton
Found population proton
Pdiag shape (319, 478, 3)
B shape (319, 478, 3)
Extracted frame BIB_27
run BIB t= 28
Found population proton
Found population proton
Found population proton
Found population proton
Found population proton
Found population proton
Found population proton
Found population proton
Found population proton
Found population proton
Found population proton
Found population proton
Found population proton
Pdiag shape (319, 478, 3)
B shape (319, 478, 3)
Extracted frame BIB_28
run BIB t= 29
Found population proton
Found population proton
Found population proton
Found population proton
Found population proton
Found population proton
Found population proton
Found population proton
Found population proton
Found population proton
Found population proton
Found population proton
Found population proton
Pdiag shape (319, 478, 3)
B shape (319, 478, 3)
Extracted frame BIB_29
run BIB t= 30
Found population proton
Found population proton
Found population proton
Found population proton
Found population proton
Found population proton
Found population proton
Found population proton
Found population proton
Found population proton
Found population proton
Found population proton
Found population proton
Pdiag shape (319, 478, 3)
B shape (319, 478, 3)
Extracted frame BIB_30
run BIB t= 31
Found population proton
Found population proton
Found population proton
Found population proton
Found population proton
Found population proton
Found population proton
Found population proton
Found population proton
Found population proton
Found population proton
Found population proton
Found population proton
Pdiag shape (319, 478, 3)
B shape (319, 478, 3)
Extracted frame BIB_31
run BIB t= 32
Found population proton
Found population proton
Found population proton
Found population proton
Found population proton
Found population proton
Found population proton
Found population proton
Found population proton
Found population proton
Found population proton
Found population proton
Found population proton
Pdiag shape (319, 478, 3)
B shape (319, 478, 3)
Extracted frame BIB_32
run BIB t= 33
Found population proton
Found population proton
Found population proton
Found population proton
Found population proton
Found population proton
Found population proton
Found population proton
Found population proton
Found population proton
Found population proton
Found population proton
Found population proton
Pdiag shape (319, 478, 3)
B shape (319, 478, 3)
Extracted frame BIB_33
run BIB t= 34
Found population proton
Found population proton
Found population proton
Found population proton
Found population proton
Found population proton
Found population proton
Found population proton
Found population proton
Found population proton
Found population proton
Found population proton
Found population proton
Pdiag shape (319, 478, 3)
B shape (319, 478, 3)
Extracted frame BIB_34
run BIB t= 35
Found population proton
Found population proton
Found population proton
Found population proton
Found population proton
Found population proton
Found population proton
Found population proton
Found population proton
Found population proton
Found population proton
Found population proton
Found population proton
Pdiag shape (319, 478, 3)
B shape (319, 478, 3)
Extracted frame BIB_35
run BIB t= 36
Found population proton
Found population proton
Found population proton
Found population proton
Found population proton
Found population proton
Found population proton
Found population proton
Found population proton
Found population proton
Found population proton
Found population proton
Found population proton
Pdiag shape (319, 478, 3)
B shape (319, 478, 3)
Extracted frame BIB_36
run BIB t= 37
Found population proton
Found population proton
Found population proton
Found population proton
Found population proton
Found population proton
Found population proton
Found population proton
Found population proton
Found population proton
Found population proton
Found population proton
Found population proton
Pdiag shape (319, 478, 3)
B shape (319, 478, 3)
Extracted frame BIB_37
run BIB t= 38
Found population proton
Found population proton
Found population proton
Found population proton
Found population proton
Found population proton
Found population proton
Found population proton
Found population proton
Found population proton
Found population proton
Found population proton
Found population proton
Pdiag shape (319, 478, 3)
B shape (319, 478, 3)
Extracted frame BIB_38
run BIB t= 39
Found population proton
Found population proton
Found population proton
Found population proton
Found population proton
Found population proton
Found population proton
Found population proton
Found population proton
Found population proton
Found population proton
Found population proton
Found population proton
Pdiag shape (319, 478, 3)
B shape (319, 478, 3)
Extracted frame BIB_39
run BIB t= 40
Found population proton
Found population proton
Found population proton
Found population proton
Found population proton
Found population proton
Found population proton
Found population proton
Found population proton
Found population proton
Found population proton
Found population proton
Found population proton
Pdiag shape (319, 478, 3)
B shape (319, 478, 3)
Extracted frame BIB_40
run BIB t= 41
Found population proton
Found population proton
Found population proton
Found population proton
Found population proton
Found population proton
Found population proton
Found population proton
Found population proton
Found population proton
Found population proton
Found population proton
Found population proton
Pdiag shape (319, 478, 3)
B shape (319, 478, 3)
Extracted frame BIB_41
run BIB t= 42
Found population proton
Found population proton
Found population proton
Found population proton
Found population proton
Found population proton
Found population proton
Found population proton
Found population proton
Found population proton
Found population proton
Found population proton
Found population proton
Pdiag shape (319, 478, 3)
B shape (319, 478, 3)
Extracted frame BIB_42
run BIB t= 43
Found population proton
Found population proton
Found population proton
Found population proton
Found population proton
Found population proton
Found population proton
Found population proton
Found population proton
Found population proton
Found population proton
Found population proton
Found population proton
Pdiag shape (319, 478, 3)
B shape (319, 478, 3)
Extracted frame BIB_43
run BIB t= 44
Found population proton
Found population proton
Found population proton
Found population proton
Found population proton
Found population proton
Found population proton
Found population proton
Found population proton
Found population proton
Found population proton
Found population proton
Found population proton
Pdiag shape (319, 478, 3)
B shape (319, 478, 3)
Extracted frame BIB_44
run BIB t= 45
Found population proton
Found population proton
Found population proton
Found population proton
Found population proton
Found population proton
Found population proton
Found population proton
Found population proton
Found population proton
Found population proton
Found population proton
Found population proton
Pdiag shape (319, 478, 3)
B shape (319, 478, 3)
Extracted frame BIB_45
run BIB t= 46
Found population proton
Found population proton
Found population proton
Found population proton
Found population proton
Found population proton
Found population proton
Found population proton
Found population proton
Found population proton
Found population proton
Found population proton
Found population proton
Pdiag shape (319, 478, 3)
B shape (319, 478, 3)
Extracted frame BIB_46
run BIB t= 47
Found population proton
Found population proton
Found population proton
Found population proton
Found population proton
Found population proton
Found population proton
Found population proton
Found population proton
Found population proton
Found population proton
Found population proton
Found population proton
Pdiag shape (319, 478, 3)
B shape (319, 478, 3)
Extracted frame BIB_47
run BIB t= 48
Found population proton
Found population proton
Found population proton
Found population proton
Found population proton
Found population proton
Found population proton
Found population proton
Found population proton
Found population proton
Found population proton
Found population proton
Found population proton
Pdiag shape (319, 478, 3)
B shape (319, 478, 3)
Extracted frame BIB_48
run BIB t= 49
Found population proton
Found population proton
Found population proton
Found population proton
Found population proton
Found population proton
Found population proton
Found population proton
Found population proton
Found population proton
Found population proton
Found population proton
Found population proton
Pdiag shape (319, 478, 3)
B shape (319, 478, 3)
Extracted frame BIB_49
run BIB t= 50
Found population proton
Found population proton
Found population proton
Found population proton
Found population proton
Found population proton
Found population proton
Found population proton
Found population proton
Found population proton
Found population proton
Found population proton
Found population proton
Pdiag shape (319, 478, 3)
B shape (319, 478, 3)
Extracted frame BIB_50
run BIB t= 51
Found population proton
Found population proton
Found population proton
Found population proton
Found population proton
Found population proton
Found population proton
Found population proton
Found population proton
Found population proton
Found population proton
Found population proton
Found population proton
Pdiag shape (319, 478, 3)
B shape (319, 478, 3)
Extracted frame BIB_51
run BIB t= 52
Found population proton
Found population proton
Found population proton
Found population proton
Found population proton
Found population proton
Found population proton
Found population proton
Found population proton
Found population proton
Found population proton
Found population proton
Found population proton
Pdiag shape (319, 478, 3)
B shape (319, 478, 3)
Extracted frame BIB_52
run BIB t= 53
Found population proton
Found population proton
Found population proton
Found population proton
Found population proton
Found population proton
Found population proton
Found population proton
Found population proton
Found population proton
Found population proton
Found population proton
Found population proton
Pdiag shape (319, 478, 3)
B shape (319, 478, 3)
Extracted frame BIB_53
run BIB t= 54
Found population proton
Found population proton
Found population proton
Found population proton
Found population proton
Found population proton
Found population proton
Found population proton
Found population proton
Found population proton
Found population proton
Found population proton
Found population proton
Pdiag shape (319, 478, 3)
B shape (319, 478, 3)
Extracted frame BIB_54
run BIB t= 55
Found population proton
Found population proton
Found population proton
Found population proton
Found population proton
Found population proton
Found population proton
Found population proton
Found population proton
Found population proton
Found population proton
Found population proton
Found population proton
Pdiag shape (319, 478, 3)
B shape (319, 478, 3)
Extracted frame BIB_55
run BIB t= 56
Found population proton
Found population proton
Found population proton
Found population proton
Found population proton
Found population proton
Found population proton
Found population proton
Found population proton
Found population proton
Found population proton
Found population proton
Found population proton
Pdiag shape (319, 478, 3)
B shape (319, 478, 3)
Extracted frame BIB_56
run BIB t= 57
Found population proton
Found population proton
Found population proton
Found population proton
Found population proton
Found population proton
Found population proton
Found population proton
Found population proton
Found population proton
Found population proton
Found population proton
Found population proton
Pdiag shape (319, 478, 3)
B shape (319, 478, 3)
Extracted frame BIB_57
run BIB t= 58
Found population proton
Found population proton
Found population proton
Found population proton
Found population proton
Found population proton
Found population proton
Found population proton
Found population proton
Found population proton
Found population proton
Found population proton
Found population proton
Pdiag shape (319, 478, 3)
B shape (319, 478, 3)
Extracted frame BIB_58
run BIB t= 59
Found population proton
Found population proton
Found population proton
Found population proton
Found population proton
Found population proton
Found population proton
Found population proton
Found population proton
Found population proton
Found population proton
Found population proton
Found population proton
Pdiag shape (319, 478, 3)
B shape (319, 478, 3)
Extracted frame BIB_59
run BIB t= 60
Found population proton
Found population proton
Found population proton
Found population proton
Found population proton
Found population proton
Found population proton
Found population proton
Found population proton
Found population proton
Found population proton
Found population proton
Found population proton
Pdiag shape (319, 478, 3)
B shape (319, 478, 3)
Extracted frame BIB_60
run BIB t= 61
Found population proton
Found population proton
Found population proton
Found population proton
Found population proton
Found population proton
Found population proton
Found population proton
Found population proton
Found population proton
Found population proton
Found population proton
Found population proton
Pdiag shape (319, 478, 3)
B shape (319, 478, 3)
Extracted frame BIB_61
run BIB t= 62
Found population proton
Found population proton
Found population proton
Found population proton
Found population proton
Found population proton
Found population proton
Found population proton
Found population proton
Found population proton
Found population proton
Found population proton
Found population proton
Pdiag shape (319, 478, 3)
B shape (319, 478, 3)
Extracted frame BIB_62
run BIB t= 63
Found population proton
Found population proton
Found population proton
Found population proton
Found population proton
Found population proton
Found population proton
Found population proton
Found population proton
Found population proton
Found population proton
Found population proton
Found population proton
Pdiag shape (319, 478, 3)
B shape (319, 478, 3)
Extracted frame BIB_63
run BIB t= 64
Found population proton
Found population proton
Found population proton
Found population proton
Found population proton
Found population proton
Found population proton
Found population proton
Found population proton
Found population proton
Found population proton
Found population proton
Found population proton
Pdiag shape (319, 478, 3)
B shape (319, 478, 3)
Extracted frame BIB_64
run BIB t= 65
Found population proton
Found population proton
Found population proton
Found population proton
Found population proton
Found population proton
Found population proton
Found population proton
Found population proton
Found population proton
Found population proton
Found population proton
Found population proton
Pdiag shape (319, 478, 3)
B shape (319, 478, 3)
Extracted frame BIB_65
run BIB t= 66
Found population proton
Found population proton
Found population proton
Found population proton
Found population proton
Found population proton
Found population proton
Found population proton
Found population proton
Found population proton
Found population proton
Found population proton
Found population proton
Pdiag shape (319, 478, 3)
B shape (319, 478, 3)
Extracted frame BIB_66
run BIB t= 67
Found population proton
Found population proton
Found population proton
Found population proton
Found population proton
Found population proton
Found population proton
Found population proton
Found population proton
Found population proton
Found population proton
Found population proton
Found population proton
Pdiag shape (319, 478, 3)
B shape (319, 478, 3)
Extracted frame BIB_67
run BIB t= 68
Found population proton
Found population proton
Found population proton
Found population proton
Found population proton
Found population proton
Found population proton
Found population proton
Found population proton
Found population proton
Found population proton
Found population proton
Found population proton
Pdiag shape (319, 478, 3)
B shape (319, 478, 3)
Extracted frame BIB_68
run BIB t= 69
Found population proton
Found population proton
Found population proton
Found population proton
Found population proton
Found population proton
Found population proton
Found population proton
Found population proton
Found population proton
Found population proton
Found population proton
Found population proton
Pdiag shape (319, 478, 3)
B shape (319, 478, 3)
Extracted frame BIB_69
run BIB t= 70
Found population proton
Found population proton
Found population proton
Found population proton
Found population proton
Found population proton
Found population proton
Found population proton
Found population proton
Found population proton
Found population proton
Found population proton
Found population proton
Pdiag shape (319, 478, 3)
B shape (319, 478, 3)
Extracted frame BIB_70
run BIB t= 71
Found population proton
Found population proton
Found population proton
Found population proton
Found population proton
Found population proton
Found population proton
Found population proton
Found population proton
Found population proton
Found population proton
Found population proton
Found population proton
Pdiag shape (319, 478, 3)
B shape (319, 478, 3)
Extracted frame BIB_71
run BIB t= 72
Found population proton
Found population proton
Found population proton
Found population proton
Found population proton
Found population proton
Found population proton
Found population proton
Found population proton
Found population proton
Found population proton
Found population proton
Found population proton
Pdiag shape (319, 478, 3)
B shape (319, 478, 3)
Extracted frame BIB_72
run BIB t= 73
Found population proton
Found population proton
Found population proton
Found population proton
Found population proton
Found population proton
Found population proton
Found population proton
Found population proton
Found population proton
Found population proton
Found population proton
Found population proton
Pdiag shape (319, 478, 3)
B shape (319, 478, 3)
Extracted frame BIB_73
run BIB t= 74
Found population proton
Found population proton
Found population proton
Found population proton
Found population proton
Found population proton
Found population proton
Found population proton
Found population proton
Found population proton
Found population proton
Found population proton
Found population proton
Pdiag shape (319, 478, 3)
B shape (319, 478, 3)
Extracted frame BIB_74
run BIB t= 75
Found population proton
Found population proton
Found population proton
Found population proton
Found population proton
Found population proton
Found population proton
Found population proton
Found population proton
Found population proton
Found population proton
Found population proton
Found population proton
Pdiag shape (319, 478, 3)
B shape (319, 478, 3)
Extracted frame BIB_75
run BIB t= 76
Found population proton
Found population proton
Found population proton
Found population proton
Found population proton
Found population proton
Found population proton
Found population proton
Found population proton
Found population proton
Found population proton
Found population proton
Found population proton
Pdiag shape (319, 478, 3)
B shape (319, 478, 3)
Extracted frame BIB_76
run BIB t= 77
Found population proton
Found population proton
Found population proton
Found population proton
Found population proton
Found population proton
Found population proton
Found population proton
Found population proton
Found population proton
Found population proton
Found population proton
Found population proton
Pdiag shape (319, 478, 3)
B shape (319, 478, 3)
Extracted frame BIB_77
run BIB t= 78
Found population proton
Found population proton
Found population proton
Found population proton
Found population proton
Found population proton
Found population proton
Found population proton
Found population proton
Found population proton
Found population proton
Found population proton
Found population proton
Pdiag shape (319, 478, 3)
B shape (319, 478, 3)
Extracted frame BIB_78
run BIB t= 79
Found population proton
Found population proton
Found population proton
Found population proton
Found population proton
Found population proton
Found population proton
Found population proton
Found population proton
Found population proton
Found population proton
Found population proton
Found population proton
Pdiag shape (319, 478, 3)
B shape (319, 478, 3)
Extracted frame BIB_79
run BIB t= 80
Found population proton
Found population proton
Found population proton
Found population proton
Found population proton
Found population proton
Found population proton
Found population proton
Found population proton
Found population proton
Found population proton
Found population proton
Found population proton
Pdiag shape (319, 478, 3)
B shape (319, 478, 3)
Extracted frame BIB_80
run BIB t= 81
Found population proton
Found population proton
Found population proton
Found population proton
Found population proton
Found population proton
Found population proton
Found population proton
Found population proton
Found population proton
Found population proton
Found population proton
Found population proton
Pdiag shape (319, 478, 3)
B shape (319, 478, 3)
Extracted frame BIB_81
run BIB t= 82
Found population proton
Found population proton
Found population proton
Found population proton
Found population proton
Found population proton
Found population proton
Found population proton
Found population proton
Found population proton
Found population proton
Found population proton
Found population proton
Pdiag shape (319, 478, 3)
B shape (319, 478, 3)
Extracted frame BIB_82
run BIB t= 83
Found population proton
Found population proton
Found population proton
Found population proton
Found population proton
Found population proton
Found population proton
Found population proton
Found population proton
Found population proton
Found population proton
Found population proton
Found population proton
Pdiag shape (319, 478, 3)
B shape (319, 478, 3)
Extracted frame BIB_83
run BIB t= 84
Found population proton
Found population proton
Found population proton
Found population proton
Found population proton
Found population proton
Found population proton
Found population proton
Found population proton
Found population proton
Found population proton
Found population proton
Found population proton
Pdiag shape (319, 478, 3)
B shape (319, 478, 3)
Extracted frame BIB_84
run BIB t= 85
Found population proton
Found population proton
Found population proton
Found population proton
Found population proton
Found population proton
Found population proton
Found population proton
Found population proton
Found population proton
Found population proton
Found population proton
Found population proton
Pdiag shape (319, 478, 3)
B shape (319, 478, 3)
Extracted frame BIB_85
run BIB t= 86
Found population proton
Found population proton
Found population proton
Found population proton
Found population proton
Found population proton
Found population proton
Found population proton
Found population proton
Found population proton
Found population proton
Found population proton
Found population proton
Pdiag shape (319, 478, 3)
B shape (319, 478, 3)
Extracted frame BIB_86
run BIB t= 87
Found population proton
Found population proton
Found population proton
Found population proton
Found population proton
Found population proton
Found population proton
Found population proton
Found population proton
Found population proton
Found population proton
Found population proton
Found population proton
Pdiag shape (319, 478, 3)
B shape (319, 478, 3)
Extracted frame BIB_87
run BIB t= 88
Found population proton
Found population proton
Found population proton
Found population proton
Found population proton
Found population proton
Found population proton
Found population proton
Found population proton
Found population proton
Found population proton
Found population proton
Found population proton
Pdiag shape (319, 478, 3)
B shape (319, 478, 3)
Extracted frame BIB_88
run BIB t= 89
Found population proton
Found population proton
Found population proton
Found population proton
Found population proton
Found population proton
Found population proton
Found population proton
Found population proton
Found population proton
Found population proton
Found population proton
Found population proton
Pdiag shape (319, 478, 3)
B shape (319, 478, 3)
Extracted frame BIB_89
run BIB t= 90
Found population proton
Found population proton
Found population proton
Found population proton
Found population proton
Found population proton
Found population proton
Found population proton
Found population proton
Found population proton
Found population proton
Found population proton
Found population proton
Pdiag shape (319, 478, 3)
B shape (319, 478, 3)
Extracted frame BIB_90
run BIB t= 91
Found population proton
Found population proton
Found population proton
Found population proton
Found population proton
Found population proton
Found population proton
Found population proton
Found population proton
Found population proton
Found population proton
Found population proton
Found population proton
Pdiag shape (319, 478, 3)
B shape (319, 478, 3)
Extracted frame BIB_91
run BIB t= 92
Found population proton
Found population proton
Found population proton
Found population proton
Found population proton
Found population proton
Found population proton
Found population proton
Found population proton
Found population proton
Found population proton
Found population proton
Found population proton
Pdiag shape (319, 478, 3)
B shape (319, 478, 3)
Extracted frame BIB_92
run BIB t= 93
Found population proton
Found population proton
Found population proton
Found population proton
Found population proton
Found population proton
Found population proton
Found population proton
Found population proton
Found population proton
Found population proton
Found population proton
Found population proton
Pdiag shape (319, 478, 3)
B shape (319, 478, 3)
Extracted frame BIB_93
run BIB t= 94
Found population proton
Found population proton
Found population proton
Found population proton
Found population proton
Found population proton
Found population proton
Found population proton
Found population proton
Found population proton
Found population proton
Found population proton
Found population proton
Pdiag shape (319, 478, 3)
B shape (319, 478, 3)
Extracted frame BIB_94
run BIB t= 95
Found population proton
Found population proton
Found population proton
Found population proton
Found population proton
Found population proton
Found population proton
Found population proton
Found population proton
Found population proton
Found population proton
Found population proton
Found population proton
Pdiag shape (319, 478, 3)
B shape (319, 478, 3)
Extracted frame BIB_95
run BIB t= 96
Found population proton
Found population proton
Found population proton
Found population proton
Found population proton
Found population proton
Found population proton
Found population proton
Found population proton
Found population proton
Found population proton
Found population proton
Found population proton
Pdiag shape (319, 478, 3)
B shape (319, 478, 3)
Extracted frame BIB_96
run BIB t= 97
Found population proton
Found population proton
Found population proton
Found population proton
Found population proton
Found population proton
Found population proton
Found population proton
Found population proton
Found population proton
Found population proton
Found population proton
Found population proton
Pdiag shape (319, 478, 3)
B shape (319, 478, 3)
Extracted frame BIB_97
run BIB t= 98
Found population proton
Found population proton
Found population proton
Found population proton
Found population proton
Found population proton
Found population proton
Found population proton
Found population proton
Found population proton
Found population proton
Found population proton
Found population proton
Pdiag shape (319, 478, 3)
B shape (319, 478, 3)
Extracted frame BIB_98
run BIB t= 99
Found population proton
Found population proton
Found population proton
Found population proton
Found population proton
Found population proton
Found population proton
Found population proton
Found population proton
Found population proton
Found population proton
Found population proton
Found population proton
Pdiag shape (319, 478, 3)
B shape (319, 478, 3)
Extracted frame BIB_99
run BIB t= 100
Found population proton
Found population proton
Found population proton
Found population proton
Found population proton
Found population proton
Found population proton
Found population proton
Found population proton
Found population proton
Found population proton
Found population proton
Found population proton
Pdiag shape (319, 478, 3)
B shape (319, 478, 3)
Extracted frame BIB_100
run BIB t= 101
Found population proton
Found population proton
Found population proton
Found population proton
Found population proton
Found population proton
Found population proton
Found population proton
Found population proton
Found population proton
Found population proton
Found population proton
Found population proton
Pdiag shape (319, 478, 3)
B shape (319, 478, 3)
Extracted frame BIB_101
run BIB t= 102
Found population proton
Found population proton
Found population proton
Found population proton
Found population proton
Found population proton
Found population proton
Found population proton
Found population proton
Found population proton
Found population proton
Found population proton
Found population proton
Pdiag shape (319, 478, 3)
B shape (319, 478, 3)
Extracted frame BIB_102
run BIB t= 103
Found population proton
Found population proton
Found population proton
Found population proton
Found population proton
Found population proton
Found population proton
Found population proton
Found population proton
Found population proton
Found population proton
Found population proton
Found population proton
Pdiag shape (319, 478, 3)
B shape (319, 478, 3)
Extracted frame BIB_103
run BIB t= 104
Found population proton
Found population proton
Found population proton
Found population proton
Found population proton
Found population proton
Found population proton
Found population proton
Found population proton
Found population proton
Found population proton
Found population proton
Found population proton
Pdiag shape (319, 478, 3)
B shape (319, 478, 3)
Extracted frame BIB_104
run BIB t= 105
Found population proton
Found population proton
Found population proton
Found population proton
Found population proton
Found population proton
Found population proton
Found population proton
Found population proton
Found population proton
Found population proton
Found population proton
Found population proton
Pdiag shape (319, 478, 3)
B shape (319, 478, 3)
Extracted frame BIB_105
run BIB t= 106
Found population proton
Found population proton
Found population proton
Found population proton
Found population proton
Found population proton
Found population proton
Found population proton
Found population proton
Found population proton
Found population proton
Found population proton
Found population proton
Pdiag shape (319, 478, 3)
B shape (319, 478, 3)
Extracted frame BIB_106
run BIB t= 107
Found population proton
Found population proton
Found population proton
Found population proton
Found population proton
Found population proton
Found population proton
Found population proton
Found population proton
Found population proton
Found population proton
Found population proton
Found population proton
Pdiag shape (319, 478, 3)
B shape (319, 478, 3)
Extracted frame BIB_107
run BIB t= 108
Found population proton
Found population proton
Found population proton
Found population proton
Found population proton
Found population proton
Found population proton
Found population proton
Found population proton
Found population proton
Found population proton
Found population proton
Found population proton
Pdiag shape (319, 478, 3)
B shape (319, 478, 3)
Extracted frame BIB_108
run BIB t= 109
Found population proton
Found population proton
Found population proton
Found population proton
Found population proton
Found population proton
Found population proton
Found population proton
Found population proton
Found population proton
Found population proton
Found population proton
Found population proton
Pdiag shape (319, 478, 3)
B shape (319, 478, 3)
Extracted frame BIB_109
run BIB t= 110
Found population proton
Found population proton
Found population proton
Found population proton
Found population proton
Found population proton
Found population proton
Found population proton
Found population proton
Found population proton
Found population proton
Found population proton
Found population proton
Pdiag shape (319, 478, 3)
B shape (319, 478, 3)
Extracted frame BIB_110
run BIB t= 111
Found population proton
Found population proton
Found population proton
Found population proton
Found population proton
Found population proton
Found population proton
Found population proton
Found population proton
Found population proton
Found population proton
Found population proton
Found population proton
Pdiag shape (319, 478, 3)
B shape (319, 478, 3)
Extracted frame BIB_111
run BIB t= 112
Found population proton
Found population proton
Found population proton
Found population proton
Found population proton
Found population proton
Found population proton
Found population proton
Found population proton
Found population proton
Found population proton
Found population proton
Found population proton
Pdiag shape (319, 478, 3)
B shape (319, 478, 3)
Extracted frame BIB_112
run BIB t= 113
Found population proton
Found population proton
Found population proton
Found population proton
Found population proton
Found population proton
Found population proton
Found population proton
Found population proton
Found population proton
Found population proton
Found population proton
Found population proton
Pdiag shape (319, 478, 3)
B shape (319, 478, 3)
Extracted frame BIB_113
run BIB t= 114
Found population proton
Found population proton
Found population proton
Found population proton
Found population proton
Found population proton
Found population proton
Found population proton
Found population proton
Found population proton
Found population proton
Found population proton
Found population proton
Pdiag shape (319, 478, 3)
B shape (319, 478, 3)
Extracted frame BIB_114
run BIB t= 115
Found population proton
Found population proton
Found population proton
Found population proton
Found population proton
Found population proton
Found population proton
Found population proton
Found population proton
Found population proton
Found population proton
Found population proton
Found population proton
Pdiag shape (319, 478, 3)
B shape (319, 478, 3)
Extracted frame BIB_115
run BIB t= 116
Found population proton
Found population proton
Found population proton
Found population proton
Found population proton
Found population proton
Found population proton
Found population proton
Found population proton
Found population proton
Found population proton
Found population proton
Found population proton
Pdiag shape (319, 478, 3)
B shape (319, 478, 3)
Extracted frame BIB_116
run BIB t= 117
Found population proton
Found population proton
Found population proton
Found population proton
Found population proton
Found population proton
Found population proton
Found population proton
Found population proton
Found population proton
Found population proton
Found population proton
Found population proton
Pdiag shape (319, 478, 3)
B shape (319, 478, 3)
Extracted frame BIB_117
run BIB t= 118
Found population proton
Found population proton
Found population proton
Found population proton
Found population proton
Found population proton
Found population proton
Found population proton
Found population proton
Found population proton
Found population proton
Found population proton
Found population proton
Pdiag shape (319, 478, 3)
B shape (319, 478, 3)
Extracted frame BIB_118
run BIB t= 119
Found population proton
Found population proton
Found population proton
Found population proton
Found population proton
Found population proton
Found population proton
Found population proton
Found population proton
Found population proton
Found population proton
Found population proton
Found population proton
Pdiag shape (319, 478, 3)
B shape (319, 478, 3)
Extracted frame BIB_119
run BIB t= 120
Found population proton
Found population proton
Found population proton
Found population proton
Found population proton
Found population proton
Found population proton
Found population proton
Found population proton
Found population proton
Found population proton
Found population proton
Found population proton
Pdiag shape (319, 478, 3)
B shape (319, 478, 3)
Extracted frame BIB_120
run BIB t= 121
Found population proton
Found population proton
Found population proton
Found population proton
Found population proton
Found population proton
Found population proton
Found population proton
Found population proton
Found population proton
Found population proton
Found population proton
Found population proton
Pdiag shape (319, 478, 3)
B shape (319, 478, 3)
Extracted frame BIB_121
run BIB t= 122
Found population proton
Found population proton
Found population proton
Found population proton
Found population proton
Found population proton
Found population proton
Found population proton
Found population proton
Found population proton
Found population proton
Found population proton
Found population proton
Pdiag shape (319, 478, 3)
B shape (319, 478, 3)
Extracted frame BIB_122
run BIB t= 123
Found population proton
Found population proton
Found population proton
Found population proton
Found population proton
Found population proton
Found population proton
Found population proton
Found population proton
Found population proton
Found population proton
Found population proton
Found population proton
Pdiag shape (319, 478, 3)
B shape (319, 478, 3)
Extracted frame BIB_123
run BIB t= 124
Found population proton
Found population proton
Found population proton
Found population proton
Found population proton
Found population proton
Found population proton
Found population proton
Found population proton
Found population proton
Found population proton
Found population proton
Found population proton
Pdiag shape (319, 478, 3)
B shape (319, 478, 3)
Extracted frame BIB_124
run BIB t= 125
Found population proton
Found population proton
Found population proton
Found population proton
Found population proton
Found population proton
Found population proton
Found population proton
Found population proton
Found population proton
Found population proton
Found population proton
Found population proton
Pdiag shape (319, 478, 3)
B shape (319, 478, 3)
Extracted frame BIB_125
run BIB t= 126
Found population proton
Found population proton
Found population proton
Found population proton
Found population proton
Found population proton
Found population proton
Found population proton
Found population proton
Found population proton
Found population proton
Found population proton
Found population proton
Pdiag shape (319, 478, 3)
B shape (319, 478, 3)
Extracted frame BIB_126
run BIB t= 127
Found population proton
Found population proton
Found population proton
Found population proton
Found population proton
Found population proton
Found population proton
Found population proton
Found population proton
Found population proton
Found population proton
Found population proton
Found population proton
Pdiag shape (319, 478, 3)
B shape (319, 478, 3)
Extracted frame BIB_127
run BIB t= 128
Found population proton
Found population proton
Found population proton
Found population proton
Found population proton
Found population proton
Found population proton
Found population proton
Found population proton
Found population proton
Found population proton
Found population proton
Found population proton
Pdiag shape (319, 478, 3)
B shape (319, 478, 3)
Extracted frame BIB_128
run BIB t= 129
Found population proton
Found population proton
Found population proton
Found population proton
Found population proton
Found population proton
Found population proton
Found population proton
Found population proton
Found population proton
Found population proton
Found population proton
Found population proton
Pdiag shape (319, 478, 3)
B shape (319, 478, 3)
Extracted frame BIB_129
run BIB t= 130
Found population proton
Found population proton
Found population proton
Found population proton
Found population proton
Found population proton
Found population proton
Found population proton
Found population proton
Found population proton
Found population proton
Found population proton
Found population proton
Pdiag shape (319, 478, 3)
B shape (319, 478, 3)
Extracted frame BIB_130
run BIB t= 131
Found population proton
Found population proton
Found population proton
Found population proton
Found population proton
Found population proton
Found population proton
Found population proton
Found population proton
Found population proton
Found population proton
Found population proton
Found population proton
Pdiag shape (319, 478, 3)
B shape (319, 478, 3)
Extracted frame BIB_131
run BIB t= 132
Found population proton
Found population proton
Found population proton
Found population proton
Found population proton
Found population proton
Found population proton
Found population proton
Found population proton
Found population proton
Found population proton
Found population proton
Found population proton
Pdiag shape (319, 478, 3)
B shape (319, 478, 3)
Extracted frame BIB_132
run BIB t= 133
Found population proton
Found population proton
Found population proton
Found population proton
Found population proton
Found population proton
Found population proton
Found population proton
Found population proton
Found population proton
Found population proton
Found population proton
Found population proton
Pdiag shape (319, 478, 3)
B shape (319, 478, 3)
Extracted frame BIB_133
run BIB t= 134
Found population proton
Found population proton
Found population proton
Found population proton
Found population proton
Found population proton
Found population proton
Found population proton
Found population proton
Found population proton
Found population proton
Found population proton
Found population proton
Pdiag shape (319, 478, 3)
B shape (319, 478, 3)
Extracted frame BIB_134
run BIB t= 135
Found population proton
Found population proton
Found population proton
Found population proton
Found population proton
Found population proton
Found population proton
Found population proton
Found population proton
Found population proton
Found population proton
Found population proton
Found population proton
Pdiag shape (319, 478, 3)
B shape (319, 478, 3)
Extracted frame BIB_135
run BIB t= 136
Found population proton
Found population proton
Found population proton
Found population proton
Found population proton
Found population proton
Found population proton
Found population proton
Found population proton
Found population proton
Found population proton
Found population proton
Found population proton
Pdiag shape (319, 478, 3)
B shape (319, 478, 3)
Extracted frame BIB_136
run BIB t= 137
Found population proton
Found population proton
Found population proton
Found population proton
Found population proton
Found population proton
Found population proton
Found population proton
Found population proton
Found population proton
Found population proton
Found population proton
Found population proton
Pdiag shape (319, 478, 3)
B shape (319, 478, 3)
Extracted frame BIB_137
run BIB t= 138
Found population proton
Found population proton
Found population proton
Found population proton
Found population proton
Found population proton
Found population proton
Found population proton
Found population proton
Found population proton
Found population proton
Found population proton
Found population proton
Pdiag shape (319, 478, 3)
B shape (319, 478, 3)
Extracted frame BIB_138
run BIB t= 139
Found population proton
Found population proton
Found population proton
Found population proton
Found population proton
Found population proton
Found population proton
Found population proton
Found population proton
Found population proton
Found population proton
Found population proton
Found population proton
Pdiag shape (319, 478, 3)
B shape (319, 478, 3)
Extracted frame BIB_139
run BIB t= 140
Found population proton
Found population proton
Found population proton
Found population proton
Found population proton
Found population proton
Found population proton
Found population proton
Found population proton
Found population proton
Found population proton
Found population proton
Found population proton
Pdiag shape (319, 478, 3)
B shape (319, 478, 3)
Extracted frame BIB_140
run BIB t= 141
Found population proton
Found population proton
Found population proton
Found population proton
Found population proton
Found population proton
Found population proton
Found population proton
Found population proton
Found population proton
Found population proton
Found population proton
Found population proton
Pdiag shape (319, 478, 3)
B shape (319, 478, 3)
Extracted frame BIB_141
run BIB t= 142
Found population proton
Found population proton
Found population proton
Found population proton
Found population proton
Found population proton
Found population proton
Found population proton
Found population proton
Found population proton
Found population proton
Found population proton
Found population proton
Pdiag shape (319, 478, 3)
B shape (319, 478, 3)
Extracted frame BIB_142
run BIB t= 143
Found population proton
Found population proton
Found population proton
Found population proton
Found population proton
Found population proton
Found population proton
Found population proton
Found population proton
Found population proton
Found population proton
Found population proton
Found population proton
Pdiag shape (319, 478, 3)
B shape (319, 478, 3)
Extracted frame BIB_143
run BIB t= 144
Found population proton
Found population proton
Found population proton
Found population proton
Found population proton
Found population proton
Found population proton
Found population proton
Found population proton
Found population proton
Found population proton
Found population proton
Found population proton
Pdiag shape (319, 478, 3)
B shape (319, 478, 3)
Extracted frame BIB_144
run BIB t= 145
Found population proton
Found population proton
Found population proton
Found population proton
Found population proton
Found population proton
Found population proton
Found population proton
Found population proton
Found population proton
Found population proton
Found population proton
Found population proton
Pdiag shape (319, 478, 3)
B shape (319, 478, 3)
Extracted frame BIB_145
run BIB t= 146
Found population proton
Found population proton
Found population proton
Found population proton
Found population proton
Found population proton
Found population proton
Found population proton
Found population proton
Found population proton
Found population proton
Found population proton
Found population proton
Pdiag shape (319, 478, 3)
B shape (319, 478, 3)
Extracted frame BIB_146
run BIB t= 147
Found population proton
Found population proton
Found population proton
Found population proton
Found population proton
Found population proton
Found population proton
Found population proton
Found population proton
Found population proton
Found population proton
Found population proton
Found population proton
Pdiag shape (319, 478, 3)
B shape (319, 478, 3)
Extracted frame BIB_147
run BIB t= 148
Found population proton
Found population proton
Found population proton
Found population proton
Found population proton
Found population proton
Found population proton
Found population proton
Found population proton
Found population proton
Found population proton
Found population proton
Found population proton
Pdiag shape (319, 478, 3)
B shape (319, 478, 3)
Extracted frame BIB_148
run BIB t= 149
Found population proton
Found population proton
Found population proton
Found population proton
Found population proton
Found population proton
Found population proton
Found population proton
Found population proton
Found population proton
Found population proton
Found population proton
Found population proton
Pdiag shape (319, 478, 3)
B shape (319, 478, 3)
Extracted frame BIB_149
run BIB t= 150
Found population proton
Found population proton
Found population proton
Found population proton
Found population proton
Found population proton
Found population proton
Found population proton
Found population proton
Found population proton
Found population proton
Found population proton
Found population proton
Pdiag shape (319, 478, 3)
B shape (319, 478, 3)
Extracted frame BIB_150
run BIB t= 151
Found population proton
Found population proton
Found population proton
Found population proton
Found population proton
Found population proton
Found population proton
Found population proton
Found population proton
Found population proton
Found population proton
Found population proton
Found population proton
Pdiag shape (319, 478, 3)
B shape (319, 478, 3)
Extracted frame BIB_151
run BIB t= 152
Found population proton
Found population proton
Found population proton
Found population proton
Found population proton
Found population proton
Found population proton
Found population proton
Found population proton
Found population proton
Found population proton
Found population proton
Found population proton
Pdiag shape (319, 478, 3)
B shape (319, 478, 3)
Extracted frame BIB_152
run BIB t= 153
Found population proton
Found population proton
Found population proton
Found population proton
Found population proton
Found population proton
Found population proton
Found population proton
Found population proton
Found population proton
Found population proton
Found population proton
Found population proton
Pdiag shape (319, 478, 3)
B shape (319, 478, 3)
Extracted frame BIB_153
run BIB t= 154
Found population proton
Found population proton
Found population proton
Found population proton
Found population proton
Found population proton
Found population proton
Found population proton
Found population proton
Found population proton
Found population proton
Found population proton
Found population proton
Pdiag shape (319, 478, 3)
B shape (319, 478, 3)
Extracted frame BIB_154
run BIB t= 155
Found population proton
Found population proton
Found population proton
Found population proton
Found population proton
Found population proton
Found population proton
Found population proton
Found population proton
Found population proton
Found population proton
Found population proton
Found population proton
Pdiag shape (319, 478, 3)
B shape (319, 478, 3)
Extracted frame BIB_155
run BIB t= 156
Found population proton
Found population proton
Found population proton
Found population proton
Found population proton
Found population proton
Found population proton
Found population proton
Found population proton
Found population proton
Found population proton
Found population proton
Found population proton
Pdiag shape (319, 478, 3)
B shape (319, 478, 3)
Extracted frame BIB_156
run BIB t= 157
Found population proton
Found population proton
Found population proton
Found population proton
Found population proton
Found population proton
Found population proton
Found population proton
Found population proton
Found population proton
Found population proton
Found population proton
Found population proton
Pdiag shape (319, 478, 3)
B shape (319, 478, 3)
Extracted frame BIB_157
run BIB t= 158
Found population proton
Found population proton
Found population proton
Found population proton
Found population proton
Found population proton
Found population proton
Found population proton
Found population proton
Found population proton
Found population proton
Found population proton
Found population proton
Pdiag shape (319, 478, 3)
B shape (319, 478, 3)
Extracted frame BIB_158
run BIB t= 159
Found population proton
Found population proton
Found population proton
Found population proton
Found population proton
Found population proton
Found population proton
Found population proton
Found population proton
Found population proton
Found population proton
Found population proton
Found population proton
Pdiag shape (319, 478, 3)
B shape (319, 478, 3)
Extracted frame BIB_159
run BIB t= 160
Found population proton
Found population proton
Found population proton
Found population proton
Found population proton
Found population proton
Found population proton
Found population proton
Found population proton
Found population proton
Found population proton
Found population proton
Found population proton
Pdiag shape (319, 478, 3)
B shape (319, 478, 3)
Extracted frame BIB_160
run BIB t= 161
Found population proton
Found population proton
Found population proton
Found population proton
Found population proton
Found population proton
Found population proton
Found population proton
Found population proton
Found population proton
Found population proton
Found population proton
Found population proton
Pdiag shape (319, 478, 3)
B shape (319, 478, 3)
Extracted frame BIB_161
run BIB t= 162
Found population proton
Found population proton
Found population proton
Found population proton
Found population proton
Found population proton
Found population proton
Found population proton
Found population proton
Found population proton
Found population proton
Found population proton
Found population proton
Pdiag shape (319, 478, 3)
B shape (319, 478, 3)
Extracted frame BIB_162
run BIB t= 163
Found population proton
Found population proton
Found population proton
Found population proton
Found population proton
Found population proton
Found population proton
Found population proton
Found population proton
Found population proton
Found population proton
Found population proton
Found population proton
Pdiag shape (319, 478, 3)
B shape (319, 478, 3)
Extracted frame BIB_163
run BIB t= 164
Found population proton
Found population proton
Found population proton
Found population proton
Found population proton
Found population proton
Found population proton
Found population proton
Found population proton
Found population proton
Found population proton
Found population proton
Found population proton
Pdiag shape (319, 478, 3)
B shape (319, 478, 3)
Extracted frame BIB_164
run BIB t= 165
Found population proton
Found population proton
Found population proton
Found population proton
Found population proton
Found population proton
Found population proton
Found population proton
Found population proton
Found population proton
Found population proton
Found population proton
Found population proton
Pdiag shape (319, 478, 3)
B shape (319, 478, 3)
Extracted frame BIB_165
run BIB t= 166
Found population proton
Found population proton
Found population proton
Found population proton
Found population proton
Found population proton
Found population proton
Found population proton
Found population proton
Found population proton
Found population proton
Found population proton
Found population proton
Pdiag shape (319, 478, 3)
B shape (319, 478, 3)
Extracted frame BIB_166
run BIB t= 167
Found population proton
Found population proton
Found population proton
Found population proton
Found population proton
Found population proton
Found population proton
Found population proton
Found population proton
Found population proton
Found population proton
Found population proton
Found population proton
Pdiag shape (319, 478, 3)
B shape (319, 478, 3)
Extracted frame BIB_167
run BIB t= 168
Found population proton
Found population proton
Found population proton
Found population proton
Found population proton
Found population proton
Found population proton
Found population proton
Found population proton
Found population proton
Found population proton
Found population proton
Found population proton
Pdiag shape (319, 478, 3)
B shape (319, 478, 3)
Extracted frame BIB_168
run BIB t= 169
Found population proton
Found population proton
Found population proton
Found population proton
Found population proton
Found population proton
Found population proton
Found population proton
Found population proton
Found population proton
Found population proton
Found population proton
Found population proton
Pdiag shape (319, 478, 3)
B shape (319, 478, 3)
Extracted frame BIB_169
run BIB t= 170
Found population proton
Found population proton
Found population proton
Found population proton
Found population proton
Found population proton
Found population proton
Found population proton
Found population proton
Found population proton
Found population proton
Found population proton
Found population proton
Pdiag shape (319, 478, 3)
B shape (319, 478, 3)
Extracted frame BIB_170
run BIB t= 171
Found population proton
Found population proton
Found population proton
Found population proton
Found population proton
Found population proton
Found population proton
Found population proton
Found population proton
Found population proton
Found population proton
Found population proton
Found population proton
Pdiag shape (319, 478, 3)
B shape (319, 478, 3)
Extracted frame BIB_171
run BIB t= 172
Found population proton
Found population proton
Found population proton
Found population proton
Found population proton
Found population proton
Found population proton
Found population proton
Found population proton
Found population proton
Found population proton
Found population proton
Found population proton
Pdiag shape (319, 478, 3)
B shape (319, 478, 3)
Extracted frame BIB_172
run BIB t= 173
Found population proton
Found population proton
Found population proton
Found population proton
Found population proton
Found population proton
Found population proton
Found population proton
Found population proton
Found population proton
Found population proton
Found population proton
Found population proton
Pdiag shape (319, 478, 3)
B shape (319, 478, 3)
Extracted frame BIB_173
run BIB t= 174
Found population proton
Found population proton
Found population proton
Found population proton
Found population proton
Found population proton
Found population proton
Found population proton
Found population proton
Found population proton
Found population proton
Found population proton
Found population proton
Pdiag shape (319, 478, 3)
B shape (319, 478, 3)
Extracted frame BIB_174
run BIB t= 175
Found population proton
Found population proton
Found population proton
Found population proton
Found population proton
Found population proton
Found population proton
Found population proton
Found population proton
Found population proton
Found population proton
Found population proton
Found population proton
Pdiag shape (319, 478, 3)
B shape (319, 478, 3)
Extracted frame BIB_175
run BIB t= 176
Found population proton
Found population proton
Found population proton
Found population proton
Found population proton
Found population proton
Found population proton
Found population proton
Found population proton
Found population proton
Found population proton
Found population proton
Found population proton
Pdiag shape (319, 478, 3)
B shape (319, 478, 3)
Extracted frame BIB_176
run BIB t= 177
Found population proton
Found population proton
Found population proton
Found population proton
Found population proton
Found population proton
Found population proton
Found population proton
Found population proton
Found population proton
Found population proton
Found population proton
Found population proton
Pdiag shape (319, 478, 3)
B shape (319, 478, 3)
Extracted frame BIB_177
run BIB t= 178
Found population proton
Found population proton
Found population proton
Found population proton
Found population proton
Found population proton
Found population proton
Found population proton
Found population proton
Found population proton
Found population proton
Found population proton
Found population proton
Pdiag shape (319, 478, 3)
B shape (319, 478, 3)
Extracted frame BIB_178
run BIB t= 179
Found population proton
Found population proton
Found population proton
Found population proton
Found population proton
Found population proton
Found population proton
Found population proton
Found population proton
Found population proton
Found population proton
Found population proton
Found population proton
Pdiag shape (319, 478, 3)
B shape (319, 478, 3)
Extracted frame BIB_179
run BIB t= 180
Found population proton
Found population proton
Found population proton
Found population proton
Found population proton
Found population proton
Found population proton
Found population proton
Found population proton
Found population proton
Found population proton
Found population proton
Found population proton
Pdiag shape (319, 478, 3)
B shape (319, 478, 3)
Extracted frame BIB_180
run BIB t= 181
Found population proton
Found population proton
Found population proton
Found population proton
Found population proton
Found population proton
Found population proton
Found population proton
Found population proton
Found population proton
Found population proton
Found population proton
Found population proton
Pdiag shape (319, 478, 3)
B shape (319, 478, 3)
Extracted frame BIB_181
run BIB t= 182
Found population proton
Found population proton
Found population proton
Found population proton
Found population proton
Found population proton
Found population proton
Found population proton
Found population proton
Found population proton
Found population proton
Found population proton
Found population proton
Pdiag shape (319, 478, 3)
B shape (319, 478, 3)
Extracted frame BIB_182
run BIB t= 183
Found population proton
Found population proton
Found population proton
Found population proton
Found population proton
Found population proton
Found population proton
Found population proton
Found population proton
Found population proton
Found population proton
Found population proton
Found population proton
Pdiag shape (319, 478, 3)
B shape (319, 478, 3)
Extracted frame BIB_183
run BIB t= 184
Found population proton
Found population proton
Found population proton
Found population proton
Found population proton
Found population proton
Found population proton
Found population proton
Found population proton
Found population proton
Found population proton
Found population proton
Found population proton
Pdiag shape (319, 478, 3)
B shape (319, 478, 3)
Extracted frame BIB_184
run BIB t= 185
Found population proton
Found population proton
Found population proton
Found population proton
Found population proton
Found population proton
Found population proton
Found population proton
Found population proton
Found population proton
Found population proton
Found population proton
Found population proton
Pdiag shape (319, 478, 3)
B shape (319, 478, 3)
Extracted frame BIB_185
run BIB t= 186
Found population proton
Found population proton
Found population proton
Found population proton
Found population proton
Found population proton
Found population proton
Found population proton
Found population proton
Found population proton
Found population proton
Found population proton
Found population proton
Pdiag shape (319, 478, 3)
B shape (319, 478, 3)
Extracted frame BIB_186
run BIB t= 187
Found population proton
Found population proton
Found population proton
Found population proton
Found population proton
Found population proton
Found population proton
Found population proton
Found population proton
Found population proton
Found population proton
Found population proton
Found population proton
Pdiag shape (319, 478, 3)
B shape (319, 478, 3)
Extracted frame BIB_187
run BIB t= 188
Found population proton
Found population proton
Found population proton
Found population proton
Found population proton
Found population proton
Found population proton
Found population proton
Found population proton
Found population proton
Found population proton
Found population proton
Found population proton
Pdiag shape (319, 478, 3)
B shape (319, 478, 3)
Extracted frame BIB_188
run BIB t= 189
Found population proton
Found population proton
Found population proton
Found population proton
Found population proton
Found population proton
Found population proton
Found population proton
Found population proton
Found population proton
Found population proton
Found population proton
Found population proton
Pdiag shape (319, 478, 3)
B shape (319, 478, 3)
Extracted frame BIB_189
run BIB t= 190
Found population proton
Found population proton
Found population proton
Found population proton
Found population proton
Found population proton
Found population proton
Found population proton
Found population proton
Found population proton
Found population proton
Found population proton
Found population proton
Pdiag shape (319, 478, 3)
B shape (319, 478, 3)
Extracted frame BIB_190
run BIB t= 191
Found population proton
Found population proton
Found population proton
Found population proton
Found population proton
Found population proton
Found population proton
Found population proton
Found population proton
Found population proton
Found population proton
Found population proton
Found population proton
Pdiag shape (319, 478, 3)
B shape (319, 478, 3)
Extracted frame BIB_191
run BIB t= 192
Found population proton
Found population proton
Found population proton
Found population proton
Found population proton
Found population proton
Found population proton
Found population proton
Found population proton
Found population proton
Found population proton
Found population proton
Found population proton
Pdiag shape (319, 478, 3)
B shape (319, 478, 3)
Extracted frame BIB_192
run BIB t= 193
Found population proton
Found population proton
Found population proton
Found population proton
Found population proton
Found population proton
Found population proton
Found population proton
Found population proton
Found population proton
Found population proton
Found population proton
Found population proton
Pdiag shape (319, 478, 3)
B shape (319, 478, 3)
Extracted frame BIB_193
run BIB t= 194
Found population proton
Found population proton
Found population proton
Found population proton
Found population proton
Found population proton
Found population proton
Found population proton
Found population proton
Found population proton
Found population proton
Found population proton
Found population proton
Pdiag shape (319, 478, 3)
B shape (319, 478, 3)
Extracted frame BIB_194
run BIB t= 195
Found population proton
Found population proton
Found population proton
Found population proton
Found population proton
Found population proton
Found population proton
Found population proton
Found population proton
Found population proton
Found population proton
Found population proton
Found population proton
Pdiag shape (319, 478, 3)
B shape (319, 478, 3)
Extracted frame BIB_195
run BIB t= 196
Found population proton
Found population proton
Found population proton
Found population proton
Found population proton
Found population proton
Found population proton
Found population proton
Found population proton
Found population proton
Found population proton
Found population proton
Found population proton
Pdiag shape (319, 478, 3)
B shape (319, 478, 3)
Extracted frame BIB_196
run BIB t= 197
Found population proton
Found population proton
Found population proton
Found population proton
Found population proton
Found population proton
Found population proton
Found population proton
Found population proton
Found population proton
Found population proton
Found population proton
Found population proton
Pdiag shape (319, 478, 3)
B shape (319, 478, 3)
Extracted frame BIB_197
run BIB t= 198
Found population proton
Found population proton
Found population proton
Found population proton
Found population proton
Found population proton
Found population proton
Found population proton
Found population proton
Found population proton
Found population proton
Found population proton
Found population proton
Pdiag shape (319, 478, 3)
B shape (319, 478, 3)
Extracted frame BIB_198
run BIB t= 199
Found population proton
Found population proton
Found population proton
Found population proton
Found population proton
Found population proton
Found population proton
Found population proton
Found population proton
Found population proton
Found population proton
Found population proton
Found population proton
Pdiag shape (319, 478, 3)
B shape (319, 478, 3)
Extracted frame BIB_199
run BIB t= 200
Found population proton
Found population proton
Found population proton
Found population proton
Found population proton
Found population proton
Found population proton
Found population proton
Found population proton
Found population proton
Found population proton
Found population proton
Found population proton
Pdiag shape (319, 478, 3)
B shape (319, 478, 3)
Extracted frame BIB_200
run BIB t= 201
Found population proton
Found population proton
Found population proton
Found population proton
Found population proton
Found population proton
Found population proton
Found population proton
Found population proton
Found population proton
Found population proton
Found population proton
Found population proton
Pdiag shape (319, 478, 3)
B shape (319, 478, 3)
Extracted frame BIB_201
run BIB t= 202
Found population proton
Found population proton
Found population proton
Found population proton
Found population proton
Found population proton
Found population proton
Found population proton
Found population proton
Found population proton
Found population proton
Found population proton
Found population proton
Pdiag shape (319, 478, 3)
B shape (319, 478, 3)
Extracted frame BIB_202
run BIB t= 203
Found population proton
Found population proton
Found population proton
Found population proton
Found population proton
Found population proton
Found population proton
Found population proton
Found population proton
Found population proton
Found population proton
Found population proton
Found population proton
Pdiag shape (319, 478, 3)
B shape (319, 478, 3)
Extracted frame BIB_203
run BIB t= 204
Found population proton
Found population proton
Found population proton
Found population proton
Found population proton
Found population proton
Found population proton
Found population proton
Found population proton
Found population proton
Found population proton
Found population proton
Found population proton
Pdiag shape (319, 478, 3)
B shape (319, 478, 3)
Extracted frame BIB_204
run BIB t= 205
Found population proton
Found population proton
Found population proton
Found population proton
Found population proton
Found population proton
Found population proton
Found population proton
Found population proton
Found population proton
Found population proton
Found population proton
Found population proton
Pdiag shape (319, 478, 3)
B shape (319, 478, 3)
Extracted frame BIB_205
run BIB t= 206
Found population proton
Found population proton
Found population proton
Found population proton
Found population proton
Found population proton
Found population proton
Found population proton
Found population proton
Found population proton
Found population proton
Found population proton
Found population proton
Pdiag shape (319, 478, 3)
B shape (319, 478, 3)
Extracted frame BIB_206
run BIB t= 207
Found population proton
Found population proton
Found population proton
Found population proton
Found population proton
Found population proton
Found population proton
Found population proton
Found population proton
Found population proton
Found population proton
Found population proton
Found population proton
Pdiag shape (319, 478, 3)
B shape (319, 478, 3)
Extracted frame BIB_207
run BIB t= 208
Found population proton
Found population proton
Found population proton
Found population proton
Found population proton
Found population proton
Found population proton
Found population proton
Found population proton
Found population proton
Found population proton
Found population proton
Found population proton
Pdiag shape (319, 478, 3)
B shape (319, 478, 3)
Extracted frame BIB_208
run BIB t= 209
Found population proton
Found population proton
Found population proton
Found population proton
Found population proton
Found population proton
Found population proton
Found population proton
Found population proton
Found population proton
Found population proton
Found population proton
Found population proton
Pdiag shape (319, 478, 3)
B shape (319, 478, 3)
Extracted frame BIB_209
run BIB t= 210
Found population proton
Found population proton
Found population proton
Found population proton
Found population proton
Found population proton
Found population proton
Found population proton
Found population proton
Found population proton
Found population proton
Found population proton
Found population proton
Pdiag shape (319, 478, 3)
B shape (319, 478, 3)
Extracted frame BIB_210
run BIB t= 211
Found population proton
Found population proton
Found population proton
Found population proton
Found population proton
Found population proton
Found population proton
Found population proton
Found population proton
Found population proton
Found population proton
Found population proton
Found population proton
Pdiag shape (319, 478, 3)
B shape (319, 478, 3)
Extracted frame BIB_211
run BIB t= 212
Found population proton
Found population proton
Found population proton
Found population proton
Found population proton
Found population proton
Found population proton
Found population proton
Found population proton
Found population proton
Found population proton
Found population proton
Found population proton
Pdiag shape (319, 478, 3)
B shape (319, 478, 3)
Extracted frame BIB_212
run BIB t= 213
Found population proton
Found population proton
Found population proton
Found population proton
Found population proton
Found population proton
Found population proton
Found population proton
Found population proton
Found population proton
Found population proton
Found population proton
Found population proton
Pdiag shape (319, 478, 3)
B shape (319, 478, 3)
Extracted frame BIB_213
run BIB t= 214
Found population proton
Found population proton
Found population proton
Found population proton
Found population proton
Found population proton
Found population proton
Found population proton
Found population proton
Found population proton
Found population proton
Found population proton
Found population proton
Pdiag shape (319, 478, 3)
B shape (319, 478, 3)
Extracted frame BIB_214
run BIB t= 215
Found population proton
Found population proton
Found population proton
Found population proton
Found population proton
Found population proton
Found population proton
Found population proton
Found population proton
Found population proton
Found population proton
Found population proton
Found population proton
Pdiag shape (319, 478, 3)
B shape (319, 478, 3)
Extracted frame BIB_215
run BIB t= 216
Found population proton
Found population proton
Found population proton
Found population proton
Found population proton
Found population proton
Found population proton
Found population proton
Found population proton
Found population proton
Found population proton
Found population proton
Found population proton
Pdiag shape (319, 478, 3)
B shape (319, 478, 3)
Extracted frame BIB_216
run BIB t= 217
Found population proton
Found population proton
Found population proton
Found population proton
Found population proton
Found population proton
Found population proton
Found population proton
Found population proton
Found population proton
Found population proton
Found population proton
Found population proton
Pdiag shape (319, 478, 3)
B shape (319, 478, 3)
Extracted frame BIB_217
run BIB t= 218
Found population proton
Found population proton
Found population proton
Found population proton
Found population proton
Found population proton
Found population proton
Found population proton
Found population proton
Found population proton
Found population proton
Found population proton
Found population proton
Pdiag shape (319, 478, 3)
B shape (319, 478, 3)
Extracted frame BIB_218
run BIB t= 219
Found population proton
Found population proton
Found population proton
Found population proton
Found population proton
Found population proton
Found population proton
Found population proton
Found population proton
Found population proton
Found population proton
Found population proton
Found population proton
Pdiag shape (319, 478, 3)
B shape (319, 478, 3)
Extracted frame BIB_219
run BIB t= 220
Found population proton
Found population proton
Found population proton
Found population proton
Found population proton
Found population proton
Found population proton
Found population proton
Found population proton
Found population proton
Found population proton
Found population proton
Found population proton
Pdiag shape (319, 478, 3)
B shape (319, 478, 3)
Extracted frame BIB_220
run BIB t= 221
Found population proton
Found population proton
Found population proton
Found population proton
Found population proton
Found population proton
Found population proton
Found population proton
Found population proton
Found population proton
Found population proton
Found population proton
Found population proton
Pdiag shape (319, 478, 3)
B shape (319, 478, 3)
Extracted frame BIB_221
run BIB t= 222
Found population proton
Found population proton
Found population proton
Found population proton
Found population proton
Found population proton
Found population proton
Found population proton
Found population proton
Found population proton
Found population proton
Found population proton
Found population proton
Pdiag shape (319, 478, 3)
B shape (319, 478, 3)
Extracted frame BIB_222
run BIB t= 223
Found population proton
Found population proton
Found population proton
Found population proton
Found population proton
Found population proton
Found population proton
Found population proton
Found population proton
Found population proton
Found population proton
Found population proton
Found population proton
Pdiag shape (319, 478, 3)
B shape (319, 478, 3)
Extracted frame BIB_223
run BIB t= 224
Found population proton
Found population proton
Found population proton
Found population proton
Found population proton
Found population proton
Found population proton
Found population proton
Found population proton
Found population proton
Found population proton
Found population proton
Found population proton
Pdiag shape (319, 478, 3)
B shape (319, 478, 3)
Extracted frame BIB_224
run BIB t= 225
Found population proton
Found population proton
Found population proton
Found population proton
Found population proton
Found population proton
Found population proton
Found population proton
Found population proton
Found population proton
Found population proton
Found population proton
Found population proton
Pdiag shape (319, 478, 3)
B shape (319, 478, 3)
Extracted frame BIB_225
run BIB t= 226
Found population proton
Found population proton
Found population proton
Found population proton
Found population proton
Found population proton
Found population proton
Found population proton
Found population proton
Found population proton
Found population proton
Found population proton
Found population proton
Pdiag shape (319, 478, 3)
B shape (319, 478, 3)
Extracted frame BIB_226
run BIB t= 227
Found population proton
Found population proton
Found population proton
Found population proton
Found population proton
Found population proton
Found population proton
Found population proton
Found population proton
Found population proton
Found population proton
Found population proton
Found population proton
Pdiag shape (319, 478, 3)
B shape (319, 478, 3)
Extracted frame BIB_227
run BIB t= 228
Found population proton
Found population proton
Found population proton
Found population proton
Found population proton
Found population proton
Found population proton
Found population proton
Found population proton
Found population proton
Found population proton
Found population proton
Found population proton
Pdiag shape (319, 478, 3)
B shape (319, 478, 3)
Extracted frame BIB_228
run BIB t= 229
Found population proton
Found population proton
Found population proton
Found population proton
Found population proton
Found population proton
Found population proton
Found population proton
Found population proton
Found population proton
Found population proton
Found population proton
Found population proton
Pdiag shape (319, 478, 3)
B shape (319, 478, 3)
Extracted frame BIB_229
run BIB t= 230
Found population proton
Found population proton
Found population proton
Found population proton
Found population proton
Found population proton
Found population proton
Found population proton
Found population proton
Found population proton
Found population proton
Found population proton
Found population proton
Pdiag shape (319, 478, 3)
B shape (319, 478, 3)
Extracted frame BIB_230
run BIB t= 231
Found population proton
Found population proton
Found population proton
Found population proton
Found population proton
Found population proton
Found population proton
Found population proton
Found population proton
Found population proton
Found population proton
Found population proton
Found population proton
Pdiag shape (319, 478, 3)
B shape (319, 478, 3)
Extracted frame BIB_231
run BIB t= 232
Found population proton
Found population proton
Found population proton
Found population proton
Found population proton
Found population proton
Found population proton
Found population proton
Found population proton
Found population proton
Found population proton
Found population proton
Found population proton
Pdiag shape (319, 478, 3)
B shape (319, 478, 3)
Extracted frame BIB_232
run BIB t= 233
Found population proton
Found population proton
Found population proton
Found population proton
Found population proton
Found population proton
Found population proton
Found population proton
Found population proton
Found population proton
Found population proton
Found population proton
Found population proton
Pdiag shape (319, 478, 3)
B shape (319, 478, 3)
Extracted frame BIB_233
run BIB t= 234
Found population proton
Found population proton
Found population proton
Found population proton
Found population proton
Found population proton
Found population proton
Found population proton
Found population proton
Found population proton
Found population proton
Found population proton
Found population proton
Pdiag shape (319, 478, 3)
B shape (319, 478, 3)
Extracted frame BIB_234
run BIB t= 235
Found population proton
Found population proton
Found population proton
Found population proton
Found population proton
Found population proton
Found population proton
Found population proton
Found population proton
Found population proton
Found population proton
Found population proton
Found population proton
Pdiag shape (319, 478, 3)
B shape (319, 478, 3)
Extracted frame BIB_235
run BIB t= 236
Found population proton
Found population proton
Found population proton
Found population proton
Found population proton
Found population proton
Found population proton
Found population proton
Found population proton
Found population proton
Found population proton
Found population proton
Found population proton
Pdiag shape (319, 478, 3)
B shape (319, 478, 3)
Extracted frame BIB_236
run BIB t= 237
Found population proton
Found population proton
Found population proton
Found population proton
Found population proton
Found population proton
Found population proton
Found population proton
Found population proton
Found population proton
Found population proton
Found population proton
Found population proton
Pdiag shape (319, 478, 3)
B shape (319, 478, 3)
Extracted frame BIB_237
run BIB t= 238
Found population proton
Found population proton
Found population proton
Found population proton
Found population proton
Found population proton
Found population proton
Found population proton
Found population proton
Found population proton
Found population proton
Found population proton
Found population proton
Pdiag shape (319, 478, 3)
B shape (319, 478, 3)
Extracted frame BIB_238
run BIB t= 239
Found population proton
Found population proton
Found population proton
Found population proton
Found population proton
Found population proton
Found population proton
Found population proton
Found population proton
Found population proton
Found population proton
Found population proton
Found population proton
Pdiag shape (319, 478, 3)
B shape (319, 478, 3)
Extracted frame BIB_239
run BIB t= 240
Found population proton
Found population proton
Found population proton
Found population proton
Found population proton
Found population proton
Found population proton
Found population proton
Found population proton
Found population proton
Found population proton
Found population proton
Found population proton
Pdiag shape (319, 478, 3)
B shape (319, 478, 3)
Extracted frame BIB_240
run BIB t= 241
Found population proton
Found population proton
Found population proton
Found population proton
Found population proton
Found population proton
Found population proton
Found population proton
Found population proton
Found population proton
Found population proton
Found population proton
Found population proton
Pdiag shape (319, 478, 3)
B shape (319, 478, 3)
Extracted frame BIB_241
run BIB t= 242
Found population proton
Found population proton
Found population proton
Found population proton
Found population proton
Found population proton
Found population proton
Found population proton
Found population proton
Found population proton
Found population proton
Found population proton
Found population proton
Pdiag shape (319, 478, 3)
B shape (319, 478, 3)
Extracted frame BIB_242
run BIB t= 243
Found population proton
Found population proton
Found population proton
Found population proton
Found population proton
Found population proton
Found population proton
Found population proton
Found population proton
Found population proton
Found population proton
Found population proton
Found population proton
Pdiag shape (319, 478, 3)
B shape (319, 478, 3)
Extracted frame BIB_243
run BIB t= 244
Found population proton
Found population proton
Found population proton
Found population proton
Found population proton
Found population proton
Found population proton
Found population proton
Found population proton
Found population proton
Found population proton
Found population proton
Found population proton
Pdiag shape (319, 478, 3)
B shape (319, 478, 3)
Extracted frame BIB_244
run BIB t= 245
Found population proton
Found population proton
Found population proton
Found population proton
Found population proton
Found population proton
Found population proton
Found population proton
Found population proton
Found population proton
Found population proton
Found population proton
Found population proton
Pdiag shape (319, 478, 3)
B shape (319, 478, 3)
Extracted frame BIB_245
run BIB t= 246
Found population proton
Found population proton
Found population proton
Found population proton
Found population proton
Found population proton
Found population proton
Found population proton
Found population proton
Found population proton
Found population proton
Found population proton
Found population proton
Pdiag shape (319, 478, 3)
B shape (319, 478, 3)
Extracted frame BIB_246
run BIB t= 247
Found population proton
Found population proton
Found population proton
Found population proton
Found population proton
Found population proton
Found population proton
Found population proton
Found population proton
Found population proton
Found population proton
Found population proton
Found population proton
Pdiag shape (319, 478, 3)
B shape (319, 478, 3)
Extracted frame BIB_247
run BIB t= 248
Found population proton
Found population proton
Found population proton
Found population proton
Found population proton
Found population proton
Found population proton
Found population proton
Found population proton
Found population proton
Found population proton
Found population proton
Found population proton
Pdiag shape (319, 478, 3)
B shape (319, 478, 3)
Extracted frame BIB_248
run BIB t= 249
Found population proton
Found population proton
Found population proton
Found population proton
Found population proton
Found population proton
Found population proton
Found population proton
Found population proton
Found population proton
Found population proton
Found population proton
Found population proton
Pdiag shape (319, 478, 3)
B shape (319, 478, 3)
Extracted frame BIB_249
run BIB t= 250
Found population proton
Found population proton
Found population proton
Found population proton
Found population proton
Found population proton
Found population proton
Found population proton
Found population proton
Found population proton
Found population proton
Found population proton
Found population proton
Pdiag shape (319, 478, 3)
B shape (319, 478, 3)
Extracted frame BIB_250
run BIB t= 251
Found population proton
Found population proton
Found population proton
Found population proton
Found population proton
Found population proton
Found population proton
Found population proton
Found population proton
Found population proton
Found population proton
Found population proton
Found population proton
Pdiag shape (319, 478, 3)
B shape (319, 478, 3)
Extracted frame BIB_251
run BIB t= 252
Found population proton
Found population proton
Found population proton
Found population proton
Found population proton
Found population proton
Found population proton
Found population proton
Found population proton
Found population proton
Found population proton
Found population proton
Found population proton
Pdiag shape (319, 478, 3)
B shape (319, 478, 3)
Extracted frame BIB_252
run BIB t= 253
Found population proton
Found population proton
Found population proton
Found population proton
Found population proton
Found population proton
Found population proton
Found population proton
Found population proton
Found population proton
Found population proton
Found population proton
Found population proton
Pdiag shape (319, 478, 3)
B shape (319, 478, 3)
Extracted frame BIB_253
run BIB t= 254
Found population proton
Found population proton
Found population proton
Found population proton
Found population proton
Found population proton
Found population proton
Found population proton
Found population proton
Found population proton
Found population proton
Found population proton
Found population proton
Pdiag shape (319, 478, 3)
B shape (319, 478, 3)
Extracted frame BIB_254
run BIB t= 255
Found population proton
Found population proton
Found population proton
Found population proton
Found population proton
Found population proton
Found population proton
Found population proton
Found population proton
Found population proton
Found population proton
Found population proton
Found population proton
Pdiag shape (319, 478, 3)
B shape (319, 478, 3)
Extracted frame BIB_255
run BIB t= 256
Found population proton
Found population proton
Found population proton
Found population proton
Found population proton
Found population proton
Found population proton
Found population proton
Found population proton
Found population proton
Found population proton
Found population proton
Found population proton
Pdiag shape (319, 478, 3)
B shape (319, 478, 3)
Extracted frame BIB_256
run BIB t= 257
Found population proton
Found population proton
Found population proton
Found population proton
Found population proton
Found population proton
Found population proton
Found population proton
Found population proton
Found population proton
Found population proton
Found population proton
Found population proton
Pdiag shape (319, 478, 3)
B shape (319, 478, 3)
Extracted frame BIB_257
run BIB t= 258
Found population proton
Found population proton
Found population proton
Found population proton
Found population proton
Found population proton
Found population proton
Found population proton
Found population proton
Found population proton
Found population proton
Found population proton
Found population proton
Pdiag shape (319, 478, 3)
B shape (319, 478, 3)
Extracted frame BIB_258
run BIB t= 259
Found population proton
Found population proton
Found population proton
Found population proton
Found population proton
Found population proton
Found population proton
Found population proton
Found population proton
Found population proton
Found population proton
Found population proton
Found population proton
Pdiag shape (319, 478, 3)
B shape (319, 478, 3)
Extracted frame BIB_259
run BIB t= 260
Found population proton
Found population proton
Found population proton
Found population proton
Found population proton
Found population proton
Found population proton
Found population proton
Found population proton
Found population proton
Found population proton
Found population proton
Found population proton
Pdiag shape (319, 478, 3)
B shape (319, 478, 3)
Extracted frame BIB_260
run BIB t= 261
Found population proton
Found population proton
Found population proton
Found population proton
Found population proton
Found population proton
Found population proton
Found population proton
Found population proton
Found population proton
Found population proton
Found population proton
Found population proton
Pdiag shape (319, 478, 3)
B shape (319, 478, 3)
Extracted frame BIB_261
run BIB t= 262
Found population proton
Found population proton
Found population proton
Found population proton
Found population proton
Found population proton
Found population proton
Found population proton
Found population proton
Found population proton
Found population proton
Found population proton
Found population proton
Pdiag shape (319, 478, 3)
B shape (319, 478, 3)
Extracted frame BIB_262
run BIB t= 263
Found population proton
Found population proton
Found population proton
Found population proton
Found population proton
Found population proton
Found population proton
Found population proton
Found population proton
Found population proton
Found population proton
Found population proton
Found population proton
Pdiag shape (319, 478, 3)
B shape (319, 478, 3)
Extracted frame BIB_263
run BIB t= 264
Found population proton
Found population proton
Found population proton
Found population proton
Found population proton
Found population proton
Found population proton
Found population proton
Found population proton
Found population proton
Found population proton
Found population proton
Found population proton
Pdiag shape (319, 478, 3)
B shape (319, 478, 3)
Extracted frame BIB_264
run BIB t= 265
Found population proton
Found population proton
Found population proton
Found population proton
Found population proton
Found population proton
Found population proton
Found population proton
Found population proton
Found population proton
Found population proton
Found population proton
Found population proton
Pdiag shape (319, 478, 3)
B shape (319, 478, 3)
Extracted frame BIB_265
run BIB t= 266
Found population proton
Found population proton
Found population proton
Found population proton
Found population proton
Found population proton
Found population proton
Found population proton
Found population proton
Found population proton
Found population proton
Found population proton
Found population proton
Pdiag shape (319, 478, 3)
B shape (319, 478, 3)
Extracted frame BIB_266
run BIB t= 267
Found population proton
Found population proton
Found population proton
Found population proton
Found population proton
Found population proton
Found population proton
Found population proton
Found population proton
Found population proton
Found population proton
Found population proton
Found population proton
Pdiag shape (319, 478, 3)
B shape (319, 478, 3)
Extracted frame BIB_267
run BIB t= 268
Found population proton
Found population proton
Found population proton
Found population proton
Found population proton
Found population proton
Found population proton
Found population proton
Found population proton
Found population proton
Found population proton
Found population proton
Found population proton
Pdiag shape (319, 478, 3)
B shape (319, 478, 3)
Extracted frame BIB_268
run BIB t= 269
Found population proton
Found population proton
Found population proton
Found population proton
Found population proton
Found population proton
Found population proton
Found population proton
Found population proton
Found population proton
Found population proton
Found population proton
Found population proton
Pdiag shape (319, 478, 3)
B shape (319, 478, 3)
Extracted frame BIB_269
run BIB t= 270
Found population proton
Found population proton
Found population proton
Found population proton
Found population proton
Found population proton
Found population proton
Found population proton
Found population proton
Found population proton
Found population proton
Found population proton
Found population proton
Pdiag shape (319, 478, 3)
B shape (319, 478, 3)
Extracted frame BIB_270
run BIB t= 271
Found population proton
Found population proton
Found population proton
Found population proton
Found population proton
Found population proton
Found population proton
Found population proton
Found population proton
Found population proton
Found population proton
Found population proton
Found population proton
Pdiag shape (319, 478, 3)
B shape (319, 478, 3)
Extracted frame BIB_271
run BIB t= 272
Found population proton
Found population proton
Found population proton
Found population proton
Found population proton
Found population proton
Found population proton
Found population proton
Found population proton
Found population proton
Found population proton
Found population proton
Found population proton
Pdiag shape (319, 478, 3)
B shape (319, 478, 3)
Extracted frame BIB_272
run BIB t= 273
Found population proton
Found population proton
Found population proton
Found population proton
Found population proton
Found population proton
Found population proton
Found population proton
Found population proton
Found population proton
Found population proton
Found population proton
Found population proton
Pdiag shape (319, 478, 3)
B shape (319, 478, 3)
Extracted frame BIB_273
run BIB t= 274
Found population proton
Found population proton
Found population proton
Found population proton
Found population proton
Found population proton
Found population proton
Found population proton
Found population proton
Found population proton
Found population proton
Found population proton
Found population proton
Pdiag shape (319, 478, 3)
B shape (319, 478, 3)
Extracted frame BIB_274
run BIB t= 275
Found population proton
Found population proton
Found population proton
Found population proton
Found population proton
Found population proton
Found population proton
Found population proton
Found population proton
Found population proton
Found population proton
Found population proton
Found population proton
Pdiag shape (319, 478, 3)
B shape (319, 478, 3)
Extracted frame BIB_275
run BIB t= 276
Found population proton
Found population proton
Found population proton
Found population proton
Found population proton
Found population proton
Found population proton
Found population proton
Found population proton
Found population proton
Found population proton
Found population proton
Found population proton
Pdiag shape (319, 478, 3)
B shape (319, 478, 3)
Extracted frame BIB_276
run BIB t= 277
Found population proton
Found population proton
Found population proton
Found population proton
Found population proton
Found population proton
Found population proton
Found population proton
Found population proton
Found population proton
Found population proton
Found population proton
Found population proton
Pdiag shape (319, 478, 3)
B shape (319, 478, 3)
Extracted frame BIB_277
run BIB t= 278
Found population proton
Found population proton
Found population proton
Found population proton
Found population proton
Found population proton
Found population proton
Found population proton
Found population proton
Found population proton
Found population proton
Found population proton
Found population proton
Pdiag shape (319, 478, 3)
B shape (319, 478, 3)
Extracted frame BIB_278
run BIB t= 279
Found population proton
Found population proton
Found population proton
Found population proton
Found population proton
Found population proton
Found population proton
Found population proton
Found population proton
Found population proton
Found population proton
Found population proton
Found population proton
Pdiag shape (319, 478, 3)
B shape (319, 478, 3)
Extracted frame BIB_279
run BIB t= 280
Found population proton
Found population proton
Found population proton
Found population proton
Found population proton
Found population proton
Found population proton
Found population proton
Found population proton
Found population proton
Found population proton
Found population proton
Found population proton
Pdiag shape (319, 478, 3)
B shape (319, 478, 3)
Extracted frame BIB_280
run BIB t= 281
Found population proton
Found population proton
Found population proton
Found population proton
Found population proton
Found population proton
Found population proton
Found population proton
Found population proton
Found population proton
Found population proton
Found population proton
Found population proton
Pdiag shape (319, 478, 3)
B shape (319, 478, 3)
Extracted frame BIB_281
run BIB t= 282
Found population proton
Found population proton
Found population proton
Found population proton
Found population proton
Found population proton
Found population proton
Found population proton
Found population proton
Found population proton
Found population proton
Found population proton
Found population proton
Pdiag shape (319, 478, 3)
B shape (319, 478, 3)
Extracted frame BIB_282
run BIB t= 283
Found population proton
Found population proton
Found population proton
Found population proton
Found population proton
Found population proton
Found population proton
Found population proton
Found population proton
Found population proton
Found population proton
Found population proton
Found population proton
Pdiag shape (319, 478, 3)
B shape (319, 478, 3)
Extracted frame BIB_283
run BIB t= 284
Found population proton
Found population proton
Found population proton
Found population proton
Found population proton
Found population proton
Found population proton
Found population proton
Found population proton
Found population proton
Found population proton
Found population proton
Found population proton
Pdiag shape (319, 478, 3)
B shape (319, 478, 3)
Extracted frame BIB_284
run BIB t= 285
Found population proton
Found population proton
Found population proton
Found population proton
Found population proton
Found population proton
Found population proton
Found population proton
Found population proton
Found population proton
Found population proton
Found population proton
Found population proton
Pdiag shape (319, 478, 3)
B shape (319, 478, 3)
Extracted frame BIB_285
run BIB t= 286
Found population proton
Found population proton
Found population proton
Found population proton
Found population proton
Found population proton
Found population proton
Found population proton
Found population proton
Found population proton
Found population proton
Found population proton
Found population proton
Pdiag shape (319, 478, 3)
B shape (319, 478, 3)
Extracted frame BIB_286
run BIB t= 287
Found population proton
Found population proton
Found population proton
Found population proton
Found population proton
Found population proton
Found population proton
Found population proton
Found population proton
Found population proton
Found population proton
Found population proton
Found population proton
Pdiag shape (319, 478, 3)
B shape (319, 478, 3)
Extracted frame BIB_287
run BIB t= 288
Found population proton
Found population proton
Found population proton
Found population proton
Found population proton
Found population proton
Found population proton
Found population proton
Found population proton
Found population proton
Found population proton
Found population proton
Found population proton
Pdiag shape (319, 478, 3)
B shape (319, 478, 3)
Extracted frame BIB_288
run BIB t= 289
Found population proton
Found population proton
Found population proton
Found population proton
Found population proton
Found population proton
Found population proton
Found population proton
Found population proton
Found population proton
Found population proton
Found population proton
Found population proton
Pdiag shape (319, 478, 3)
B shape (319, 478, 3)
Extracted frame BIB_289
run BIB t= 290
Found population proton
Found population proton
Found population proton
Found population proton
Found population proton
Found population proton
Found population proton
Found population proton
Found population proton
Found population proton
Found population proton
Found population proton
Found population proton
Pdiag shape (319, 478, 3)
B shape (319, 478, 3)
Extracted frame BIB_290
run BIB t= 291
Found population proton
Found population proton
Found population proton
Found population proton
Found population proton
Found population proton
Found population proton
Found population proton
Found population proton
Found population proton
Found population proton
Found population proton
Found population proton
Pdiag shape (319, 478, 3)
B shape (319, 478, 3)
Extracted frame BIB_291
run BIB t= 292
Found population proton
Found population proton
Found population proton
Found population proton
Found population proton
Found population proton
Found population proton
Found population proton
Found population proton
Found population proton
Found population proton
Found population proton
Found population proton
Pdiag shape (319, 478, 3)
B shape (319, 478, 3)
Extracted frame BIB_292
run BIB t= 293
Found population proton
Found population proton
Found population proton
Found population proton
Found population proton
Found population proton
Found population proton
Found population proton
Found population proton
Found population proton
Found population proton
Found population proton
Found population proton
Pdiag shape (319, 478, 3)
B shape (319, 478, 3)
Extracted frame BIB_293
run BIB t= 294
Found population proton
Found population proton
Found population proton
Found population proton
Found population proton
Found population proton
Found population proton
Found population proton
Found population proton
Found population proton
Found population proton
Found population proton
Found population proton
Pdiag shape (319, 478, 3)
B shape (319, 478, 3)
Extracted frame BIB_294
run BIB t= 295
Found population proton
Found population proton
Found population proton
Found population proton
Found population proton
Found population proton
Found population proton
Found population proton
Found population proton
Found population proton
Found population proton
Found population proton
Found population proton
Pdiag shape (319, 478, 3)
B shape (319, 478, 3)
Extracted frame BIB_295
run BIB t= 296
Found population proton
Found population proton
Found population proton
Found population proton
Found population proton
Found population proton
Found population proton
Found population proton
Found population proton
Found population proton
Found population proton
Found population proton
Found population proton
Pdiag shape (319, 478, 3)
B shape (319, 478, 3)
Extracted frame BIB_296
run BIB t= 297
Found population proton
Found population proton
Found population proton
Found population proton
Found population proton
Found population proton
Found population proton
Found population proton
Found population proton
Found population proton
Found population proton
Found population proton
Found population proton
Pdiag shape (319, 478, 3)
B shape (319, 478, 3)
Extracted frame BIB_297
run BIB t= 298
Found population proton
Found population proton
Found population proton
Found population proton
Found population proton
Found population proton
Found population proton
Found population proton
Found population proton
Found population proton
Found population proton
Found population proton
Found population proton
Pdiag shape (319, 478, 3)
B shape (319, 478, 3)
Extracted frame BIB_298
run BIB t= 299
Found population proton
Found population proton
Found population proton
Found population proton
Found population proton
Found population proton
Found population proton
Found population proton
Found population proton
Found population proton
Found population proton
Found population proton
Found population proton
Pdiag shape (319, 478, 3)
B shape (319, 478, 3)
Extracted frame BIB_299
run BIB t= 300
Found population proton
Found population proton
Found population proton
Found population proton
Found population proton
Found population proton
Found population proton
Found population proton
Found population proton
Found population proton
Found population proton
Found population proton
Found population proton
Pdiag shape (319, 478, 3)
B shape (319, 478, 3)
Extracted frame BIB_300
run BIB t= 301
Found population proton
Found population proton
Found population proton
Found population proton
Found population proton
Found population proton
Found population proton
Found population proton
Found population proton
Found population proton
Found population proton
Found population proton
Found population proton
Pdiag shape (319, 478, 3)
B shape (319, 478, 3)
Extracted frame BIB_301
run BIB t= 302
Found population proton
Found population proton
Found population proton
Found population proton
Found population proton
Found population proton
Found population proton
Found population proton
Found population proton
Found population proton
Found population proton
Found population proton
Found population proton
Pdiag shape (319, 478, 3)
B shape (319, 478, 3)
Extracted frame BIB_302
run BIB t= 303
Found population proton
Found population proton
Found population proton
Found population proton
Found population proton
Found population proton
Found population proton
Found population proton
Found population proton
Found population proton
Found population proton
Found population proton
Found population proton
Pdiag shape (319, 478, 3)
B shape (319, 478, 3)
Extracted frame BIB_303
run BIB t= 304
Found population proton
Found population proton
Found population proton
Found population proton
Found population proton
Found population proton
Found population proton
Found population proton
Found population proton
Found population proton
Found population proton
Found population proton
Found population proton
Pdiag shape (319, 478, 3)
B shape (319, 478, 3)
Extracted frame BIB_304
run BIB t= 305
Found population proton
Found population proton
Found population proton
Found population proton
Found population proton
Found population proton
Found population proton
Found population proton
Found population proton
Found population proton
Found population proton
Found population proton
Found population proton
Pdiag shape (319, 478, 3)
B shape (319, 478, 3)
Extracted frame BIB_305
run BIB t= 306
Found population proton
Found population proton
Found population proton
Found population proton
Found population proton
Found population proton
Found population proton
Found population proton
Found population proton
Found population proton
Found population proton
Found population proton
Found population proton
Pdiag shape (319, 478, 3)
B shape (319, 478, 3)
Extracted frame BIB_306
run BIB t= 307
Found population proton
Found population proton
Found population proton
Found population proton
Found population proton
Found population proton
Found population proton
Found population proton
Found population proton
Found population proton
Found population proton
Found population proton
Found population proton
Pdiag shape (319, 478, 3)
B shape (319, 478, 3)
Extracted frame BIB_307
run BIB t= 308
Found population proton
Found population proton
Found population proton
Found population proton
Found population proton
Found population proton
Found population proton
Found population proton
Found population proton
Found population proton
Found population proton
Found population proton
Found population proton
Pdiag shape (319, 478, 3)
B shape (319, 478, 3)
Extracted frame BIB_308
run BIB t= 309
Found population proton
Found population proton
Found population proton
Found population proton
Found population proton
Found population proton
Found population proton
Found population proton
Found population proton
Found population proton
Found population proton
Found population proton
Found population proton
Pdiag shape (319, 478, 3)
B shape (319, 478, 3)
Extracted frame BIB_309
run BIB t= 310
Found population proton
Found population proton
Found population proton
Found population proton
Found population proton
Found population proton
Found population proton
Found population proton
Found population proton
Found population proton
Found population proton
Found population proton
Found population proton
Pdiag shape (319, 478, 3)
B shape (319, 478, 3)
Extracted frame BIB_310
run BIB t= 311
Found population proton
Found population proton
Found population proton
Found population proton
Found population proton
Found population proton
Found population proton
Found population proton
Found population proton
Found population proton
Found population proton
Found population proton
Found population proton
Pdiag shape (319, 478, 3)
B shape (319, 478, 3)
Extracted frame BIB_311
run BIB t= 312
Found population proton
Found population proton
Found population proton
Found population proton
Found population proton
Found population proton
Found population proton
Found population proton
Found population proton
Found population proton
Found population proton
Found population proton
Found population proton
Pdiag shape (319, 478, 3)
B shape (319, 478, 3)
Extracted frame BIB_312
run BIB t= 313
Found population proton
Found population proton
Found population proton
Found population proton
Found population proton
Found population proton
Found population proton
Found population proton
Found population proton
Found population proton
Found population proton
Found population proton
Found population proton
Pdiag shape (319, 478, 3)
B shape (319, 478, 3)
Extracted frame BIB_313
run BIB t= 314
Found population proton
Found population proton
Found population proton
Found population proton
Found population proton
Found population proton
Found population proton
Found population proton
Found population proton
Found population proton
Found population proton
Found population proton
Found population proton
Pdiag shape (319, 478, 3)
B shape (319, 478, 3)
Extracted frame BIB_314
run BIB t= 315
Found population proton
Found population proton
Found population proton
Found population proton
Found population proton
Found population proton
Found population proton
Found population proton
Found population proton
Found population proton
Found population proton
Found population proton
Found population proton
Pdiag shape (319, 478, 3)
B shape (319, 478, 3)
Extracted frame BIB_315
run BIB t= 316
Found population proton
Found population proton
Found population proton
Found population proton
Found population proton
Found population proton
Found population proton
Found population proton
Found population proton
Found population proton
Found population proton
Found population proton
Found population proton
Pdiag shape (319, 478, 3)
B shape (319, 478, 3)
Extracted frame BIB_316
run BIB t= 317
Found population proton
Found population proton
Found population proton
Found population proton
Found population proton
Found population proton
Found population proton
Found population proton
Found population proton
Found population proton
Found population proton
Found population proton
Found population proton
Pdiag shape (319, 478, 3)
B shape (319, 478, 3)
Extracted frame BIB_317
run BIB t= 318
Found population proton
Found population proton
Found population proton
Found population proton
Found population proton
Found population proton
Found population proton
Found population proton
Found population proton
Found population proton
Found population proton
Found population proton
Found population proton
Pdiag shape (319, 478, 3)
B shape (319, 478, 3)
Extracted frame BIB_318
run BIB t= 319
Found population proton
Found population proton
Found population proton
Found population proton
Found population proton
Found population proton
Found population proton
Found population proton
Found population proton
Found population proton
Found population proton
Found population proton
Found population proton
Pdiag shape (319, 478, 3)
B shape (319, 478, 3)
Extracted frame BIB_319
run BIB t= 320
Found population proton
Found population proton
Found population proton
Found population proton
Found population proton
Found population proton
Found population proton
Found population proton
Found population proton
Found population proton
Found population proton
Found population proton
Found population proton
Pdiag shape (319, 478, 3)
B shape (319, 478, 3)
Extracted frame BIB_320
run BIB t= 321
Found population proton
Found population proton
Found population proton
Found population proton
Found population proton
Found population proton
Found population proton
Found population proton
Found population proton
Found population proton
Found population proton
Found population proton
Found population proton
Pdiag shape (319, 478, 3)
B shape (319, 478, 3)
Extracted frame BIB_321
run BIB t= 322
Found population proton
Found population proton
Found population proton
Found population proton
Found population proton
Found population proton
Found population proton
Found population proton
Found population proton
Found population proton
Found population proton
Found population proton
Found population proton
Pdiag shape (319, 478, 3)
B shape (319, 478, 3)
Extracted frame BIB_322
run BIB t= 323
Found population proton
Found population proton
Found population proton
Found population proton
Found population proton
Found population proton
Found population proton
Found population proton
Found population proton
Found population proton
Found population proton
Found population proton
Found population proton
Pdiag shape (319, 478, 3)
B shape (319, 478, 3)
Extracted frame BIB_323
run BIB t= 324
Found population proton
Found population proton
Found population proton
Found population proton
Found population proton
Found population proton
Found population proton
Found population proton
Found population proton
Found population proton
Found population proton
Found population proton
Found population proton
Pdiag shape (319, 478, 3)
B shape (319, 478, 3)
Extracted frame BIB_324
run BIB t= 325
Found population proton
Found population proton
Found population proton
Found population proton
Found population proton
Found population proton
Found population proton
Found population proton
Found population proton
Found population proton
Found population proton
Found population proton
Found population proton
Pdiag shape (319, 478, 3)
B shape (319, 478, 3)
Extracted frame BIB_325
run BIB t= 326
Found population proton
Found population proton
Found population proton
Found population proton
Found population proton
Found population proton
Found population proton
Found population proton
Found population proton
Found population proton
Found population proton
Found population proton
Found population proton
Pdiag shape (319, 478, 3)
B shape (319, 478, 3)
Extracted frame BIB_326
run BIB t= 327
Found population proton
Found population proton
Found population proton
Found population proton
Found population proton
Found population proton
Found population proton
Found population proton
Found population proton
Found population proton
Found population proton
Found population proton
Found population proton
Pdiag shape (319, 478, 3)
B shape (319, 478, 3)
Extracted frame BIB_327
run BIB t= 328
Found population proton
Found population proton
Found population proton
Found population proton
Found population proton
Found population proton
Found population proton
Found population proton
Found population proton
Found population proton
Found population proton
Found population proton
Found population proton
Pdiag shape (319, 478, 3)
B shape (319, 478, 3)
Extracted frame BIB_328
run BIB t= 329
Found population proton
Found population proton
Found population proton
Found population proton
Found population proton
Found population proton
Found population proton
Found population proton
Found population proton
Found population proton
Found population proton
Found population proton
Found population proton
Pdiag shape (319, 478, 3)
B shape (319, 478, 3)
Extracted frame BIB_329
run BIB t= 330
Found population proton
Found population proton
Found population proton
Found population proton
Found population proton
Found population proton
Found population proton
Found population proton
Found population proton
Found population proton
Found population proton
Found population proton
Found population proton
Pdiag shape (319, 478, 3)
B shape (319, 478, 3)
Extracted frame BIB_330
run BIB t= 331
Found population proton
Found population proton
Found population proton
Found population proton
Found population proton
Found population proton
Found population proton
Found population proton
Found population proton
Found population proton
Found population proton
Found population proton
Found population proton
Pdiag shape (319, 478, 3)
B shape (319, 478, 3)
Extracted frame BIB_331
run BIB t= 332
Found population proton
Found population proton
Found population proton
Found population proton
Found population proton
Found population proton
Found population proton
Found population proton
Found population proton
Found population proton
Found population proton
Found population proton
Found population proton
Pdiag shape (319, 478, 3)
B shape (319, 478, 3)
Extracted frame BIB_332
run BIB t= 333
Found population proton
Found population proton
Found population proton
Found population proton
Found population proton
Found population proton
Found population proton
Found population proton
Found population proton
Found population proton
Found population proton
Found population proton
Found population proton
Pdiag shape (319, 478, 3)
B shape (319, 478, 3)
Extracted frame BIB_333
run BIB t= 334
Found population proton
Found population proton
Found population proton
Found population proton
Found population proton
Found population proton
Found population proton
Found population proton
Found population proton
Found population proton
Found population proton
Found population proton
Found population proton
Pdiag shape (319, 478, 3)
B shape (319, 478, 3)
Extracted frame BIB_334
run BIB t= 335
Found population proton
Found population proton
Found population proton
Found population proton
Found population proton
Found population proton
Found population proton
Found population proton
Found population proton
Found population proton
Found population proton
Found population proton
Found population proton
Pdiag shape (319, 478, 3)
B shape (319, 478, 3)
Extracted frame BIB_335
run BIB t= 336
Found population proton
Found population proton
Found population proton
Found population proton
Found population proton
Found population proton
Found population proton
Found population proton
Found population proton
Found population proton
Found population proton
Found population proton
Found population proton
Pdiag shape (319, 478, 3)
B shape (319, 478, 3)
Extracted frame BIB_336
run BIB t= 337
Found population proton
Found population proton
Found population proton
Found population proton
Found population proton
Found population proton
Found population proton
Found population proton
Found population proton
Found population proton
Found population proton
Found population proton
Found population proton
Pdiag shape (319, 478, 3)
B shape (319, 478, 3)
Extracted frame BIB_337
run BIB t= 338
Found population proton
Found population proton
Found population proton
Found population proton
Found population proton
Found population proton
Found population proton
Found population proton
Found population proton
Found population proton
Found population proton
Found population proton
Found population proton
Pdiag shape (319, 478, 3)
B shape (319, 478, 3)
Extracted frame BIB_338
run BIB t= 339
Found population proton
Found population proton
Found population proton
Found population proton
Found population proton
Found population proton
Found population proton
Found population proton
Found population proton
Found population proton
Found population proton
Found population proton
Found population proton
Pdiag shape (319, 478, 3)
B shape (319, 478, 3)
Extracted frame BIB_339
run BIB t= 340
Found population proton
Found population proton
Found population proton
Found population proton
Found population proton
Found population proton
Found population proton
Found population proton
Found population proton
Found population proton
Found population proton
Found population proton
Found population proton
Pdiag shape (319, 478, 3)
B shape (319, 478, 3)
Extracted frame BIB_340
run BIB t= 341
Found population proton
Found population proton
Found population proton
Found population proton
Found population proton
Found population proton
Found population proton
Found population proton
Found population proton
Found population proton
Found population proton
Found population proton
Found population proton
Pdiag shape (319, 478, 3)
B shape (319, 478, 3)
Extracted frame BIB_341
run BIB t= 342
Found population proton
Found population proton
Found population proton
Found population proton
Found population proton
Found population proton
Found population proton
Found population proton
Found population proton
Found population proton
Found population proton
Found population proton
Found population proton
Pdiag shape (319, 478, 3)
B shape (319, 478, 3)
Extracted frame BIB_342
run BIB t= 343
Found population proton
Found population proton
Found population proton
Found population proton
Found population proton
Found population proton
Found population proton
Found population proton
Found population proton
Found population proton
Found population proton
Found population proton
Found population proton
Pdiag shape (319, 478, 3)
B shape (319, 478, 3)
Extracted frame BIB_343
run BIB t= 344
Found population proton
Found population proton
Found population proton
Found population proton
Found population proton
Found population proton
Found population proton
Found population proton
Found population proton
Found population proton
Found population proton
Found population proton
Found population proton
Pdiag shape (319, 478, 3)
B shape (319, 478, 3)
Extracted frame BIB_344
run BIB t= 345
Found population proton
Found population proton
Found population proton
Found population proton
Found population proton
Found population proton
Found population proton
Found population proton
Found population proton
Found population proton
Found population proton
Found population proton
Found population proton
Pdiag shape (319, 478, 3)
B shape (319, 478, 3)
Extracted frame BIB_345
run BIB t= 346
Found population proton
Found population proton
Found population proton
Found population proton
Found population proton
Found population proton
Found population proton
Found population proton
Found population proton
Found population proton
Found population proton
Found population proton
Found population proton
Pdiag shape (319, 478, 3)
B shape (319, 478, 3)
Extracted frame BIB_346
run BIB t= 347
Found population proton
Found population proton
Found population proton
Found population proton
Found population proton
Found population proton
Found population proton
Found population proton
Found population proton
Found population proton
Found population proton
Found population proton
Found population proton
Pdiag shape (319, 478, 3)
B shape (319, 478, 3)
Extracted frame BIB_347
run BIB t= 348
Found population proton
Found population proton
Found population proton
Found population proton
Found population proton
Found population proton
Found population proton
Found population proton
Found population proton
Found population proton
Found population proton
Found population proton
Found population proton
Pdiag shape (319, 478, 3)
B shape (319, 478, 3)
Extracted frame BIB_348
run BIB t= 349
Found population proton
Found population proton
Found population proton
Found population proton
Found population proton
Found population proton
Found population proton
Found population proton
Found population proton
Found population proton
Found population proton
Found population proton
Found population proton
Pdiag shape (319, 478, 3)
B shape (319, 478, 3)
Extracted frame BIB_349
run BIB t= 350
Found population proton
Found population proton
Found population proton
Found population proton
Found population proton
Found population proton
Found population proton
Found population proton
Found population proton
Found population proton
Found population proton
Found population proton
Found population proton
Pdiag shape (319, 478, 3)
B shape (319, 478, 3)
Extracted frame BIB_350
run BIB t= 351
Found population proton
Found population proton
Found population proton
Found population proton
Found population proton
Found population proton
Found population proton
Found population proton
Found population proton
Found population proton
Found population proton
Found population proton
Found population proton
Pdiag shape (319, 478, 3)
B shape (319, 478, 3)
Extracted frame BIB_351
run BIB t= 352
Found population proton
Found population proton
Found population proton
Found population proton
Found population proton
Found population proton
Found population proton
Found population proton
Found population proton
Found population proton
Found population proton
Found population proton
Found population proton
Pdiag shape (319, 478, 3)
B shape (319, 478, 3)
Extracted frame BIB_352
run BIB t= 353
Found population proton
Found population proton
Found population proton
Found population proton
Found population proton
Found population proton
Found population proton
Found population proton
Found population proton
Found population proton
Found population proton
Found population proton
Found population proton
Pdiag shape (319, 478, 3)
B shape (319, 478, 3)
Extracted frame BIB_353
run BIB t= 354
Found population proton
Found population proton
Found population proton
Found population proton
Found population proton
Found population proton
Found population proton
Found population proton
Found population proton
Found population proton
Found population proton
Found population proton
Found population proton
Pdiag shape (319, 478, 3)
B shape (319, 478, 3)
Extracted frame BIB_354
run BIB t= 355
Found population proton
Found population proton
Found population proton
Found population proton
Found population proton
Found population proton
Found population proton
Found population proton
Found population proton
Found population proton
Found population proton
Found population proton
Found population proton
Pdiag shape (319, 478, 3)
B shape (319, 478, 3)
Extracted frame BIB_355
run BIB t= 356
Found population proton
Found population proton
Found population proton
Found population proton
Found population proton
Found population proton
Found population proton
Found population proton
Found population proton
Found population proton
Found population proton
Found population proton
Found population proton
Pdiag shape (319, 478, 3)
B shape (319, 478, 3)
Extracted frame BIB_356
run BIB t= 357
Found population proton
Found population proton
Found population proton
Found population proton
Found population proton
Found population proton
Found population proton
Found population proton
Found population proton
Found population proton
Found population proton
Found population proton
Found population proton
Pdiag shape (319, 478, 3)
B shape (319, 478, 3)
Extracted frame BIB_357
run BIB t= 358
Found population proton
Found population proton
Found population proton
Found population proton
Found population proton
Found population proton
Found population proton
Found population proton
Found population proton
Found population proton
Found population proton
Found population proton
Found population proton
Pdiag shape (319, 478, 3)
B shape (319, 478, 3)
Extracted frame BIB_358
run BIB t= 359
Found population proton
Found population proton
Found population proton
Found population proton
Found population proton
Found population proton
Found population proton
Found population proton
Found population proton
Found population proton
Found population proton
Found population proton
Found population proton
Pdiag shape (319, 478, 3)
B shape (319, 478, 3)
Extracted frame BIB_359
run BIB t= 360
Found population proton
Found population proton
Found population proton
Found population proton
Found population proton
Found population proton
Found population proton
Found population proton
Found population proton
Found population proton
Found population proton
Found population proton
Found population proton
Pdiag shape (319, 478, 3)
B shape (319, 478, 3)
Extracted frame BIB_360
run BIB t= 361
Found population proton
Found population proton
Found population proton
Found population proton
Found population proton
Found population proton
Found population proton
Found population proton
Found population proton
Found population proton
Found population proton
Found population proton
Found population proton
Pdiag shape (319, 478, 3)
B shape (319, 478, 3)
Extracted frame BIB_361
run BIB t= 362
Found population proton
Found population proton
Found population proton
Found population proton
Found population proton
Found population proton
Found population proton
Found population proton
Found population proton
Found population proton
Found population proton
Found population proton
Found population proton
Pdiag shape (319, 478, 3)
B shape (319, 478, 3)
Extracted frame BIB_362
run BIB t= 363
Found population proton
Found population proton
Found population proton
Found population proton
Found population proton
Found population proton
Found population proton
Found population proton
Found population proton
Found population proton
Found population proton
Found population proton
Found population proton
Pdiag shape (319, 478, 3)
B shape (319, 478, 3)
Extracted frame BIB_363
run BIB t= 364
Found population proton
Found population proton
Found population proton
Found population proton
Found population proton
Found population proton
Found population proton
Found population proton
Found population proton
Found population proton
Found population proton
Found population proton
Found population proton
Pdiag shape (319, 478, 3)
B shape (319, 478, 3)
Extracted frame BIB_364
run BIB t= 365
Found population proton
Found population proton
Found population proton
Found population proton
Found population proton
Found population proton
Found population proton
Found population proton
Found population proton
Found population proton
Found population proton
Found population proton
Found population proton
Pdiag shape (319, 478, 3)
B shape (319, 478, 3)
Extracted frame BIB_365
run BIB t= 366
Found population proton
Found population proton
Found population proton
Found population proton
Found population proton
Found population proton
Found population proton
Found population proton
Found population proton
Found population proton
Found population proton
Found population proton
Found population proton
Pdiag shape (319, 478, 3)
B shape (319, 478, 3)
Extracted frame BIB_366
run BIB t= 367
Found population proton
Found population proton
Found population proton
Found population proton
Found population proton
Found population proton
Found population proton
Found population proton
Found population proton
Found population proton
Found population proton
Found population proton
Found population proton
Pdiag shape (319, 478, 3)
B shape (319, 478, 3)
Extracted frame BIB_367
run BIB t= 368
Found population proton
Found population proton
Found population proton
Found population proton
Found population proton
Found population proton
Found population proton
Found population proton
Found population proton
Found population proton
Found population proton
Found population proton
Found population proton
Pdiag shape (319, 478, 3)
B shape (319, 478, 3)
Extracted frame BIB_368
run BIB t= 369
Found population proton
Found population proton
Found population proton
Found population proton
Found population proton
Found population proton
Found population proton
Found population proton
Found population proton
Found population proton
Found population proton
Found population proton
Found population proton
Pdiag shape (319, 478, 3)
B shape (319, 478, 3)
Extracted frame BIB_369
run BIB t= 370
Found population proton
Found population proton
Found population proton
Found population proton
Found population proton
Found population proton
Found population proton
Found population proton
Found population proton
Found population proton
Found population proton
Found population proton
Found population proton
Pdiag shape (319, 478, 3)
B shape (319, 478, 3)
Extracted frame BIB_370
run BIB t= 371
Found population proton
Found population proton
Found population proton
Found population proton
Found population proton
Found population proton
Found population proton
Found population proton
Found population proton
Found population proton
Found population proton
Found population proton
Found population proton
Pdiag shape (319, 478, 3)
B shape (319, 478, 3)
Extracted frame BIB_371
run BIB t= 372
Found population proton
Found population proton
Found population proton
Found population proton
Found population proton
Found population proton
Found population proton
Found population proton
Found population proton
Found population proton
Found population proton
Found population proton
Found population proton
Pdiag shape (319, 478, 3)
B shape (319, 478, 3)
Extracted frame BIB_372
run BIB t= 373
Found population proton
Found population proton
Found population proton
Found population proton
Found population proton
Found population proton
Found population proton
Found population proton
Found population proton
Found population proton
Found population proton
Found population proton
Found population proton
Pdiag shape (319, 478, 3)
B shape (319, 478, 3)
Extracted frame BIB_373
run BIB t= 374
Found population proton
Found population proton
Found population proton
Found population proton
Found population proton
Found population proton
Found population proton
Found population proton
Found population proton
Found population proton
Found population proton
Found population proton
Found population proton
Pdiag shape (319, 478, 3)
B shape (319, 478, 3)
Extracted frame BIB_374
run BIB t= 375
Found population proton
Found population proton
Found population proton
Found population proton
Found population proton
Found population proton
Found population proton
Found population proton
Found population proton
Found population proton
Found population proton
Found population proton
Found population proton
Pdiag shape (319, 478, 3)
B shape (319, 478, 3)
Extracted frame BIB_375
run BIB t= 376
Found population proton
Found population proton
Found population proton
Found population proton
Found population proton
Found population proton
Found population proton
Found population proton
Found population proton
Found population proton
Found population proton
Found population proton
Found population proton
Pdiag shape (319, 478, 3)
B shape (319, 478, 3)
Extracted frame BIB_376
run BIB t= 377
Found population proton
Found population proton
Found population proton
Found population proton
Found population proton
Found population proton
Found population proton
Found population proton
Found population proton
Found population proton
Found population proton
Found population proton
Found population proton
Pdiag shape (319, 478, 3)
B shape (319, 478, 3)
Extracted frame BIB_377
run BIB t= 378
Found population proton
Found population proton
Found population proton
Found population proton
Found population proton
Found population proton
Found population proton
Found population proton
Found population proton
Found population proton
Found population proton
Found population proton
Found population proton
Pdiag shape (319, 478, 3)
B shape (319, 478, 3)
Extracted frame BIB_378
run BIB t= 379
Found population proton
Found population proton
Found population proton
Found population proton
Found population proton
Found population proton
Found population proton
Found population proton
Found population proton
Found population proton
Found population proton
Found population proton
Found population proton
Pdiag shape (319, 478, 3)
B shape (319, 478, 3)
Extracted frame BIB_379
run BIB t= 380
Found population proton
Found population proton
Found population proton
Found population proton
Found population proton
Found population proton
Found population proton
Found population proton
Found population proton
Found population proton
Found population proton
Found population proton
Found population proton
Pdiag shape (319, 478, 3)
B shape (319, 478, 3)
Extracted frame BIB_380
run BIB t= 381
Found population proton
Found population proton
Found population proton
Found population proton
Found population proton
Found population proton
Found population proton
Found population proton
Found population proton
Found population proton
Found population proton
Found population proton
Found population proton
Pdiag shape (319, 478, 3)
B shape (319, 478, 3)
Extracted frame BIB_381
run BIB t= 382
Found population proton
Found population proton
Found population proton
Found population proton
Found population proton
Found population proton
Found population proton
Found population proton
Found population proton
Found population proton
Found population proton
Found population proton
Found population proton
Pdiag shape (319, 478, 3)
B shape (319, 478, 3)
Extracted frame BIB_382
run BIB t= 383
Found population proton
Found population proton
Found population proton
Found population proton
Found population proton
Found population proton
Found population proton
Found population proton
Found population proton
Found population proton
Found population proton
Found population proton
Found population proton
Pdiag shape (319, 478, 3)
B shape (319, 478, 3)
Extracted frame BIB_383
run BIB t= 384
Found population proton
Found population proton
Found population proton
Found population proton
Found population proton
Found population proton
Found population proton
Found population proton
Found population proton
Found population proton
Found population proton
Found population proton
Found population proton
Pdiag shape (319, 478, 3)
B shape (319, 478, 3)
Extracted frame BIB_384
run BIB t= 385
Found population proton
Found population proton
Found population proton
Found population proton
Found population proton
Found population proton
Found population proton
Found population proton
Found population proton
Found population proton
Found population proton
Found population proton
Found population proton
Pdiag shape (319, 478, 3)
B shape (319, 478, 3)
Extracted frame BIB_385
run BIB t= 386
Found population proton
Found population proton
Found population proton
Found population proton
Found population proton
Found population proton
Found population proton
Found population proton
Found population proton
Found population proton
Found population proton
Found population proton
Found population proton
Pdiag shape (319, 478, 3)
B shape (319, 478, 3)
Extracted frame BIB_386
run BIB t= 387
Found population proton
Found population proton
Found population proton
Found population proton
Found population proton
Found population proton
Found population proton
Found population proton
Found population proton
Found population proton
Found population proton
Found population proton
Found population proton
Pdiag shape (319, 478, 3)
B shape (319, 478, 3)
Extracted frame BIB_387
run BIB t= 388
Found population proton
Found population proton
Found population proton
Found population proton
Found population proton
Found population proton
Found population proton
Found population proton
Found population proton
Found population proton
Found population proton
Found population proton
Found population proton
Pdiag shape (319, 478, 3)
B shape (319, 478, 3)
Extracted frame BIB_388
run BIB t= 389
Found population proton
Found population proton
Found population proton
Found population proton
Found population proton
Found population proton
Found population proton
Found population proton
Found population proton
Found population proton
Found population proton
Found population proton
Found population proton
Pdiag shape (319, 478, 3)
B shape (319, 478, 3)
Extracted frame BIB_389
run BIB t= 390
Found population proton
Found population proton
Found population proton
Found population proton
Found population proton
Found population proton
Found population proton
Found population proton
Found population proton
Found population proton
Found population proton
Found population proton
Found population proton
Pdiag shape (319, 478, 3)
B shape (319, 478, 3)
Extracted frame BIB_390
run BIB t= 391
Found population proton
Found population proton
Found population proton
Found population proton
Found population proton
Found population proton
Found population proton
Found population proton
Found population proton
Found population proton
Found population proton
Found population proton
Found population proton
Pdiag shape (319, 478, 3)
B shape (319, 478, 3)
Extracted frame BIB_391
run BIB t= 392
Found population proton
Found population proton
Found population proton
Found population proton
Found population proton
Found population proton
Found population proton
Found population proton
Found population proton
Found population proton
Found population proton
Found population proton
Found population proton
Pdiag shape (319, 478, 3)
B shape (319, 478, 3)
Extracted frame BIB_392
run BIB t= 393
Found population proton
Found population proton
Found population proton
Found population proton
Found population proton
Found population proton
Found population proton
Found population proton
Found population proton
Found population proton
Found population proton
Found population proton
Found population proton
Pdiag shape (319, 478, 3)
B shape (319, 478, 3)
Extracted frame BIB_393
run BIB t= 394
Found population proton
Found population proton
Found population proton
Found population proton
Found population proton
Found population proton
Found population proton
Found population proton
Found population proton
Found population proton
Found population proton
Found population proton
Found population proton
Pdiag shape (319, 478, 3)
B shape (319, 478, 3)
Extracted frame BIB_394
run BIB t= 395
Found population proton
Found population proton
Found population proton
Found population proton
Found population proton
Found population proton
Found population proton
Found population proton
Found population proton
Found population proton
Found population proton
Found population proton
Found population proton
Pdiag shape (319, 478, 3)
B shape (319, 478, 3)
Extracted frame BIB_395
run BIB t= 396
Found population proton
Found population proton
Found population proton
Found population proton
Found population proton
Found population proton
Found population proton
Found population proton
Found population proton
Found population proton
Found population proton
Found population proton
Found population proton
Pdiag shape (319, 478, 3)
B shape (319, 478, 3)
Extracted frame BIB_396
run BIB t= 397
Found population proton
Found population proton
Found population proton
Found population proton
Found population proton
Found population proton
Found population proton
Found population proton
Found population proton
Found population proton
Found population proton
Found population proton
Found population proton
Pdiag shape (319, 478, 3)
B shape (319, 478, 3)
Extracted frame BIB_397
run BIB t= 398
Found population proton
Found population proton
Found population proton
Found population proton
Found population proton
Found population proton
Found population proton
Found population proton
Found population proton
Found population proton
Found population proton
Found population proton
Found population proton
Pdiag shape (319, 478, 3)
B shape (319, 478, 3)
Extracted frame BIB_398
run BIB t= 399
Found population proton
Found population proton
Found population proton
Found population proton
Found population proton
Found population proton
Found population proton
Found population proton
Found population proton
Found population proton
Found population proton
Found population proton
Found population proton
Pdiag shape (319, 478, 3)
B shape (319, 478, 3)
Extracted frame BIB_399
run BIB t= 400
Found population proton
Found population proton
Found population proton
Found population proton
Found population proton
Found population proton
Found population proton
Found population proton
Found population proton
Found population proton
Found population proton
Found population proton
Found population proton
Pdiag shape (319, 478, 3)
B shape (319, 478, 3)
Extracted frame BIB_400
run BIB t= 401
Found population proton
Found population proton
Found population proton
Found population proton
Found population proton
Found population proton
Found population proton
Found population proton
Found population proton
Found population proton
Found population proton
Found population proton
Found population proton
Pdiag shape (319, 478, 3)
B shape (319, 478, 3)
Extracted frame BIB_401
run BIB t= 402
Found population proton
Found population proton
Found population proton
Found population proton
Found population proton
Found population proton
Found population proton
Found population proton
Found population proton
Found population proton
Found population proton
Found population proton
Found population proton
Pdiag shape (319, 478, 3)
B shape (319, 478, 3)
Extracted frame BIB_402
run BIB t= 403
Found population proton
Found population proton
Found population proton
Found population proton
Found population proton
Found population proton
Found population proton
Found population proton
Found population proton
Found population proton
Found population proton
Found population proton
Found population proton
Pdiag shape (319, 478, 3)
B shape (319, 478, 3)
Extracted frame BIB_403
run BIB t= 404
Found population proton
Found population proton
Found population proton
Found population proton
Found population proton
Found population proton
Found population proton
Found population proton
Found population proton
Found population proton
Found population proton
Found population proton
Found population proton
Pdiag shape (319, 478, 3)
B shape (319, 478, 3)
Extracted frame BIB_404
run BIB t= 405
Found population proton
Found population proton
Found population proton
Found population proton
Found population proton
Found population proton
Found population proton
Found population proton
Found population proton
Found population proton
Found population proton
Found population proton
Found population proton
Pdiag shape (319, 478, 3)
B shape (319, 478, 3)
Extracted frame BIB_405
run BIB t= 406
Found population proton
Found population proton
Found population proton
Found population proton
Found population proton
Found population proton
Found population proton
Found population proton
Found population proton
Found population proton
Found population proton
Found population proton
Found population proton
Pdiag shape (319, 478, 3)
B shape (319, 478, 3)
Extracted frame BIB_406
run BIB t= 407
Found population proton
Found population proton
Found population proton
Found population proton
Found population proton
Found population proton
Found population proton
Found population proton
Found population proton
Found population proton
Found population proton
Found population proton
Found population proton
Pdiag shape (319, 478, 3)
B shape (319, 478, 3)
Extracted frame BIB_407
run BIB t= 408
Found population proton
Found population proton
Found population proton
Found population proton
Found population proton
Found population proton
Found population proton
Found population proton
Found population proton
Found population proton
Found population proton
Found population proton
Found population proton
Pdiag shape (319, 478, 3)
B shape (319, 478, 3)
Extracted frame BIB_408
run BIB t= 409
Found population proton
Found population proton
Found population proton
Found population proton
Found population proton
Found population proton
Found population proton
Found population proton
Found population proton
Found population proton
Found population proton
Found population proton
Found population proton
Pdiag shape (319, 478, 3)
B shape (319, 478, 3)
Extracted frame BIB_409
run BIB t= 410
Found population proton
Found population proton
Found population proton
Found population proton
Found population proton
Found population proton
Found population proton
Found population proton
Found population proton
Found population proton
Found population proton
Found population proton
Found population proton
Pdiag shape (319, 478, 3)
B shape (319, 478, 3)
Extracted frame BIB_410
run BIB t= 411
Found population proton
Found population proton
Found population proton
Found population proton
Found population proton
Found population proton
Found population proton
Found population proton
Found population proton
Found population proton
Found population proton
Found population proton
Found population proton
Pdiag shape (319, 478, 3)
B shape (319, 478, 3)
Extracted frame BIB_411
run BIB t= 412
Found population proton
Found population proton
Found population proton
Found population proton
Found population proton
Found population proton
Found population proton
Found population proton
Found population proton
Found population proton
Found population proton
Found population proton
Found population proton
Pdiag shape (319, 478, 3)
B shape (319, 478, 3)
Extracted frame BIB_412
run BIB t= 413
Found population proton
Found population proton
Found population proton
Found population proton
Found population proton
Found population proton
Found population proton
Found population proton
Found population proton
Found population proton
Found population proton
Found population proton
Found population proton
Pdiag shape (319, 478, 3)
B shape (319, 478, 3)
Extracted frame BIB_413
run BIB t= 414
Found population proton
Found population proton
Found population proton
Found population proton
Found population proton
Found population proton
Found population proton
Found population proton
Found population proton
Found population proton
Found population proton
Found population proton
Found population proton
Pdiag shape (319, 478, 3)
B shape (319, 478, 3)
Extracted frame BIB_414
run BIB t= 415
Found population proton
Found population proton
Found population proton
Found population proton
Found population proton
Found population proton
Found population proton
Found population proton
Found population proton
Found population proton
Found population proton
Found population proton
Found population proton
Pdiag shape (319, 478, 3)
B shape (319, 478, 3)
Extracted frame BIB_415
run BIB t= 416
Found population proton
Found population proton
Found population proton
Found population proton
Found population proton
Found population proton
Found population proton
Found population proton
Found population proton
Found population proton
Found population proton
Found population proton
Found population proton
Pdiag shape (319, 478, 3)
B shape (319, 478, 3)
Extracted frame BIB_416
run BIB t= 417
Found population proton
Found population proton
Found population proton
Found population proton
Found population proton
Found population proton
Found population proton
Found population proton
Found population proton
Found population proton
Found population proton
Found population proton
Found population proton
Pdiag shape (319, 478, 3)
B shape (319, 478, 3)
Extracted frame BIB_417
run BIB t= 418
Found population proton
Found population proton
Found population proton
Found population proton
Found population proton
Found population proton
Found population proton
Found population proton
Found population proton
Found population proton
Found population proton
Found population proton
Found population proton
Pdiag shape (319, 478, 3)
B shape (319, 478, 3)
Extracted frame BIB_418
run BIB t= 419
Found population proton
Found population proton
Found population proton
Found population proton
Found population proton
Found population proton
Found population proton
Found population proton
Found population proton
Found population proton
Found population proton
Found population proton
Found population proton
Pdiag shape (319, 478, 3)
B shape (319, 478, 3)
Extracted frame BIB_419
run BIB t= 420
Found population proton
Found population proton
Found population proton
Found population proton
Found population proton
Found population proton
Found population proton
Found population proton
Found population proton
Found population proton
Found population proton
Found population proton
Found population proton
Pdiag shape (319, 478, 3)
B shape (319, 478, 3)
Extracted frame BIB_420
run BIB t= 421
Found population proton
Found population proton
Found population proton
Found population proton
Found population proton
Found population proton
Found population proton
Found population proton
Found population proton
Found population proton
Found population proton
Found population proton
Found population proton
Pdiag shape (319, 478, 3)
B shape (319, 478, 3)
Extracted frame BIB_421
run BIB t= 422
Found population proton
Found population proton
Found population proton
Found population proton
Found population proton
Found population proton
Found population proton
Found population proton
Found population proton
Found population proton
Found population proton
Found population proton
Found population proton
Pdiag shape (319, 478, 3)
B shape (319, 478, 3)
Extracted frame BIB_422
run BIB t= 423
Found population proton
Found population proton
Found population proton
Found population proton
Found population proton
Found population proton
Found population proton
Found population proton
Found population proton
Found population proton
Found population proton
Found population proton
Found population proton
Pdiag shape (319, 478, 3)
B shape (319, 478, 3)
Extracted frame BIB_423
run BIB t= 424
Found population proton
Found population proton
Found population proton
Found population proton
Found population proton
Found population proton
Found population proton
Found population proton
Found population proton
Found population proton
Found population proton
Found population proton
Found population proton
Pdiag shape (319, 478, 3)
B shape (319, 478, 3)
Extracted frame BIB_424
run BIB t= 425
Found population proton
Found population proton
Found population proton
Found population proton
Found population proton
Found population proton
Found population proton
Found population proton
Found population proton
Found population proton
Found population proton
Found population proton
Found population proton
Pdiag shape (319, 478, 3)
B shape (319, 478, 3)
Extracted frame BIB_425
run BIB t= 426
Found population proton
Found population proton
Found population proton
Found population proton
Found population proton
Found population proton
Found population proton
Found population proton
Found population proton
Found population proton
Found population proton
Found population proton
Found population proton
Pdiag shape (319, 478, 3)
B shape (319, 478, 3)
Extracted frame BIB_426
run BIB t= 427
Found population proton
Found population proton
Found population proton
Found population proton
Found population proton
Found population proton
Found population proton
Found population proton
Found population proton
Found population proton
Found population proton
Found population proton
Found population proton
Pdiag shape (319, 478, 3)
B shape (319, 478, 3)
Extracted frame BIB_427
run BIB t= 428
Found population proton
Found population proton
Found population proton
Found population proton
Found population proton
Found population proton
Found population proton
Found population proton
Found population proton
Found population proton
Found population proton
Found population proton
Found population proton
Pdiag shape (319, 478, 3)
B shape (319, 478, 3)
Extracted frame BIB_428
run BIB t= 429
Found population proton
Found population proton
Found population proton
Found population proton
Found population proton
Found population proton
Found population proton
Found population proton
Found population proton
Found population proton
Found population proton
Found population proton
Found population proton
Pdiag shape (319, 478, 3)
B shape (319, 478, 3)
Extracted frame BIB_429
run BIB t= 430
Found population proton
Found population proton
Found population proton
Found population proton
Found population proton
Found population proton
Found population proton
Found population proton
Found population proton
Found population proton
Found population proton
Found population proton
Found population proton
Pdiag shape (319, 478, 3)
B shape (319, 478, 3)
Extracted frame BIB_430
run BIB t= 431
Found population proton
Found population proton
Found population proton
Found population proton
Found population proton
Found population proton
Found population proton
Found population proton
Found population proton
Found population proton
Found population proton
Found population proton
Found population proton
Pdiag shape (319, 478, 3)
B shape (319, 478, 3)
Extracted frame BIB_431
run BIB t= 432
Found population proton
Found population proton
Found population proton
Found population proton
Found population proton
Found population proton
Found population proton
Found population proton
Found population proton
Found population proton
Found population proton
Found population proton
Found population proton
Pdiag shape (319, 478, 3)
B shape (319, 478, 3)
Extracted frame BIB_432
run BIB t= 433
Found population proton
Found population proton
Found population proton
Found population proton
Found population proton
Found population proton
Found population proton
Found population proton
Found population proton
Found population proton
Found population proton
Found population proton
Found population proton
Pdiag shape (319, 478, 3)
B shape (319, 478, 3)
Extracted frame BIB_433
run BIB t= 434
Found population proton
Found population proton
Found population proton
Found population proton
Found population proton
Found population proton
Found population proton
Found population proton
Found population proton
Found population proton
Found population proton
Found population proton
Found population proton
Pdiag shape (319, 478, 3)
B shape (319, 478, 3)
Extracted frame BIB_434
run BIB t= 435
Found population proton
Found population proton
Found population proton
Found population proton
Found population proton
Found population proton
Found population proton
Found population proton
Found population proton
Found population proton
Found population proton
Found population proton
Found population proton
Pdiag shape (319, 478, 3)
B shape (319, 478, 3)
Extracted frame BIB_435
run BIB t= 436
Found population proton
Found population proton
Found population proton
Found population proton
Found population proton
Found population proton
Found population proton
Found population proton
Found population proton
Found population proton
Found population proton
Found population proton
Found population proton
Pdiag shape (319, 478, 3)
B shape (319, 478, 3)
Extracted frame BIB_436
run BIB t= 437
Found population proton
Found population proton
Found population proton
Found population proton
Found population proton
Found population proton
Found population proton
Found population proton
Found population proton
Found population proton
Found population proton
Found population proton
Found population proton
Pdiag shape (319, 478, 3)
B shape (319, 478, 3)
Extracted frame BIB_437
run BIB t= 438
Found population proton
Found population proton
Found population proton
Found population proton
Found population proton
Found population proton
Found population proton
Found population proton
Found population proton
Found population proton
Found population proton
Found population proton
Found population proton
Pdiag shape (319, 478, 3)
B shape (319, 478, 3)
Extracted frame BIB_438
run BIB t= 439
Found population proton
Found population proton
Found population proton
Found population proton
Found population proton
Found population proton
Found population proton
Found population proton
Found population proton
Found population proton
Found population proton
Found population proton
Found population proton
Pdiag shape (319, 478, 3)
B shape (319, 478, 3)
Extracted frame BIB_439
run BIB t= 440
Found population proton
Found population proton
Found population proton
Found population proton
Found population proton
Found population proton
Found population proton
Found population proton
Found population proton
Found population proton
Found population proton
Found population proton
Found population proton
Pdiag shape (319, 478, 3)
B shape (319, 478, 3)
Extracted frame BIB_440
run BIB t= 441
Found population proton
Found population proton
Found population proton
Found population proton
Found population proton
Found population proton
Found population proton
Found population proton
Found population proton
Found population proton
Found population proton
Found population proton
Found population proton
Pdiag shape (319, 478, 3)
B shape (319, 478, 3)
Extracted frame BIB_441
run BIB t= 442
Found population proton
Found population proton
Found population proton
Found population proton
Found population proton
Found population proton
Found population proton
Found population proton
Found population proton
Found population proton
Found population proton
Found population proton
Found population proton
Pdiag shape (319, 478, 3)
B shape (319, 478, 3)
Extracted frame BIB_442
run BIB t= 443
Found population proton
Found population proton
Found population proton
Found population proton
Found population proton
Found population proton
Found population proton
Found population proton
Found population proton
Found population proton
Found population proton
Found population proton
Found population proton
Pdiag shape (319, 478, 3)
B shape (319, 478, 3)
Extracted frame BIB_443
run BIB t= 444
Found population proton
Found population proton
Found population proton
Found population proton
Found population proton
Found population proton
Found population proton
Found population proton
Found population proton
Found population proton
Found population proton
Found population proton
Found population proton
Pdiag shape (319, 478, 3)
B shape (319, 478, 3)
Extracted frame BIB_444
run BIB t= 445
Found population proton
Found population proton
Found population proton
Found population proton
Found population proton
Found population proton
Found population proton
Found population proton
Found population proton
Found population proton
Found population proton
Found population proton
Found population proton
Pdiag shape (319, 478, 3)
B shape (319, 478, 3)
Extracted frame BIB_445
run BIB t= 446
Found population proton
Found population proton
Found population proton
Found population proton
Found population proton
Found population proton
Found population proton
Found population proton
Found population proton
Found population proton
Found population proton
Found population proton
Found population proton
Pdiag shape (319, 478, 3)
B shape (319, 478, 3)
Extracted frame BIB_446
run BIB t= 447
Found population proton
Found population proton
Found population proton
Found population proton
Found population proton
Found population proton
Found population proton
Found population proton
Found population proton
Found population proton
Found population proton
Found population proton
Found population proton
Pdiag shape (319, 478, 3)
B shape (319, 478, 3)
Extracted frame BIB_447
run BIB t= 448
Found population proton
Found population proton
Found population proton
Found population proton
Found population proton
Found population proton
Found population proton
Found population proton
Found population proton
Found population proton
Found population proton
Found population proton
Found population proton
Pdiag shape (319, 478, 3)
B shape (319, 478, 3)
Extracted frame BIB_448
run BIB t= 449
Found population proton
Found population proton
Found population proton
Found population proton
Found population proton
Found population proton
Found population proton
Found population proton
Found population proton
Found population proton
Found population proton
Found population proton
Found population proton
Pdiag shape (319, 478, 3)
B shape (319, 478, 3)
Extracted frame BIB_449
run BIB t= 450
Found population proton
Found population proton
Found population proton
Found population proton
Found population proton
Found population proton
Found population proton
Found population proton
Found population proton
Found population proton
Found population proton
Found population proton
Found population proton
Pdiag shape (319, 478, 3)
B shape (319, 478, 3)
Extracted frame BIB_450
run BIB t= 451
Found population proton
Found population proton
Found population proton
Found population proton
Found population proton
Found population proton
Found population proton
Found population proton
Found population proton
Found population proton
Found population proton
Found population proton
Found population proton
Pdiag shape (319, 478, 3)
B shape (319, 478, 3)
Extracted frame BIB_451
run BIB t= 452
Found population proton
Found population proton
Found population proton
Found population proton
Found population proton
Found population proton
Found population proton
Found population proton
Found population proton
Found population proton
Found population proton
Found population proton
Found population proton
Pdiag shape (319, 478, 3)
B shape (319, 478, 3)
Extracted frame BIB_452
run BIB t= 453
Found population proton
Found population proton
Found population proton
Found population proton
Found population proton
Found population proton
Found population proton
Found population proton
Found population proton
Found population proton
Found population proton
Found population proton
Found population proton
Pdiag shape (319, 478, 3)
B shape (319, 478, 3)
Extracted frame BIB_453
run BIB t= 454
Found population proton
Found population proton
Found population proton
Found population proton
Found population proton
Found population proton
Found population proton
Found population proton
Found population proton
Found population proton
Found population proton
Found population proton
Found population proton
Pdiag shape (319, 478, 3)
B shape (319, 478, 3)
Extracted frame BIB_454
run BIB t= 455
Found population proton
Found population proton
Found population proton
Found population proton
Found population proton
Found population proton
Found population proton
Found population proton
Found population proton
Found population proton
Found population proton
Found population proton
Found population proton
Pdiag shape (319, 478, 3)
B shape (319, 478, 3)
Extracted frame BIB_455
run BIB t= 456
Found population proton
Found population proton
Found population proton
Found population proton
Found population proton
Found population proton
Found population proton
Found population proton
Found population proton
Found population proton
Found population proton
Found population proton
Found population proton
Pdiag shape (319, 478, 3)
B shape (319, 478, 3)
Extracted frame BIB_456
run BIB t= 457
Found population proton
Found population proton
Found population proton
Found population proton
Found population proton
Found population proton
Found population proton
Found population proton
Found population proton
Found population proton
Found population proton
Found population proton
Found population proton
Pdiag shape (319, 478, 3)
B shape (319, 478, 3)
Extracted frame BIB_457
run BIB t= 458
Found population proton
Found population proton
Found population proton
Found population proton
Found population proton
Found population proton
Found population proton
Found population proton
Found population proton
Found population proton
Found population proton
Found population proton
Found population proton
Pdiag shape (319, 478, 3)
B shape (319, 478, 3)
Extracted frame BIB_458
run BIB t= 459
Found population proton
Found population proton
Found population proton
Found population proton
Found population proton
Found population proton
Found population proton
Found population proton
Found population proton
Found population proton
Found population proton
Found population proton
Found population proton
Pdiag shape (319, 478, 3)
B shape (319, 478, 3)
Extracted frame BIB_459
run BIB t= 460
Found population proton
Found population proton
Found population proton
Found population proton
Found population proton
Found population proton
Found population proton
Found population proton
Found population proton
Found population proton
Found population proton
Found population proton
Found population proton
Pdiag shape (319, 478, 3)
B shape (319, 478, 3)
Extracted frame BIB_460
run BIB t= 461
Found population proton
Found population proton
Found population proton
Found population proton
Found population proton
Found population proton
Found population proton
Found population proton
Found population proton
Found population proton
Found population proton
Found population proton
Found population proton
Pdiag shape (319, 478, 3)
B shape (319, 478, 3)
Extracted frame BIB_461
run BIB t= 462
Found population proton
Found population proton
Found population proton
Found population proton
Found population proton
Found population proton
Found population proton
Found population proton
Found population proton
Found population proton
Found population proton
Found population proton
Found population proton
Pdiag shape (319, 478, 3)
B shape (319, 478, 3)
Extracted frame BIB_462
run BIB t= 463
Found population proton
Found population proton
Found population proton
Found population proton
Found population proton
Found population proton
Found population proton
Found population proton
Found population proton
Found population proton
Found population proton
Found population proton
Found population proton
Pdiag shape (319, 478, 3)
B shape (319, 478, 3)
Extracted frame BIB_463
run BIB t= 464
Found population proton
Found population proton
Found population proton
Found population proton
Found population proton
Found population proton
Found population proton
Found population proton
Found population proton
Found population proton
Found population proton
Found population proton
Found population proton
Pdiag shape (319, 478, 3)
B shape (319, 478, 3)
Extracted frame BIB_464
run BIB t= 465
Found population proton
Found population proton
Found population proton
Found population proton
Found population proton
Found population proton
Found population proton
Found population proton
Found population proton
Found population proton
Found population proton
Found population proton
Found population proton
Pdiag shape (319, 478, 3)
B shape (319, 478, 3)
Extracted frame BIB_465
run BIB t= 466
Found population proton
Found population proton
Found population proton
Found population proton
Found population proton
Found population proton
Found population proton
Found population proton
Found population proton
Found population proton
Found population proton
Found population proton
Found population proton
Pdiag shape (319, 478, 3)
B shape (319, 478, 3)
Extracted frame BIB_466
run BIB t= 467
Found population proton
Found population proton
Found population proton
Found population proton
Found population proton
Found population proton
Found population proton
Found population proton
Found population proton
Found population proton
Found population proton
Found population proton
Found population proton
Pdiag shape (319, 478, 3)
B shape (319, 478, 3)
Extracted frame BIB_467
run BIB t= 468
Found population proton
Found population proton
Found population proton
Found population proton
Found population proton
Found population proton
Found population proton
Found population proton
Found population proton
Found population proton
Found population proton
Found population proton
Found population proton
Pdiag shape (319, 478, 3)
B shape (319, 478, 3)
Extracted frame BIB_468
run BIB t= 469
Found population proton
Found population proton
Found population proton
Found population proton
Found population proton
Found population proton
Found population proton
Found population proton
Found population proton
Found population proton
Found population proton
Found population proton
Found population proton
Pdiag shape (319, 478, 3)
B shape (319, 478, 3)
Extracted frame BIB_469
run BIB t= 470
Found population proton
Found population proton
Found population proton
Found population proton
Found population proton
Found population proton
Found population proton
Found population proton
Found population proton
Found population proton
Found population proton
Found population proton
Found population proton
Pdiag shape (319, 478, 3)
B shape (319, 478, 3)
Extracted frame BIB_470
run BIB t= 471
Found population proton
Found population proton
Found population proton
Found population proton
Found population proton
Found population proton
Found population proton
Found population proton
Found population proton
Found population proton
Found population proton
Found population proton
Found population proton
Pdiag shape (319, 478, 3)
B shape (319, 478, 3)
Extracted frame BIB_471
run BIB t= 472
Found population proton
Found population proton
Found population proton
Found population proton
Found population proton
Found population proton
Found population proton
Found population proton
Found population proton
Found population proton
Found population proton
Found population proton
Found population proton
Pdiag shape (319, 478, 3)
B shape (319, 478, 3)
Extracted frame BIB_472
run BIB t= 473
Found population proton
Found population proton
Found population proton
Found population proton
Found population proton
Found population proton
Found population proton
Found population proton
Found population proton
Found population proton
Found population proton
Found population proton
Found population proton
Pdiag shape (319, 478, 3)
B shape (319, 478, 3)
Extracted frame BIB_473
run BIB t= 474
Found population proton
Found population proton
Found population proton
Found population proton
Found population proton
Found population proton
Found population proton
Found population proton
Found population proton
Found population proton
Found population proton
Found population proton
Found population proton
Pdiag shape (319, 478, 3)
B shape (319, 478, 3)
Extracted frame BIB_474
run BIB t= 475
Found population proton
Found population proton
Found population proton
Found population proton
Found population proton
Found population proton
Found population proton
Found population proton
Found population proton
Found population proton
Found population proton
Found population proton
Found population proton
Pdiag shape (319, 478, 3)
B shape (319, 478, 3)
Extracted frame BIB_475
run BIB t= 476
Found population proton
Found population proton
Found population proton
Found population proton
Found population proton
Found population proton
Found population proton
Found population proton
Found population proton
Found population proton
Found population proton
Found population proton
Found population proton
Pdiag shape (319, 478, 3)
B shape (319, 478, 3)
Extracted frame BIB_476
run BIB t= 477
Found population proton
Found population proton
Found population proton
Found population proton
Found population proton
Found population proton
Found population proton
Found population proton
Found population proton
Found population proton
Found population proton
Found population proton
Found population proton
Pdiag shape (319, 478, 3)
B shape (319, 478, 3)
Extracted frame BIB_477
run BIB t= 478
Found population proton
Found population proton
Found population proton
Found population proton
Found population proton
Found population proton
Found population proton
Found population proton
Found population proton
Found population proton
Found population proton
Found population proton
Found population proton
Pdiag shape (319, 478, 3)
B shape (319, 478, 3)
Extracted frame BIB_478
run BIB t= 479
Found population proton
Found population proton
Found population proton
Found population proton
Found population proton
Found population proton
Found population proton
Found population proton
Found population proton
Found population proton
Found population proton
Found population proton
Found population proton
Pdiag shape (319, 478, 3)
B shape (319, 478, 3)
Extracted frame BIB_479
run BIB t= 480
Found population proton
Found population proton
Found population proton
Found population proton
Found population proton
Found population proton
Found population proton
Found population proton
Found population proton
Found population proton
Found population proton
Found population proton
Found population proton
Pdiag shape (319, 478, 3)
B shape (319, 478, 3)
Extracted frame BIB_480
run BIB t= 481
Found population proton
Found population proton
Found population proton
Found population proton
Found population proton
Found population proton
Found population proton
Found population proton
Found population proton
Found population proton
Found population proton
Found population proton
Found population proton
Pdiag shape (319, 478, 3)
B shape (319, 478, 3)
Extracted frame BIB_481
run BIB t= 482
Found population proton
Found population proton
Found population proton
Found population proton
Found population proton
Found population proton
Found population proton
Found population proton
Found population proton
Found population proton
Found population proton
Found population proton
Found population proton
Pdiag shape (319, 478, 3)
B shape (319, 478, 3)
Extracted frame BIB_482
run BIB t= 483
Found population proton
Found population proton
Found population proton
Found population proton
Found population proton
Found population proton
Found population proton
Found population proton
Found population proton
Found population proton
Found population proton
Found population proton
Found population proton
Pdiag shape (319, 478, 3)
B shape (319, 478, 3)
Extracted frame BIB_483
run BIB t= 484
Found population proton
Found population proton
Found population proton
Found population proton
Found population proton
Found population proton
Found population proton
Found population proton
Found population proton
Found population proton
Found population proton
Found population proton
Found population proton
Pdiag shape (319, 478, 3)
B shape (319, 478, 3)
Extracted frame BIB_484
run BIB t= 485
Found population proton
Found population proton
Found population proton
Found population proton
Found population proton
Found population proton
Found population proton
Found population proton
Found population proton
Found population proton
Found population proton
Found population proton
Found population proton
Pdiag shape (319, 478, 3)
B shape (319, 478, 3)
Extracted frame BIB_485
run BIB t= 486
Found population proton
Found population proton
Found population proton
Found population proton
Found population proton
Found population proton
Found population proton
Found population proton
Found population proton
Found population proton
Found population proton
Found population proton
Found population proton
Pdiag shape (319, 478, 3)
B shape (319, 478, 3)
Extracted frame BIB_486
run BIB t= 487
Found population proton
Found population proton
Found population proton
Found population proton
Found population proton
Found population proton
Found population proton
Found population proton
Found population proton
Found population proton
Found population proton
Found population proton
Found population proton
Pdiag shape (319, 478, 3)
B shape (319, 478, 3)
Extracted frame BIB_487
run BIB t= 488
Found population proton
Found population proton
Found population proton
Found population proton
Found population proton
Found population proton
Found population proton
Found population proton
Found population proton
Found population proton
Found population proton
Found population proton
Found population proton
Pdiag shape (319, 478, 3)
B shape (319, 478, 3)
Extracted frame BIB_488
run BIB t= 489
Found population proton
Found population proton
Found population proton
Found population proton
Found population proton
Found population proton
Found population proton
Found population proton
Found population proton
Found population proton
Found population proton
Found population proton
Found population proton
Pdiag shape (319, 478, 3)
B shape (319, 478, 3)
Extracted frame BIB_489
run BIB t= 490
Found population proton
Found population proton
Found population proton
Found population proton
Found population proton
Found population proton
Found population proton
Found population proton
Found population proton
Found population proton
Found population proton
Found population proton
Found population proton
Pdiag shape (319, 478, 3)
B shape (319, 478, 3)
Extracted frame BIB_490
run BIB t= 491
Found population proton
Found population proton
Found population proton
Found population proton
Found population proton
Found population proton
Found population proton
Found population proton
Found population proton
Found population proton
Found population proton
Found population proton
Found population proton
Pdiag shape (319, 478, 3)
B shape (319, 478, 3)
Extracted frame BIB_491
run BIB t= 492
Found population proton
Found population proton
Found population proton
Found population proton
Found population proton
Found population proton
Found population proton
Found population proton
Found population proton
Found population proton
Found population proton
Found population proton
Found population proton
Pdiag shape (319, 478, 3)
B shape (319, 478, 3)
Extracted frame BIB_492
run BIB t= 493
Found population proton
Found population proton
Found population proton
Found population proton
Found population proton
Found population proton
Found population proton
Found population proton
Found population proton
Found population proton
Found population proton
Found population proton
Found population proton
Pdiag shape (319, 478, 3)
B shape (319, 478, 3)
Extracted frame BIB_493
run BIB t= 494
Found population proton
Found population proton
Found population proton
Found population proton
Found population proton
Found population proton
Found population proton
Found population proton
Found population proton
Found population proton
Found population proton
Found population proton
Found population proton
Pdiag shape (319, 478, 3)
B shape (319, 478, 3)
Extracted frame BIB_494
run BIB t= 495
Found population proton
Found population proton
Found population proton
Found population proton
Found population proton
Found population proton
Found population proton
Found population proton
Found population proton
Found population proton
Found population proton
Found population proton
Found population proton
Pdiag shape (319, 478, 3)
B shape (319, 478, 3)
Extracted frame BIB_495
run BIB t= 496
Found population proton
Found population proton
Found population proton
Found population proton
Found population proton
Found population proton
Found population proton
Found population proton
Found population proton
Found population proton
Found population proton
Found population proton
Found population proton
Pdiag shape (319, 478, 3)
B shape (319, 478, 3)
Extracted frame BIB_496
run BIB t= 497
Found population proton
Found population proton
Found population proton
Found population proton
Found population proton
Found population proton
Found population proton
Found population proton
Found population proton
Found population proton
Found population proton
Found population proton
Found population proton
Pdiag shape (319, 478, 3)
B shape (319, 478, 3)
Extracted frame BIB_497
run BIB t= 498
Found population proton
Found population proton
Found population proton
Found population proton
Found population proton
Found population proton
Found population proton
Found population proton
Found population proton
Found population proton
Found population proton
Found population proton
Found population proton
Pdiag shape (319, 478, 3)
B shape (319, 478, 3)
Extracted frame BIB_498
run BIB t= 499
Found population proton
Found population proton
Found population proton
Found population proton
Found population proton
Found population proton
Found population proton
Found population proton
Found population proton
Found population proton
Found population proton
Found population proton
Found population proton
Pdiag shape (319, 478, 3)
B shape (319, 478, 3)
Extracted frame BIB_499
run BIB t= 500
Found population proton
Found population proton
Found population proton
Found population proton
Found population proton
Found population proton
Found population proton
Found population proton
Found population proton
Found population proton
Found population proton
Found population proton
Found population proton
Pdiag shape (319, 478, 3)
B shape (319, 478, 3)
Extracted frame BIB_500
run BIB t= 501
Found population proton
Found population proton
Found population proton
Found population proton
Found population proton
Found population proton
Found population proton
Found population proton
Found population proton
Found population proton
Found population proton
Found population proton
Found population proton
Pdiag shape (319, 478, 3)
B shape (319, 478, 3)
Extracted frame BIB_501
run BIB t= 502
Found population proton
Found population proton
Found population proton
Found population proton
Found population proton
Found population proton
Found population proton
Found population proton
Found population proton
Found population proton
Found population proton
Found population proton
Found population proton
Pdiag shape (319, 478, 3)
B shape (319, 478, 3)
Extracted frame BIB_502
run BIB t= 503
Found population proton
Found population proton
Found population proton
Found population proton
Found population proton
Found population proton
Found population proton
Found population proton
Found population proton
Found population proton
Found population proton
Found population proton
Found population proton
Pdiag shape (319, 478, 3)
B shape (319, 478, 3)
Extracted frame BIB_503
run BIB t= 504
Found population proton
Found population proton
Found population proton
Found population proton
Found population proton
Found population proton
Found population proton
Found population proton
Found population proton
Found population proton
Found population proton
Found population proton
Found population proton
Pdiag shape (319, 478, 3)
B shape (319, 478, 3)
Extracted frame BIB_504
run BIB t= 505
Found population proton
Found population proton
Found population proton
Found population proton
Found population proton
Found population proton
Found population proton
Found population proton
Found population proton
Found population proton
Found population proton
Found population proton
Found population proton
Pdiag shape (319, 478, 3)
B shape (319, 478, 3)
Extracted frame BIB_505
run BIB t= 506
Found population proton
Found population proton
Found population proton
Found population proton
Found population proton
Found population proton
Found population proton
Found population proton
Found population proton
Found population proton
Found population proton
Found population proton
Found population proton
Pdiag shape (319, 478, 3)
B shape (319, 478, 3)
Extracted frame BIB_506
run BIB t= 507
Found population proton
Found population proton
Found population proton
Found population proton
Found population proton
Found population proton
Found population proton
Found population proton
Found population proton
Found population proton
Found population proton
Found population proton
Found population proton
Pdiag shape (319, 478, 3)
B shape (319, 478, 3)
Extracted frame BIB_507
run BIB t= 508
Found population proton
Found population proton
Found population proton
Found population proton
Found population proton
Found population proton
Found population proton
Found population proton
Found population proton
Found population proton
Found population proton
Found population proton
Found population proton
Pdiag shape (319, 478, 3)
B shape (319, 478, 3)
Extracted frame BIB_508
run BIB t= 509
Found population proton
Found population proton
Found population proton
Found population proton
Found population proton
Found population proton
Found population proton
Found population proton
Found population proton
Found population proton
Found population proton
Found population proton
Found population proton
Pdiag shape (319, 478, 3)
B shape (319, 478, 3)
Extracted frame BIB_509
run BIB t= 510
Found population proton
Found population proton
Found population proton
Found population proton
Found population proton
Found population proton
Found population proton
Found population proton
Found population proton
Found population proton
Found population proton
Found population proton
Found population proton
Pdiag shape (319, 478, 3)
B shape (319, 478, 3)
Extracted frame BIB_510
run BIB t= 511
Found population proton
Found population proton
Found population proton
Found population proton
Found population proton
Found population proton
Found population proton
Found population proton
Found population proton
Found population proton
Found population proton
Found population proton
Found population proton
Pdiag shape (319, 478, 3)
B shape (319, 478, 3)
Extracted frame BIB_511
run BIB t= 512
Found population proton
Found population proton
Found population proton
Found population proton
Found population proton
Found population proton
Found population proton
Found population proton
Found population proton
Found population proton
Found population proton
Found population proton
Found population proton
Pdiag shape (319, 478, 3)
B shape (319, 478, 3)
Extracted frame BIB_512
run BIB t= 513
Found population proton
Found population proton
Found population proton
Found population proton
Found population proton
Found population proton
Found population proton
Found population proton
Found population proton
Found population proton
Found population proton
Found population proton
Found population proton
Pdiag shape (319, 478, 3)
B shape (319, 478, 3)
Extracted frame BIB_513
run BIB t= 514
Found population proton
Found population proton
Found population proton
Found population proton
Found population proton
Found population proton
Found population proton
Found population proton
Found population proton
Found population proton
Found population proton
Found population proton
Found population proton
Pdiag shape (319, 478, 3)
B shape (319, 478, 3)
Extracted frame BIB_514
run BIB t= 515
Found population proton
Found population proton
Found population proton
Found population proton
Found population proton
Found population proton
Found population proton
Found population proton
Found population proton
Found population proton
Found population proton
Found population proton
Found population proton
Pdiag shape (319, 478, 3)
B shape (319, 478, 3)
Extracted frame BIB_515
run BIB t= 516
Found population proton
Found population proton
Found population proton
Found population proton
Found population proton
Found population proton
Found population proton
Found population proton
Found population proton
Found population proton
Found population proton
Found population proton
Found population proton
Pdiag shape (319, 478, 3)
B shape (319, 478, 3)
Extracted frame BIB_516
run BIB t= 517
Found population proton
Found population proton
Found population proton
Found population proton
Found population proton
Found population proton
Found population proton
Found population proton
Found population proton
Found population proton
Found population proton
Found population proton
Found population proton
Pdiag shape (319, 478, 3)
B shape (319, 478, 3)
Extracted frame BIB_517
run BIB t= 518
Found population proton
Found population proton
Found population proton
Found population proton
Found population proton
Found population proton
Found population proton
Found population proton
Found population proton
Found population proton
Found population proton
Found population proton
Found population proton
Pdiag shape (319, 478, 3)
B shape (319, 478, 3)
Extracted frame BIB_518
run BIB t= 519
Found population proton
Found population proton
Found population proton
Found population proton
Found population proton
Found population proton
Found population proton
Found population proton
Found population proton
Found population proton
Found population proton
Found population proton
Found population proton
Pdiag shape (319, 478, 3)
B shape (319, 478, 3)
Extracted frame BIB_519
run BIB t= 520
Found population proton
Found population proton
Found population proton
Found population proton
Found population proton
Found population proton
Found population proton
Found population proton
Found population proton
Found population proton
Found population proton
Found population proton
Found population proton
Pdiag shape (319, 478, 3)
B shape (319, 478, 3)
Extracted frame BIB_520
run BIB t= 521
Found population proton
Found population proton
Found population proton
Found population proton
Found population proton
Found population proton
Found population proton
Found population proton
Found population proton
Found population proton
Found population proton
Found population proton
Found population proton
Pdiag shape (319, 478, 3)
B shape (319, 478, 3)
Extracted frame BIB_521
run BIB t= 522
Found population proton
Found population proton
Found population proton
Found population proton
Found population proton
Found population proton
Found population proton
Found population proton
Found population proton
Found population proton
Found population proton
Found population proton
Found population proton
Pdiag shape (319, 478, 3)
B shape (319, 478, 3)
Extracted frame BIB_522
run BIB t= 523
Found population proton
Found population proton
Found population proton
Found population proton
Found population proton
Found population proton
Found population proton
Found population proton
Found population proton
Found population proton
Found population proton
Found population proton
Found population proton
Pdiag shape (319, 478, 3)
B shape (319, 478, 3)
Extracted frame BIB_523
run BIB t= 524
Found population proton
Found population proton
Found population proton
Found population proton
Found population proton
Found population proton
Found population proton
Found population proton
Found population proton
Found population proton
Found population proton
Found population proton
Found population proton
Pdiag shape (319, 478, 3)
B shape (319, 478, 3)
Extracted frame BIB_524
run BIB t= 525
Found population proton
Found population proton
Found population proton
Found population proton
Found population proton
Found population proton
Found population proton
Found population proton
Found population proton
Found population proton
Found population proton
Found population proton
Found population proton
Pdiag shape (319, 478, 3)
B shape (319, 478, 3)
Extracted frame BIB_525
run BIB t= 526
Found population proton
Found population proton
Found population proton
Found population proton
Found population proton
Found population proton
Found population proton
Found population proton
Found population proton
Found population proton
Found population proton
Found population proton
Found population proton
Pdiag shape (319, 478, 3)
B shape (319, 478, 3)
Extracted frame BIB_526
run BIB t= 527
Found population proton
Found population proton
Found population proton
Found population proton
Found population proton
Found population proton
Found population proton
Found population proton
Found population proton
Found population proton
Found population proton
Found population proton
Found population proton
Pdiag shape (319, 478, 3)
B shape (319, 478, 3)
Extracted frame BIB_527
run BIB t= 528
Found population proton
Found population proton
Found population proton
Found population proton
Found population proton
Found population proton
Found population proton
Found population proton
Found population proton
Found population proton
Found population proton
Found population proton
Found population proton
Pdiag shape (319, 478, 3)
B shape (319, 478, 3)
Extracted frame BIB_528
run BIB t= 529
Found population proton
Found population proton
Found population proton
Found population proton
Found population proton
Found population proton
Found population proton
Found population proton
Found population proton
Found population proton
Found population proton
Found population proton
Found population proton
Pdiag shape (319, 478, 3)
B shape (319, 478, 3)
Extracted frame BIB_529
run BIB t= 530
Found population proton
Found population proton
Found population proton
Found population proton
Found population proton
Found population proton
Found population proton
Found population proton
Found population proton
Found population proton
Found population proton
Found population proton
Found population proton
Pdiag shape (319, 478, 3)
B shape (319, 478, 3)
Extracted frame BIB_530
run BIB t= 531
Found population proton
Found population proton
Found population proton
Found population proton
Found population proton
Found population proton
Found population proton
Found population proton
Found population proton
Found population proton
Found population proton
Found population proton
Found population proton
Pdiag shape (319, 478, 3)
B shape (319, 478, 3)
Extracted frame BIB_531
run BIB t= 532
Found population proton
Found population proton
Found population proton
Found population proton
Found population proton
Found population proton
Found population proton
Found population proton
Found population proton
Found population proton
Found population proton
Found population proton
Found population proton
Pdiag shape (319, 478, 3)
B shape (319, 478, 3)
Extracted frame BIB_532
run BIB t= 533
Found population proton
Found population proton
Found population proton
Found population proton
Found population proton
Found population proton
Found population proton
Found population proton
Found population proton
Found population proton
Found population proton
Found population proton
Found population proton
Pdiag shape (319, 478, 3)
B shape (319, 478, 3)
Extracted frame BIB_533
run BIB t= 534
Found population proton
Found population proton
Found population proton
Found population proton
Found population proton
Found population proton
Found population proton
Found population proton
Found population proton
Found population proton
Found population proton
Found population proton
Found population proton
Pdiag shape (319, 478, 3)
B shape (319, 478, 3)
Extracted frame BIB_534
run BIB t= 535
Found population proton
Found population proton
Found population proton
Found population proton
Found population proton
Found population proton
Found population proton
Found population proton
Found population proton
Found population proton
Found population proton
Found population proton
Found population proton
Pdiag shape (319, 478, 3)
B shape (319, 478, 3)
Extracted frame BIB_535
run BIB t= 536
Found population proton
Found population proton
Found population proton
Found population proton
Found population proton
Found population proton
Found population proton
Found population proton
Found population proton
Found population proton
Found population proton
Found population proton
Found population proton
Pdiag shape (319, 478, 3)
B shape (319, 478, 3)
Extracted frame BIB_536
run BIB t= 537
Found population proton
Found population proton
Found population proton
Found population proton
Found population proton
Found population proton
Found population proton
Found population proton
Found population proton
Found population proton
Found population proton
Found population proton
Found population proton
Pdiag shape (319, 478, 3)
B shape (319, 478, 3)
Extracted frame BIB_537
run BIB t= 538
Found population proton
Found population proton
Found population proton
Found population proton
Found population proton
Found population proton
Found population proton
Found population proton
Found population proton
Found population proton
Found population proton
Found population proton
Found population proton
Pdiag shape (319, 478, 3)
B shape (319, 478, 3)
Extracted frame BIB_538
run BIB t= 539
Found population proton
Found population proton
Found population proton
Found population proton
Found population proton
Found population proton
Found population proton
Found population proton
Found population proton
Found population proton
Found population proton
Found population proton
Found population proton
Pdiag shape (319, 478, 3)
B shape (319, 478, 3)
Extracted frame BIB_539
run BIB t= 540
Found population proton
Found population proton
Found population proton
Found population proton
Found population proton
Found population proton
Found population proton
Found population proton
Found population proton
Found population proton
Found population proton
Found population proton
Found population proton
Pdiag shape (319, 478, 3)
B shape (319, 478, 3)
Extracted frame BIB_540
run BIB t= 541
Found population proton
Found population proton
Found population proton
Found population proton
Found population proton
Found population proton
Found population proton
Found population proton
Found population proton
Found population proton
Found population proton
Found population proton
Found population proton
Pdiag shape (319, 478, 3)
B shape (319, 478, 3)
Extracted frame BIB_541
run BIB t= 542
Found population proton
Found population proton
Found population proton
Found population proton
Found population proton
Found population proton
Found population proton
Found population proton
Found population proton
Found population proton
Found population proton
Found population proton
Found population proton
Pdiag shape (319, 478, 3)
B shape (319, 478, 3)
Extracted frame BIB_542
run BIB t= 543
Found population proton
Found population proton
Found population proton
Found population proton
Found population proton
Found population proton
Found population proton
Found population proton
Found population proton
Found population proton
Found population proton
Found population proton
Found population proton
Pdiag shape (319, 478, 3)
B shape (319, 478, 3)
Extracted frame BIB_543
run BIB t= 544
Found population proton
Found population proton
Found population proton
Found population proton
Found population proton
Found population proton
Found population proton
Found population proton
Found population proton
Found population proton
Found population proton
Found population proton
Found population proton
Pdiag shape (319, 478, 3)
B shape (319, 478, 3)
Extracted frame BIB_544
run BIB t= 545
Found population proton
Found population proton
Found population proton
Found population proton
Found population proton
Found population proton
Found population proton
Found population proton
Found population proton
Found population proton
Found population proton
Found population proton
Found population proton
Pdiag shape (319, 478, 3)
B shape (319, 478, 3)
Extracted frame BIB_545
run BIB t= 546
Found population proton
Found population proton
Found population proton
Found population proton
Found population proton
Found population proton
Found population proton
Found population proton
Found population proton
Found population proton
Found population proton
Found population proton
Found population proton
Pdiag shape (319, 478, 3)
B shape (319, 478, 3)
Extracted frame BIB_546
run BIB t= 547
Found population proton
Found population proton
Found population proton
Found population proton
Found population proton
Found population proton
Found population proton
Found population proton
Found population proton
Found population proton
Found population proton
Found population proton
Found population proton
Pdiag shape (319, 478, 3)
B shape (319, 478, 3)
Extracted frame BIB_547
run BIB t= 548
Found population proton
Found population proton
Found population proton
Found population proton
Found population proton
Found population proton
Found population proton
Found population proton
Found population proton
Found population proton
Found population proton
Found population proton
Found population proton
Pdiag shape (319, 478, 3)
B shape (319, 478, 3)
Extracted frame BIB_548
run BIB t= 549
Found population proton
Found population proton
Found population proton
Found population proton
Found population proton
Found population proton
Found population proton
Found population proton
Found population proton
Found population proton
Found population proton
Found population proton
Found population proton
Pdiag shape (319, 478, 3)
B shape (319, 478, 3)
Extracted frame BIB_549
run BIB t= 550
Found population proton
Found population proton
Found population proton
Found population proton
Found population proton
Found population proton
Found population proton
Found population proton
Found population proton
Found population proton
Found population proton
Found population proton
Found population proton
Pdiag shape (319, 478, 3)
B shape (319, 478, 3)
Extracted frame BIB_550
run BIB t= 551
Found population proton
Found population proton
Found population proton
Found population proton
Found population proton
Found population proton
Found population proton
Found population proton
Found population proton
Found population proton
Found population proton
Found population proton
Found population proton
Pdiag shape (319, 478, 3)
B shape (319, 478, 3)
Extracted frame BIB_551
run BIB t= 552
Found population proton
Found population proton
Found population proton
Found population proton
Found population proton
Found population proton
Found population proton
Found population proton
Found population proton
Found population proton
Found population proton
Found population proton
Found population proton
Pdiag shape (319, 478, 3)
B shape (319, 478, 3)
Extracted frame BIB_552
run BIB t= 553
Found population proton
Found population proton
Found population proton
Found population proton
Found population proton
Found population proton
Found population proton
Found population proton
Found population proton
Found population proton
Found population proton
Found population proton
Found population proton
Pdiag shape (319, 478, 3)
B shape (319, 478, 3)
Extracted frame BIB_553
run BIB t= 554
Found population proton
Found population proton
Found population proton
Found population proton
Found population proton
Found population proton
Found population proton
Found population proton
Found population proton
Found population proton
Found population proton
Found population proton
Found population proton
Pdiag shape (319, 478, 3)
B shape (319, 478, 3)
Extracted frame BIB_554
run BIB t= 555
Found population proton
Found population proton
Found population proton
Found population proton
Found population proton
Found population proton
Found population proton
Found population proton
Found population proton
Found population proton
Found population proton
Found population proton
Found population proton
Pdiag shape (319, 478, 3)
B shape (319, 478, 3)
Extracted frame BIB_555
run BIB t= 556
Found population proton
Found population proton
Found population proton
Found population proton
Found population proton
Found population proton
Found population proton
Found population proton
Found population proton
Found population proton
Found population proton
Found population proton
Found population proton
Pdiag shape (319, 478, 3)
B shape (319, 478, 3)
Extracted frame BIB_556
run BIB t= 557
Found population proton
Found population proton
Found population proton
Found population proton
Found population proton
Found population proton
Found population proton
Found population proton
Found population proton
Found population proton
Found population proton
Found population proton
Found population proton
Pdiag shape (319, 478, 3)
B shape (319, 478, 3)
Extracted frame BIB_557
run BIB t= 558
Found population proton
Found population proton
Found population proton
Found population proton
Found population proton
Found population proton
Found population proton
Found population proton
Found population proton
Found population proton
Found population proton
Found population proton
Found population proton
Pdiag shape (319, 478, 3)
B shape (319, 478, 3)
Extracted frame BIB_558
run BIB t= 559
Found population proton
Found population proton
Found population proton
Found population proton
Found population proton
Found population proton
Found population proton
Found population proton
Found population proton
Found population proton
Found population proton
Found population proton
Found population proton
Pdiag shape (319, 478, 3)
B shape (319, 478, 3)
Extracted frame BIB_559
run BIB t= 560
Found population proton
Found population proton
Found population proton
Found population proton
Found population proton
Found population proton
Found population proton
Found population proton
Found population proton
Found population proton
Found population proton
Found population proton
Found population proton
Pdiag shape (319, 478, 3)
B shape (319, 478, 3)
Extracted frame BIB_560
run BIB t= 561
Found population proton
Found population proton
Found population proton
Found population proton
Found population proton
Found population proton
Found population proton
Found population proton
Found population proton
Found population proton
Found population proton
Found population proton
Found population proton
Pdiag shape (319, 478, 3)
B shape (319, 478, 3)
Extracted frame BIB_561
run BIB t= 562
Found population proton
Found population proton
Found population proton
Found population proton
Found population proton
Found population proton
Found population proton
Found population proton
Found population proton
Found population proton
Found population proton
Found population proton
Found population proton
Pdiag shape (319, 478, 3)
B shape (319, 478, 3)
Extracted frame BIB_562
run BIB t= 563
Found population proton
Found population proton
Found population proton
Found population proton
Found population proton
Found population proton
Found population proton
Found population proton
Found population proton
Found population proton
Found population proton
Found population proton
Found population proton
Pdiag shape (319, 478, 3)
B shape (319, 478, 3)
Extracted frame BIB_563
run BIB t= 564
Found population proton
Found population proton
Found population proton
Found population proton
Found population proton
Found population proton
Found population proton
Found population proton
Found population proton
Found population proton
Found population proton
Found population proton
Found population proton
Pdiag shape (319, 478, 3)
B shape (319, 478, 3)
Extracted frame BIB_564
run BIB t= 565
Found population proton
Found population proton
Found population proton
Found population proton
Found population proton
Found population proton
Found population proton
Found population proton
Found population proton
Found population proton
Found population proton
Found population proton
Found population proton
Pdiag shape (319, 478, 3)
B shape (319, 478, 3)
Extracted frame BIB_565
run BIB t= 566
Found population proton
Found population proton
Found population proton
Found population proton
Found population proton
Found population proton
Found population proton
Found population proton
Found population proton
Found population proton
Found population proton
Found population proton
Found population proton
Pdiag shape (319, 478, 3)
B shape (319, 478, 3)
Extracted frame BIB_566
run BIB t= 567
Found population proton
Found population proton
Found population proton
Found population proton
Found population proton
Found population proton
Found population proton
Found population proton
Found population proton
Found population proton
Found population proton
Found population proton
Found population proton
Pdiag shape (319, 478, 3)
B shape (319, 478, 3)
Extracted frame BIB_567
run BIB t= 568
Found population proton
Found population proton
Found population proton
Found population proton
Found population proton
Found population proton
Found population proton
Found population proton
Found population proton
Found population proton
Found population proton
Found population proton
Found population proton
Pdiag shape (319, 478, 3)
B shape (319, 478, 3)
Extracted frame BIB_568
run BIB t= 569
Found population proton
Found population proton
Found population proton
Found population proton
Found population proton
Found population proton
Found population proton
Found population proton
Found population proton
Found population proton
Found population proton
Found population proton
Found population proton
Pdiag shape (319, 478, 3)
B shape (319, 478, 3)
Extracted frame BIB_569
run BIB t= 570
Found population proton
Found population proton
Found population proton
Found population proton
Found population proton
Found population proton
Found population proton
Found population proton
Found population proton
Found population proton
Found population proton
Found population proton
Found population proton
Pdiag shape (319, 478, 3)
B shape (319, 478, 3)
Extracted frame BIB_570
run BIB t= 571
Found population proton
Found population proton
Found population proton
Found population proton
Found population proton
Found population proton
Found population proton
Found population proton
Found population proton
Found population proton
Found population proton
Found population proton
Found population proton
Pdiag shape (319, 478, 3)
B shape (319, 478, 3)
Extracted frame BIB_571
run BIB t= 572
Found population proton
Found population proton
Found population proton
Found population proton
Found population proton
Found population proton
Found population proton
Found population proton
Found population proton
Found population proton
Found population proton
Found population proton
Found population proton
Pdiag shape (319, 478, 3)
B shape (319, 478, 3)
Extracted frame BIB_572
run BIB t= 573
Found population proton
Found population proton
Found population proton
Found population proton
Found population proton
Found population proton
Found population proton
Found population proton
Found population proton
Found population proton
Found population proton
Found population proton
Found population proton
Pdiag shape (319, 478, 3)
B shape (319, 478, 3)
Extracted frame BIB_573
run BIB t= 574
Found population proton
Found population proton
Found population proton
Found population proton
Found population proton
Found population proton
Found population proton
Found population proton
Found population proton
Found population proton
Found population proton
Found population proton
Found population proton
Pdiag shape (319, 478, 3)
B shape (319, 478, 3)
Extracted frame BIB_574
run BIB t= 575
Found population proton
Found population proton
Found population proton
Found population proton
Found population proton
Found population proton
Found population proton
Found population proton
Found population proton
Found population proton
Found population proton
Found population proton
Found population proton
Pdiag shape (319, 478, 3)
B shape (319, 478, 3)
Extracted frame BIB_575
run BIB t= 576
Found population proton
Found population proton
Found population proton
Found population proton
Found population proton
Found population proton
Found population proton
Found population proton
Found population proton
Found population proton
Found population proton
Found population proton
Found population proton
Pdiag shape (319, 478, 3)
B shape (319, 478, 3)
Extracted frame BIB_576
run BIB t= 577
Found population proton
Found population proton
Found population proton
Found population proton
Found population proton
Found population proton
Found population proton
Found population proton
Found population proton
Found population proton
Found population proton
Found population proton
Found population proton
Pdiag shape (319, 478, 3)
B shape (319, 478, 3)
Extracted frame BIB_577
run BIB t= 578
Found population proton
Found population proton
Found population proton
Found population proton
Found population proton
Found population proton
Found population proton
Found population proton
Found population proton
Found population proton
Found population proton
Found population proton
Found population proton
Pdiag shape (319, 478, 3)
B shape (319, 478, 3)
Extracted frame BIB_578
run BIB t= 579
Found population proton
Found population proton
Found population proton
Found population proton
Found population proton
Found population proton
Found population proton
Found population proton
Found population proton
Found population proton
Found population proton
Found population proton
Found population proton
Pdiag shape (319, 478, 3)
B shape (319, 478, 3)
Extracted frame BIB_579
run BIB t= 580
Found population proton
Found population proton
Found population proton
Found population proton
Found population proton
Found population proton
Found population proton
Found population proton
Found population proton
Found population proton
Found population proton
Found population proton
Found population proton
Pdiag shape (319, 478, 3)
B shape (319, 478, 3)
Extracted frame BIB_580
run BIB t= 581
Found population proton
Found population proton
Found population proton
Found population proton
Found population proton
Found population proton
Found population proton
Found population proton
Found population proton
Found population proton
Found population proton
Found population proton
Found population proton
Pdiag shape (319, 478, 3)
B shape (319, 478, 3)
Extracted frame BIB_581
run BIB t= 582
Found population proton
Found population proton
Found population proton
Found population proton
Found population proton
Found population proton
Found population proton
Found population proton
Found population proton
Found population proton
Found population proton
Found population proton
Found population proton
Pdiag shape (319, 478, 3)
B shape (319, 478, 3)
Extracted frame BIB_582
run BIB t= 583
Found population proton
Found population proton
Found population proton
Found population proton
Found population proton
Found population proton
Found population proton
Found population proton
Found population proton
Found population proton
Found population proton
Found population proton
Found population proton
Pdiag shape (319, 478, 3)
B shape (319, 478, 3)
Extracted frame BIB_583
run BIB t= 584
Found population proton
Found population proton
Found population proton
Found population proton
Found population proton
Found population proton
Found population proton
Found population proton
Found population proton
Found population proton
Found population proton
Found population proton
Found population proton
Pdiag shape (319, 478, 3)
B shape (319, 478, 3)
Extracted frame BIB_584
run BIB t= 585
Found population proton
Found population proton
Found population proton
Found population proton
Found population proton
Found population proton
Found population proton
Found population proton
Found population proton
Found population proton
Found population proton
Found population proton
Found population proton
Pdiag shape (319, 478, 3)
B shape (319, 478, 3)
Extracted frame BIB_585
run BIB t= 586
Found population proton
Found population proton
Found population proton
Found population proton
Found population proton
Found population proton
Found population proton
Found population proton
Found population proton
Found population proton
Found population proton
Found population proton
Found population proton
Pdiag shape (319, 478, 3)
B shape (319, 478, 3)
Extracted frame BIB_586
run BIB t= 587
Found population proton
Found population proton
Found population proton
Found population proton
Found population proton
Found population proton
Found population proton
Found population proton
Found population proton
Found population proton
Found population proton
Found population proton
Found population proton
Pdiag shape (319, 478, 3)
B shape (319, 478, 3)
Extracted frame BIB_587
run BIB t= 588
Found population proton
Found population proton
Found population proton
Found population proton
Found population proton
Found population proton
Found population proton
Found population proton
Found population proton
Found population proton
Found population proton
Found population proton
Found population proton
Pdiag shape (319, 478, 3)
B shape (319, 478, 3)
Extracted frame BIB_588
run BIB t= 589
Found population proton
Found population proton
Found population proton
Found population proton
Found population proton
Found population proton
Found population proton
Found population proton
Found population proton
Found population proton
Found population proton
Found population proton
Found population proton
Pdiag shape (319, 478, 3)
B shape (319, 478, 3)
Extracted frame BIB_589
run BIB t= 590
Found population proton
Found population proton
Found population proton
Found population proton
Found population proton
Found population proton
Found population proton
Found population proton
Found population proton
Found population proton
Found population proton
Found population proton
Found population proton
Pdiag shape (319, 478, 3)
B shape (319, 478, 3)
Extracted frame BIB_590
run BIB t= 591
Found population proton
Found population proton
Found population proton
Found population proton
Found population proton
Found population proton
Found population proton
Found population proton
Found population proton
Found population proton
Found population proton
Found population proton
Found population proton
Pdiag shape (319, 478, 3)
B shape (319, 478, 3)
Extracted frame BIB_591
run BIB t= 592
Found population proton
Found population proton
Found population proton
Found population proton
Found population proton
Found population proton
Found population proton
Found population proton
Found population proton
Found population proton
Found population proton
Found population proton
Found population proton
Pdiag shape (319, 478, 3)
B shape (319, 478, 3)
Extracted frame BIB_592
run BIB t= 593
Found population proton
Found population proton
Found population proton
Found population proton
Found population proton
Found population proton
Found population proton
Found population proton
Found population proton
Found population proton
Found population proton
Found population proton
Found population proton
Pdiag shape (319, 478, 3)
B shape (319, 478, 3)
Extracted frame BIB_593
run BIB t= 594
Found population proton
Found population proton
Found population proton
Found population proton
Found population proton
Found population proton
Found population proton
Found population proton
Found population proton
Found population proton
Found population proton
Found population proton
Found population proton
Pdiag shape (319, 478, 3)
B shape (319, 478, 3)
Extracted frame BIB_594
run BIB t= 595
Found population proton
Found population proton
Found population proton
Found population proton
Found population proton
Found population proton
Found population proton
Found population proton
Found population proton
Found population proton
Found population proton
Found population proton
Found population proton
Pdiag shape (319, 478, 3)
B shape (319, 478, 3)
Extracted frame BIB_595
run BIB t= 596
Found population proton
Found population proton
Found population proton
Found population proton
Found population proton
Found population proton
Found population proton
Found population proton
Found population proton
Found population proton
Found population proton
Found population proton
Found population proton
Pdiag shape (319, 478, 3)
B shape (319, 478, 3)
Extracted frame BIB_596
run BIB t= 597
Found population proton
Found population proton
Found population proton
Found population proton
Found population proton
Found population proton
Found population proton
Found population proton
Found population proton
Found population proton
Found population proton
Found population proton
Found population proton
Pdiag shape (319, 478, 3)
B shape (319, 478, 3)
Extracted frame BIB_597
run BIB t= 598
Found population proton
Found population proton
Found population proton
Found population proton
Found population proton
Found population proton
Found population proton
Found population proton
Found population proton
Found population proton
Found population proton
Found population proton
Found population proton
Pdiag shape (319, 478, 3)
B shape (319, 478, 3)
Extracted frame BIB_598
run BIB t= 599
Found population proton
Found population proton
Found population proton
Found population proton
Found population proton
Found population proton
Found population proton
Found population proton
Found population proton
Found population proton
Found population proton
Found population proton
Found population proton
Pdiag shape (319, 478, 3)
B shape (319, 478, 3)
Extracted frame BIB_599
run BIB t= 600
Found population proton
Found population proton
Found population proton
Found population proton
Found population proton
Found population proton
Found population proton
Found population proton
Found population proton
Found population proton
Found population proton
Found population proton
Found population proton
Pdiag shape (319, 478, 3)
B shape (319, 478, 3)
Extracted frame BIB_600
run BIB t= 601
Found population proton
Found population proton
Found population proton
Found population proton
Found population proton
Found population proton
Found population proton
Found population proton
Found population proton
Found population proton
Found population proton
Found population proton
Found population proton
Pdiag shape (319, 478, 3)
B shape (319, 478, 3)
Extracted frame BIB_601
run BIB t= 602
Found population proton
Found population proton
Found population proton
Found population proton
Found population proton
Found population proton
Found population proton
Found population proton
Found population proton
Found population proton
Found population proton
Found population proton
Found population proton
Pdiag shape (319, 478, 3)
B shape (319, 478, 3)
Extracted frame BIB_602
run BIB t= 603
Found population proton
Found population proton
Found population proton
Found population proton
Found population proton
Found population proton
Found population proton
Found population proton
Found population proton
Found population proton
Found population proton
Found population proton
Found population proton
Pdiag shape (319, 478, 3)
B shape (319, 478, 3)
Extracted frame BIB_603
run BIB t= 604
Found population proton
Found population proton
Found population proton
Found population proton
Found population proton
Found population proton
Found population proton
Found population proton
Found population proton
Found population proton
Found population proton
Found population proton
Found population proton
Pdiag shape (319, 478, 3)
B shape (319, 478, 3)
Extracted frame BIB_604
run BIB t= 605
Found population proton
Found population proton
Found population proton
Found population proton
Found population proton
Found population proton
Found population proton
Found population proton
Found population proton
Found population proton
Found population proton
Found population proton
Found population proton
Pdiag shape (319, 478, 3)
B shape (319, 478, 3)
Extracted frame BIB_605
run BIB t= 606
Found population proton
Found population proton
Found population proton
Found population proton
Found population proton
Found population proton
Found population proton
Found population proton
Found population proton
Found population proton
Found population proton
Found population proton
Found population proton
Pdiag shape (319, 478, 3)
B shape (319, 478, 3)
Extracted frame BIB_606
run BIB t= 607
Found population proton
Found population proton
Found population proton
Found population proton
Found population proton
Found population proton
Found population proton
Found population proton
Found population proton
Found population proton
Found population proton
Found population proton
Found population proton
Pdiag shape (319, 478, 3)
B shape (319, 478, 3)
Extracted frame BIB_607
run BIB t= 608
Found population proton
Found population proton
Found population proton
Found population proton
Found population proton
Found population proton
Found population proton
Found population proton
Found population proton
Found population proton
Found population proton
Found population proton
Found population proton
Pdiag shape (319, 478, 3)
B shape (319, 478, 3)
Extracted frame BIB_608
run BIB t= 609
Found population proton
Found population proton
Found population proton
Found population proton
Found population proton
Found population proton
Found population proton
Found population proton
Found population proton
Found population proton
Found population proton
Found population proton
Found population proton
Pdiag shape (319, 478, 3)
B shape (319, 478, 3)
Extracted frame BIB_609
run BIB t= 610
Found population proton
Found population proton
Found population proton
Found population proton
Found population proton
Found population proton
Found population proton
Found population proton
Found population proton
Found population proton
Found population proton
Found population proton
Found population proton
Pdiag shape (319, 478, 3)
B shape (319, 478, 3)
Extracted frame BIB_610
run BIB t= 611
Found population proton
Found population proton
Found population proton
Found population proton
Found population proton
Found population proton
Found population proton
Found population proton
Found population proton
Found population proton
Found population proton
Found population proton
Found population proton
Pdiag shape (319, 478, 3)
B shape (319, 478, 3)
Extracted frame BIB_611
run BIB t= 612
Found population proton
Found population proton
Found population proton
Found population proton
Found population proton
Found population proton
Found population proton
Found population proton
Found population proton
Found population proton
Found population proton
Found population proton
Found population proton
Pdiag shape (319, 478, 3)
B shape (319, 478, 3)
Extracted frame BIB_612
run BIB t= 613
Found population proton
Found population proton
Found population proton
Found population proton
Found population proton
Found population proton
Found population proton
Found population proton
Found population proton
Found population proton
Found population proton
Found population proton
Found population proton
Pdiag shape (319, 478, 3)
B shape (319, 478, 3)
Extracted frame BIB_613
run BIB t= 614
Found population proton
Found population proton
Found population proton
Found population proton
Found population proton
Found population proton
Found population proton
Found population proton
Found population proton
Found population proton
Found population proton
Found population proton
Found population proton
Pdiag shape (319, 478, 3)
B shape (319, 478, 3)
Extracted frame BIB_614
run BIB t= 615
Found population proton
Found population proton
Found population proton
Found population proton
Found population proton
Found population proton
Found population proton
Found population proton
Found population proton
Found population proton
Found population proton
Found population proton
Found population proton
Pdiag shape (319, 478, 3)
B shape (319, 478, 3)
Extracted frame BIB_615
run BIB t= 616
Found population proton
Found population proton
Found population proton
Found population proton
Found population proton
Found population proton
Found population proton
Found population proton
Found population proton
Found population proton
Found population proton
Found population proton
Found population proton
Pdiag shape (319, 478, 3)
B shape (319, 478, 3)
Extracted frame BIB_616
run BIB t= 617
Found population proton
Found population proton
Found population proton
Found population proton
Found population proton
Found population proton
Found population proton
Found population proton
Found population proton
Found population proton
Found population proton
Found population proton
Found population proton
Pdiag shape (319, 478, 3)
B shape (319, 478, 3)
Extracted frame BIB_617
run BIB t= 618
Found population proton
Found population proton
Found population proton
Found population proton
Found population proton
Found population proton
Found population proton
Found population proton
Found population proton
Found population proton
Found population proton
Found population proton
Found population proton
Pdiag shape (319, 478, 3)
B shape (319, 478, 3)
Extracted frame BIB_618
run BIB t= 619
Found population proton
Found population proton
Found population proton
Found population proton
Found population proton
Found population proton
Found population proton
Found population proton
Found population proton
Found population proton
Found population proton
Found population proton
Found population proton
Pdiag shape (319, 478, 3)
B shape (319, 478, 3)
Extracted frame BIB_619
run BIB t= 620
Found population proton
Found population proton
Found population proton
Found population proton
Found population proton
Found population proton
Found population proton
Found population proton
Found population proton
Found population proton
Found population proton
Found population proton
Found population proton
Pdiag shape (319, 478, 3)
B shape (319, 478, 3)
Extracted frame BIB_620
run BIB t= 621
Found population proton
Found population proton
Found population proton
Found population proton
Found population proton
Found population proton
Found population proton
Found population proton
Found population proton
Found population proton
Found population proton
Found population proton
Found population proton
Pdiag shape (319, 478, 3)
B shape (319, 478, 3)
Extracted frame BIB_621
run BIB t= 622
Found population proton
Found population proton
Found population proton
Found population proton
Found population proton
Found population proton
Found population proton
Found population proton
Found population proton
Found population proton
Found population proton
Found population proton
Found population proton
Pdiag shape (319, 478, 3)
B shape (319, 478, 3)
Extracted frame BIB_622
run BIB t= 623
Found population proton
Found population proton
Found population proton
Found population proton
Found population proton
Found population proton
Found population proton
Found population proton
Found population proton
Found population proton
Found population proton
Found population proton
Found population proton
Pdiag shape (319, 478, 3)
B shape (319, 478, 3)
Extracted frame BIB_623
run BIB t= 624
Found population proton
Found population proton
Found population proton
Found population proton
Found population proton
Found population proton
Found population proton
Found population proton
Found population proton
Found population proton
Found population proton
Found population proton
Found population proton
Pdiag shape (319, 478, 3)
B shape (319, 478, 3)
Extracted frame BIB_624
run BIB t= 625
Found population proton
Found population proton
Found population proton
Found population proton
Found population proton
Found population proton
Found population proton
Found population proton
Found population proton
Found population proton
Found population proton
Found population proton
Found population proton
Pdiag shape (319, 478, 3)
B shape (319, 478, 3)
Extracted frame BIB_625
run BIB t= 626
Found population proton
Found population proton
Found population proton
Found population proton
Found population proton
Found population proton
Found population proton
Found population proton
Found population proton
Found population proton
Found population proton
Found population proton
Found population proton
Pdiag shape (319, 478, 3)
B shape (319, 478, 3)
Extracted frame BIB_626
run BIB t= 627
Found population proton
Found population proton
Found population proton
Found population proton
Found population proton
Found population proton
Found population proton
Found population proton
Found population proton
Found population proton
Found population proton
Found population proton
Found population proton
Pdiag shape (319, 478, 3)
B shape (319, 478, 3)
Extracted frame BIB_627
run BIB t= 628
Found population proton
Found population proton
Found population proton
Found population proton
Found population proton
Found population proton
Found population proton
Found population proton
Found population proton
Found population proton
Found population proton
Found population proton
Found population proton
Pdiag shape (319, 478, 3)
B shape (319, 478, 3)
Extracted frame BIB_628
run BIB t= 629
Found population proton
Found population proton
Found population proton
Found population proton
Found population proton
Found population proton
Found population proton
Found population proton
Found population proton
Found population proton
Found population proton
Found population proton
Found population proton
Pdiag shape (319, 478, 3)
B shape (319, 478, 3)
Extracted frame BIB_629
run BIB t= 630
Found population proton
Found population proton
Found population proton
Found population proton
Found population proton
Found population proton
Found population proton
Found population proton
Found population proton
Found population proton
Found population proton
Found population proton
Found population proton
Pdiag shape (319, 478, 3)
B shape (319, 478, 3)
Extracted frame BIB_630
run BIB t= 631
Found population proton
Found population proton
Found population proton
Found population proton
Found population proton
Found population proton
Found population proton
Found population proton
Found population proton
Found population proton
Found population proton
Found population proton
Found population proton
Pdiag shape (319, 478, 3)
B shape (319, 478, 3)
Extracted frame BIB_631
run BIB t= 632
Found population proton
Found population proton
Found population proton
Found population proton
Found population proton
Found population proton
Found population proton
Found population proton
Found population proton
Found population proton
Found population proton
Found population proton
Found population proton
Pdiag shape (319, 478, 3)
B shape (319, 478, 3)
Extracted frame BIB_632
run BIB t= 633
Found population proton
Found population proton
Found population proton
Found population proton
Found population proton
Found population proton
Found population proton
Found population proton
Found population proton
Found population proton
Found population proton
Found population proton
Found population proton
Pdiag shape (319, 478, 3)
B shape (319, 478, 3)
Extracted frame BIB_633
run BIB t= 634
Found population proton
Found population proton
Found population proton
Found population proton
Found population proton
Found population proton
Found population proton
Found population proton
Found population proton
Found population proton
Found population proton
Found population proton
Found population proton
Pdiag shape (319, 478, 3)
B shape (319, 478, 3)
Extracted frame BIB_634
run BIB t= 635
Found population proton
Found population proton
Found population proton
Found population proton
Found population proton
Found population proton
Found population proton
Found population proton
Found population proton
Found population proton
Found population proton
Found population proton
Found population proton
Pdiag shape (319, 478, 3)
B shape (319, 478, 3)
Extracted frame BIB_635
run BIB t= 636
Found population proton
Found population proton
Found population proton
Found population proton
Found population proton
Found population proton
Found population proton
Found population proton
Found population proton
Found population proton
Found population proton
Found population proton
Found population proton
Pdiag shape (319, 478, 3)
B shape (319, 478, 3)
Extracted frame BIB_636
run BIB t= 637
Found population proton
Found population proton
Found population proton
Found population proton
Found population proton
Found population proton
Found population proton
Found population proton
Found population proton
Found population proton
Found population proton
Found population proton
Found population proton
Pdiag shape (319, 478, 3)
B shape (319, 478, 3)
Extracted frame BIB_637
run BIB t= 638
Found population proton
Found population proton
Found population proton
Found population proton
Found population proton
Found population proton
Found population proton
Found population proton
Found population proton
Found population proton
Found population proton
Found population proton
Found population proton
Pdiag shape (319, 478, 3)
B shape (319, 478, 3)
Extracted frame BIB_638
run BIB t= 639
Found population proton
Found population proton
Found population proton
Found population proton
Found population proton
Found population proton
Found population proton
Found population proton
Found population proton
Found population proton
Found population proton
Found population proton
Found population proton
Pdiag shape (319, 478, 3)
B shape (319, 478, 3)
Extracted frame BIB_639
run BIB t= 640
Found population proton
Found population proton
Found population proton
Found population proton
Found population proton
Found population proton
Found population proton
Found population proton
Found population proton
Found population proton
Found population proton
Found population proton
Found population proton
Pdiag shape (319, 478, 3)
B shape (319, 478, 3)
Extracted frame BIB_640
run BIB t= 641
Found population proton
Found population proton
Found population proton
Found population proton
Found population proton
Found population proton
Found population proton
Found population proton
Found population proton
Found population proton
Found population proton
Found population proton
Found population proton
Pdiag shape (319, 478, 3)
B shape (319, 478, 3)
Extracted frame BIB_641
run BIB t= 642
Found population proton
Found population proton
Found population proton
Found population proton
Found population proton
Found population proton
Found population proton
Found population proton
Found population proton
Found population proton
Found population proton
Found population proton
Found population proton
Pdiag shape (319, 478, 3)
B shape (319, 478, 3)
Extracted frame BIB_642
run BIB t= 643
Found population proton
Found population proton
Found population proton
Found population proton
Found population proton
Found population proton
Found population proton
Found population proton
Found population proton
Found population proton
Found population proton
Found population proton
Found population proton
Pdiag shape (319, 478, 3)
B shape (319, 478, 3)
Extracted frame BIB_643
run BIB t= 644
Found population proton
Found population proton
Found population proton
Found population proton
Found population proton
Found population proton
Found population proton
Found population proton
Found population proton
Found population proton
Found population proton
Found population proton
Found population proton
Pdiag shape (319, 478, 3)
B shape (319, 478, 3)
Extracted frame BIB_644
run BIB t= 645
Found population proton
Found population proton
Found population proton
Found population proton
Found population proton
Found population proton
Found population proton
Found population proton
Found population proton
Found population proton
Found population proton
Found population proton
Found population proton
Pdiag shape (319, 478, 3)
B shape (319, 478, 3)
Extracted frame BIB_645
run BIB t= 646
Found population proton
Found population proton
Found population proton
Found population proton
Found population proton
Found population proton
Found population proton
Found population proton
Found population proton
Found population proton
Found population proton
Found population proton
Found population proton
Pdiag shape (319, 478, 3)
B shape (319, 478, 3)
Extracted frame BIB_646
run BIB t= 647
Found population proton
Found population proton
Found population proton
Found population proton
Found population proton
Found population proton
Found population proton
Found population proton
Found population proton
Found population proton
Found population proton
Found population proton
Found population proton
Pdiag shape (319, 478, 3)
B shape (319, 478, 3)
Extracted frame BIB_647
run BIB t= 648
Found population proton
Found population proton
Found population proton
Found population proton
Found population proton
Found population proton
Found population proton
Found population proton
Found population proton
Found population proton
Found population proton
Found population proton
Found population proton
Pdiag shape (319, 478, 3)
B shape (319, 478, 3)
Extracted frame BIB_648
run BIB t= 649
Found population proton
Found population proton
Found population proton
Found population proton
Found population proton
Found population proton
Found population proton
Found population proton
Found population proton
Found population proton
Found population proton
Found population proton
Found population proton
Pdiag shape (319, 478, 3)
B shape (319, 478, 3)
Extracted frame BIB_649
run BIB t= 650
Found population proton
Found population proton
Found population proton
Found population proton
Found population proton
Found population proton
Found population proton
Found population proton
Found population proton
Found population proton
Found population proton
Found population proton
Found population proton
Pdiag shape (319, 478, 3)
B shape (319, 478, 3)
Extracted frame BIB_650
run BIB t= 651
Found population proton
Found population proton
Found population proton
Found population proton
Found population proton
Found population proton
Found population proton
Found population proton
Found population proton
Found population proton
Found population proton
Found population proton
Found population proton
Pdiag shape (319, 478, 3)
B shape (319, 478, 3)
Extracted frame BIB_651
run BIB t= 652
Found population proton
Found population proton
Found population proton
Found population proton
Found population proton
Found population proton
Found population proton
Found population proton
Found population proton
Found population proton
Found population proton
Found population proton
Found population proton
Pdiag shape (319, 478, 3)
B shape (319, 478, 3)
Extracted frame BIB_652
run BIB t= 653
Found population proton
Found population proton
Found population proton
Found population proton
Found population proton
Found population proton
Found population proton
Found population proton
Found population proton
Found population proton
Found population proton
Found population proton
Found population proton
Pdiag shape (319, 478, 3)
B shape (319, 478, 3)
Extracted frame BIB_653
run BIB t= 654
Found population proton
Found population proton
Found population proton
Found population proton
Found population proton
Found population proton
Found population proton
Found population proton
Found population proton
Found population proton
Found population proton
Found population proton
Found population proton
Pdiag shape (319, 478, 3)
B shape (319, 478, 3)
Extracted frame BIB_654
run BIB t= 655
Found population proton
Found population proton
Found population proton
Found population proton
Found population proton
Found population proton
Found population proton
Found population proton
Found population proton
Found population proton
Found population proton
Found population proton
Found population proton
Pdiag shape (319, 478, 3)
B shape (319, 478, 3)
Extracted frame BIB_655
run BIB t= 656
Found population proton
Found population proton
Found population proton
Found population proton
Found population proton
Found population proton
Found population proton
Found population proton
Found population proton
Found population proton
Found population proton
Found population proton
Found population proton
Pdiag shape (319, 478, 3)
B shape (319, 478, 3)
Extracted frame BIB_656
run BIB t= 657
Found population proton
Found population proton
Found population proton
Found population proton
Found population proton
Found population proton
Found population proton
Found population proton
Found population proton
Found population proton
Found population proton
Found population proton
Found population proton
Pdiag shape (319, 478, 3)
B shape (319, 478, 3)
Extracted frame BIB_657
run BIB t= 658
Found population proton
Found population proton
Found population proton
Found population proton
Found population proton
Found population proton
Found population proton
Found population proton
Found population proton
Found population proton
Found population proton
Found population proton
Found population proton
Pdiag shape (319, 478, 3)
B shape (319, 478, 3)
Extracted frame BIB_658
run BIB t= 659
Found population proton
Found population proton
Found population proton
Found population proton
Found population proton
Found population proton
Found population proton
Found population proton
Found population proton
Found population proton
Found population proton
Found population proton
Found population proton
Pdiag shape (319, 478, 3)
B shape (319, 478, 3)
Extracted frame BIB_659
run BIB t= 660
Found population proton
Found population proton
Found population proton
Found population proton
Found population proton
Found population proton
Found population proton
Found population proton
Found population proton
Found population proton
Found population proton
Found population proton
Found population proton
Pdiag shape (319, 478, 3)
B shape (319, 478, 3)
Extracted frame BIB_660
run BIB t= 661
Found population proton
Found population proton
Found population proton
Found population proton
Found population proton
Found population proton
Found population proton
Found population proton
Found population proton
Found population proton
Found population proton
Found population proton
Found population proton
Pdiag shape (319, 478, 3)
B shape (319, 478, 3)
Extracted frame BIB_661
run BIB t= 662
Found population proton
Found population proton
Found population proton
Found population proton
Found population proton
Found population proton
Found population proton
Found population proton
Found population proton
Found population proton
Found population proton
Found population proton
Found population proton
Pdiag shape (319, 478, 3)
B shape (319, 478, 3)
Extracted frame BIB_662
run BIB t= 663
Found population proton
Found population proton
Found population proton
Found population proton
Found population proton
Found population proton
Found population proton
Found population proton
Found population proton
Found population proton
Found population proton
Found population proton
Found population proton
Pdiag shape (319, 478, 3)
B shape (319, 478, 3)
Extracted frame BIB_663
run BIB t= 664
Found population proton
Found population proton
Found population proton
Found population proton
Found population proton
Found population proton
Found population proton
Found population proton
Found population proton
Found population proton
Found population proton
Found population proton
Found population proton
Pdiag shape (319, 478, 3)
B shape (319, 478, 3)
Extracted frame BIB_664
run BIB t= 665
Found population proton
Found population proton
Found population proton
Found population proton
Found population proton
Found population proton
Found population proton
Found population proton
Found population proton
Found population proton
Found population proton
Found population proton
Found population proton
Pdiag shape (319, 478, 3)
B shape (319, 478, 3)
Extracted frame BIB_665
run BIB t= 666
Found population proton
Found population proton
Found population proton
Found population proton
Found population proton
Found population proton
Found population proton
Found population proton
Found population proton
Found population proton
Found population proton
Found population proton
Found population proton
Pdiag shape (319, 478, 3)
B shape (319, 478, 3)
Extracted frame BIB_666
run BIB t= 667
Found population proton
Found population proton
Found population proton
Found population proton
Found population proton
Found population proton
Found population proton
Found population proton
Found population proton
Found population proton
Found population proton
Found population proton
Found population proton
Pdiag shape (319, 478, 3)
B shape (319, 478, 3)
Extracted frame BIB_667
run BIB t= 668
Found population proton
Found population proton
Found population proton
Found population proton
Found population proton
Found population proton
Found population proton
Found population proton
Found population proton
Found population proton
Found population proton
Found population proton
Found population proton
Pdiag shape (319, 478, 3)
B shape (319, 478, 3)
Extracted frame BIB_668
run BIB t= 669
Found population proton
Found population proton
Found population proton
Found population proton
Found population proton
Found population proton
Found population proton
Found population proton
Found population proton
Found population proton
Found population proton
Found population proton
Found population proton
Pdiag shape (319, 478, 3)
B shape (319, 478, 3)
Extracted frame BIB_669
run BIB t= 670
Found population proton
Found population proton
Found population proton
Found population proton
Found population proton
Found population proton
Found population proton
Found population proton
Found population proton
Found population proton
Found population proton
Found population proton
Found population proton
Pdiag shape (319, 478, 3)
B shape (319, 478, 3)
Extracted frame BIB_670
run BIB t= 671
Found population proton
Found population proton
Found population proton
Found population proton
Found population proton
Found population proton
Found population proton
Found population proton
Found population proton
Found population proton
Found population proton
Found population proton
Found population proton
Pdiag shape (319, 478, 3)
B shape (319, 478, 3)
Extracted frame BIB_671
run BIB t= 672
Found population proton
Found population proton
Found population proton
Found population proton
Found population proton
Found population proton
Found population proton
Found population proton
Found population proton
Found population proton
Found population proton
Found population proton
Found population proton
Pdiag shape (319, 478, 3)
B shape (319, 478, 3)
Extracted frame BIB_672
run BIB t= 673
Found population proton
Found population proton
Found population proton
Found population proton
Found population proton
Found population proton
Found population proton
Found population proton
Found population proton
Found population proton
Found population proton
Found population proton
Found population proton
Pdiag shape (319, 478, 3)
B shape (319, 478, 3)
Extracted frame BIB_673
run BIB t= 674
Found population proton
Found population proton
Found population proton
Found population proton
Found population proton
Found population proton
Found population proton
Found population proton
Found population proton
Found population proton
Found population proton
Found population proton
Found population proton
Pdiag shape (319, 478, 3)
B shape (319, 478, 3)
Extracted frame BIB_674
run BIB t= 675
Found population proton
Found population proton
Found population proton
Found population proton
Found population proton
Found population proton
Found population proton
Found population proton
Found population proton
Found population proton
Found population proton
Found population proton
Found population proton
Pdiag shape (319, 478, 3)
B shape (319, 478, 3)
Extracted frame BIB_675
run BIB t= 676
Found population proton
Found population proton
Found population proton
Found population proton
Found population proton
Found population proton
Found population proton
Found population proton
Found population proton
Found population proton
Found population proton
Found population proton
Found population proton
Pdiag shape (319, 478, 3)
B shape (319, 478, 3)
Extracted frame BIB_676
run BIB t= 677
Found population proton
Found population proton
Found population proton
Found population proton
Found population proton
Found population proton
Found population proton
Found population proton
Found population proton
Found population proton
Found population proton
Found population proton
Found population proton
Pdiag shape (319, 478, 3)
B shape (319, 478, 3)
Extracted frame BIB_677
run BIB t= 678
Found population proton
Found population proton
Found population proton
Found population proton
Found population proton
Found population proton
Found population proton
Found population proton
Found population proton
Found population proton
Found population proton
Found population proton
Found population proton
Pdiag shape (319, 478, 3)
B shape (319, 478, 3)
Extracted frame BIB_678
run BIB t= 679
Found population proton
Found population proton
Found population proton
Found population proton
Found population proton
Found population proton
Found population proton
Found population proton
Found population proton
Found population proton
Found population proton
Found population proton
Found population proton
Pdiag shape (319, 478, 3)
B shape (319, 478, 3)
Extracted frame BIB_679
run BIB t= 680
Found population proton
Found population proton
Found population proton
Found population proton
Found population proton
Found population proton
Found population proton
Found population proton
Found population proton
Found population proton
Found population proton
Found population proton
Found population proton
Pdiag shape (319, 478, 3)
B shape (319, 478, 3)
Extracted frame BIB_680
run BIB t= 681
Found population proton
Found population proton
Found population proton
Found population proton
Found population proton
Found population proton
Found population proton
Found population proton
Found population proton
Found population proton
Found population proton
Found population proton
Found population proton
Pdiag shape (319, 478, 3)
B shape (319, 478, 3)
Extracted frame BIB_681
run BIB t= 682
Found population proton
Found population proton
Found population proton
Found population proton
Found population proton
Found population proton
Found population proton
Found population proton
Found population proton
Found population proton
Found population proton
Found population proton
Found population proton
Pdiag shape (319, 478, 3)
B shape (319, 478, 3)
Extracted frame BIB_682
run BIB t= 683
Found population proton
Found population proton
Found population proton
Found population proton
Found population proton
Found population proton
Found population proton
Found population proton
Found population proton
Found population proton
Found population proton
Found population proton
Found population proton
Pdiag shape (319, 478, 3)
B shape (319, 478, 3)
Extracted frame BIB_683
run BIB t= 684
Found population proton
Found population proton
Found population proton
Found population proton
Found population proton
Found population proton
Found population proton
Found population proton
Found population proton
Found population proton
Found population proton
Found population proton
Found population proton
Pdiag shape (319, 478, 3)
B shape (319, 478, 3)
Extracted frame BIB_684
run BIB t= 685
Found population proton
Found population proton
Found population proton
Found population proton
Found population proton
Found population proton
Found population proton
Found population proton
Found population proton
Found population proton
Found population proton
Found population proton
Found population proton
Pdiag shape (319, 478, 3)
B shape (319, 478, 3)
Extracted frame BIB_685
run BIB t= 686
Found population proton
Found population proton
Found population proton
Found population proton
Found population proton
Found population proton
Found population proton
Found population proton
Found population proton
Found population proton
Found population proton
Found population proton
Found population proton
Pdiag shape (319, 478, 3)
B shape (319, 478, 3)
Extracted frame BIB_686
run BIB t= 687
Found population proton
Found population proton
Found population proton
Found population proton
Found population proton
Found population proton
Found population proton
Found population proton
Found population proton
Found population proton
Found population proton
Found population proton
Found population proton
Pdiag shape (319, 478, 3)
B shape (319, 478, 3)
Extracted frame BIB_687
run BIB t= 688
Found population proton
Found population proton
Found population proton
Found population proton
Found population proton
Found population proton
Found population proton
Found population proton
Found population proton
Found population proton
Found population proton
Found population proton
Found population proton
Pdiag shape (319, 478, 3)
B shape (319, 478, 3)
Extracted frame BIB_688
run BIB t= 689
Found population proton
Found population proton
Found population proton
Found population proton
Found population proton
Found population proton
Found population proton
Found population proton
Found population proton
Found population proton
Found population proton
Found population proton
Found population proton
Pdiag shape (319, 478, 3)
B shape (319, 478, 3)
Extracted frame BIB_689
run BIB t= 690
Found population proton
Found population proton
Found population proton
Found population proton
Found population proton
Found population proton
Found population proton
Found population proton
Found population proton
Found population proton
Found population proton
Found population proton
Found population proton
Pdiag shape (319, 478, 3)
B shape (319, 478, 3)
Extracted frame BIB_690
run BIB t= 691
Found population proton
Found population proton
Found population proton
Found population proton
Found population proton
Found population proton
Found population proton
Found population proton
Found population proton
Found population proton
Found population proton
Found population proton
Found population proton
Pdiag shape (319, 478, 3)
B shape (319, 478, 3)
Extracted frame BIB_691
run BIB t= 692
Found population proton
Found population proton
Found population proton
Found population proton
Found population proton
Found population proton
Found population proton
Found population proton
Found population proton
Found population proton
Found population proton
Found population proton
Found population proton
Pdiag shape (319, 478, 3)
B shape (319, 478, 3)
Extracted frame BIB_692
run BIB t= 693
Found population proton
Found population proton
Found population proton
Found population proton
Found population proton
Found population proton
Found population proton
Found population proton
Found population proton
Found population proton
Found population proton
Found population proton
Found population proton
Pdiag shape (319, 478, 3)
B shape (319, 478, 3)
Extracted frame BIB_693
run BIB t= 694
Found population proton
Found population proton
Found population proton
Found population proton
Found population proton
Found population proton
Found population proton
Found population proton
Found population proton
Found population proton
Found population proton
Found population proton
Found population proton
Pdiag shape (319, 478, 3)
B shape (319, 478, 3)
Extracted frame BIB_694
run BIB t= 695
Found population proton
Found population proton
Found population proton
Found population proton
Found population proton
Found population proton
Found population proton
Found population proton
Found population proton
Found population proton
Found population proton
Found population proton
Found population proton
Pdiag shape (319, 478, 3)
B shape (319, 478, 3)
Extracted frame BIB_695
run BIB t= 696
Found population proton
Found population proton
Found population proton
Found population proton
Found population proton
Found population proton
Found population proton
Found population proton
Found population proton
Found population proton
Found population proton
Found population proton
Found population proton
Pdiag shape (319, 478, 3)
B shape (319, 478, 3)
Extracted frame BIB_696
run BIB t= 697
Found population proton
Found population proton
Found population proton
Found population proton
Found population proton
Found population proton
Found population proton
Found population proton
Found population proton
Found population proton
Found population proton
Found population proton
Found population proton
Pdiag shape (319, 478, 3)
B shape (319, 478, 3)
Extracted frame BIB_697
run BIB t= 698
Found population proton
Found population proton
Found population proton
Found population proton
Found population proton
Found population proton
Found population proton
Found population proton
Found population proton
Found population proton
Found population proton
Found population proton
Found population proton
Pdiag shape (319, 478, 3)
B shape (319, 478, 3)
Extracted frame BIB_698
run BIB t= 699
Found population proton
Found population proton
Found population proton
Found population proton
Found population proton
Found population proton
Found population proton
Found population proton
Found population proton
Found population proton
Found population proton
Found population proton
Found population proton
Pdiag shape (319, 478, 3)
B shape (319, 478, 3)
Extracted frame BIB_699
run BIB t= 700
Found population proton
Found population proton
Found population proton
Found population proton
Found population proton
Found population proton
Found population proton
Found population proton
Found population proton
Found population proton
Found population proton
Found population proton
Found population proton
Pdiag shape (319, 478, 3)
B shape (319, 478, 3)
Extracted frame BIB_700
run BIB t= 701
Found population proton
Found population proton
Found population proton
Found population proton
Found population proton
Found population proton
Found population proton
Found population proton
Found population proton
Found population proton
Found population proton
Found population proton
Found population proton
Pdiag shape (319, 478, 3)
B shape (319, 478, 3)
Extracted frame BIB_701
run BIB t= 702
Found population proton
Found population proton
Found population proton
Found population proton
Found population proton
Found population proton
Found population proton
Found population proton
Found population proton
Found population proton
Found population proton
Found population proton
Found population proton
Pdiag shape (319, 478, 3)
B shape (319, 478, 3)
Extracted frame BIB_702
run BIB t= 703
Found population proton
Found population proton
Found population proton
Found population proton
Found population proton
Found population proton
Found population proton
Found population proton
Found population proton
Found population proton
Found population proton
Found population proton
Found population proton
Pdiag shape (319, 478, 3)
B shape (319, 478, 3)
Extracted frame BIB_703
run BIB t= 704
Found population proton
Found population proton
Found population proton
Found population proton
Found population proton
Found population proton
Found population proton
Found population proton
Found population proton
Found population proton
Found population proton
Found population proton
Found population proton
Pdiag shape (319, 478, 3)
B shape (319, 478, 3)
Extracted frame BIB_704
run BIB t= 705
Found population proton
Found population proton
Found population proton
Found population proton
Found population proton
Found population proton
Found population proton
Found population proton
Found population proton
Found population proton
Found population proton
Found population proton
Found population proton
Pdiag shape (319, 478, 3)
B shape (319, 478, 3)
Extracted frame BIB_705
run BIB t= 706
Found population proton
Found population proton
Found population proton
Found population proton
Found population proton
Found population proton
Found population proton
Found population proton
Found population proton
Found population proton
Found population proton
Found population proton
Found population proton
Pdiag shape (319, 478, 3)
B shape (319, 478, 3)
Extracted frame BIB_706
run BIB t= 707
Found population proton
Found population proton
Found population proton
Found population proton
Found population proton
Found population proton
Found population proton
Found population proton
Found population proton
Found population proton
Found population proton
Found population proton
Found population proton
Pdiag shape (319, 478, 3)
B shape (319, 478, 3)
Extracted frame BIB_707
run BIB t= 708
Found population proton
Found population proton
Found population proton
Found population proton
Found population proton
Found population proton
Found population proton
Found population proton
Found population proton
Found population proton
Found population proton
Found population proton
Found population proton
Pdiag shape (319, 478, 3)
B shape (319, 478, 3)
Extracted frame BIB_708
run BIB t= 709
Found population proton
Found population proton
Found population proton
Found population proton
Found population proton
Found population proton
Found population proton
Found population proton
Found population proton
Found population proton
Found population proton
Found population proton
Found population proton
Pdiag shape (319, 478, 3)
B shape (319, 478, 3)
Extracted frame BIB_709
run BIB t= 710
Found population proton
Found population proton
Found population proton
Found population proton
Found population proton
Found population proton
Found population proton
Found population proton
Found population proton
Found population proton
Found population proton
Found population proton
Found population proton
Pdiag shape (319, 478, 3)
B shape (319, 478, 3)
Extracted frame BIB_710
run BIB t= 711
Found population proton
Found population proton
Found population proton
Found population proton
Found population proton
Found population proton
Found population proton
Found population proton
Found population proton
Found population proton
Found population proton
Found population proton
Found population proton
Pdiag shape (319, 478, 3)
B shape (319, 478, 3)
Extracted frame BIB_711
run BIB t= 712
Found population proton
Found population proton
Found population proton
Found population proton
Found population proton
Found population proton
Found population proton
Found population proton
Found population proton
Found population proton
Found population proton
Found population proton
Found population proton
Pdiag shape (319, 478, 3)
B shape (319, 478, 3)
Extracted frame BIB_712
run BIB t= 713
Found population proton
Found population proton
Found population proton
Found population proton
Found population proton
Found population proton
Found population proton
Found population proton
Found population proton
Found population proton
Found population proton
Found population proton
Found population proton
Pdiag shape (319, 478, 3)
B shape (319, 478, 3)
Extracted frame BIB_713
run BIB t= 714
Found population proton
Found population proton
Found population proton
Found population proton
Found population proton
Found population proton
Found population proton
Found population proton
Found population proton
Found population proton
Found population proton
Found population proton
Found population proton
Pdiag shape (319, 478, 3)
B shape (319, 478, 3)
Extracted frame BIB_714
run BIB t= 715
Found population proton
Found population proton
Found population proton
Found population proton
Found population proton
Found population proton
Found population proton
Found population proton
Found population proton
Found population proton
Found population proton
Found population proton
Found population proton
Pdiag shape (319, 478, 3)
B shape (319, 478, 3)
Extracted frame BIB_715
run BIB t= 716
Found population proton
Found population proton
Found population proton
Found population proton
Found population proton
Found population proton
Found population proton
Found population proton
Found population proton
Found population proton
Found population proton
Found population proton
Found population proton
Pdiag shape (319, 478, 3)
B shape (319, 478, 3)
Extracted frame BIB_716
run BIB t= 717
Found population proton
Found population proton
Found population proton
Found population proton
Found population proton
Found population proton
Found population proton
Found population proton
Found population proton
Found population proton
Found population proton
Found population proton
Found population proton
Pdiag shape (319, 478, 3)
B shape (319, 478, 3)
Extracted frame BIB_717
run BIB t= 718
Found population proton
Found population proton
Found population proton
Found population proton
Found population proton
Found population proton
Found population proton
Found population proton
Found population proton
Found population proton
Found population proton
Found population proton
Found population proton
Pdiag shape (319, 478, 3)
B shape (319, 478, 3)
Extracted frame BIB_718
run BIB t= 719
Found population proton
Found population proton
Found population proton
Found population proton
Found population proton
Found population proton
Found population proton
Found population proton
Found population proton
Found population proton
Found population proton
Found population proton
Found population proton
Pdiag shape (319, 478, 3)
B shape (319, 478, 3)
Extracted frame BIB_719
run BIB t= 720
Found population proton
Found population proton
Found population proton
Found population proton
Found population proton
Found population proton
Found population proton
Found population proton
Found population proton
Found population proton
Found population proton
Found population proton
Found population proton
Pdiag shape (319, 478, 3)
B shape (319, 478, 3)
Extracted frame BIB_720
run BIB t= 721
Found population proton
Found population proton
Found population proton
Found population proton
Found population proton
Found population proton
Found population proton
Found population proton
Found population proton
Found population proton
Found population proton
Found population proton
Found population proton
Pdiag shape (319, 478, 3)
B shape (319, 478, 3)
Extracted frame BIB_721
run BIB t= 722
Found population proton
Found population proton
Found population proton
Found population proton
Found population proton
Found population proton
Found population proton
Found population proton
Found population proton
Found population proton
Found population proton
Found population proton
Found population proton
Pdiag shape (319, 478, 3)
B shape (319, 478, 3)
Extracted frame BIB_722
run BIB t= 723
Found population proton
Found population proton
Found population proton
Found population proton
Found population proton
Found population proton
Found population proton
Found population proton
Found population proton
Found population proton
Found population proton
Found population proton
Found population proton
Pdiag shape (319, 478, 3)
B shape (319, 478, 3)
Extracted frame BIB_723
run BIB t= 724
Found population proton
Found population proton
Found population proton
Found population proton
Found population proton
Found population proton
Found population proton
Found population proton
Found population proton
Found population proton
Found population proton
Found population proton
Found population proton
Pdiag shape (319, 478, 3)
B shape (319, 478, 3)
Extracted frame BIB_724
run BIB t= 725
Found population proton
Found population proton
Found population proton
Found population proton
Found population proton
Found population proton
Found population proton
Found population proton
Found population proton
Found population proton
Found population proton
Found population proton
Found population proton
Pdiag shape (319, 478, 3)
B shape (319, 478, 3)
Extracted frame BIB_725
run BIB t= 726
Found population proton
Found population proton
Found population proton
Found population proton
Found population proton
Found population proton
Found population proton
Found population proton
Found population proton
Found population proton
Found population proton
Found population proton
Found population proton
Pdiag shape (319, 478, 3)
B shape (319, 478, 3)
Extracted frame BIB_726
run BIB t= 727
Found population proton
Found population proton
Found population proton
Found population proton
Found population proton
Found population proton
Found population proton
Found population proton
Found population proton
Found population proton
Found population proton
Found population proton
Found population proton
Pdiag shape (319, 478, 3)
B shape (319, 478, 3)
Extracted frame BIB_727
run BIB t= 728
Found population proton
Found population proton
Found population proton
Found population proton
Found population proton
Found population proton
Found population proton
Found population proton
Found population proton
Found population proton
Found population proton
Found population proton
Found population proton
Pdiag shape (319, 478, 3)
B shape (319, 478, 3)
Extracted frame BIB_728
run BIB t= 729
Found population proton
Found population proton
Found population proton
Found population proton
Found population proton
Found population proton
Found population proton
Found population proton
Found population proton
Found population proton
Found population proton
Found population proton
Found population proton
Pdiag shape (319, 478, 3)
B shape (319, 478, 3)
Extracted frame BIB_729
run BIB t= 730
Found population proton
Found population proton
Found population proton
Found population proton
Found population proton
Found population proton
Found population proton
Found population proton
Found population proton
Found population proton
Found population proton
Found population proton
Found population proton
Pdiag shape (319, 478, 3)
B shape (319, 478, 3)
Extracted frame BIB_730
run BIB t= 731
Found population proton
Found population proton
Found population proton
Found population proton
Found population proton
Found population proton
Found population proton
Found population proton
Found population proton
Found population proton
Found population proton
Found population proton
Found population proton
Pdiag shape (319, 478, 3)
B shape (319, 478, 3)
Extracted frame BIB_731
run BIB t= 732
Found population proton
Found population proton
Found population proton
Found population proton
Found population proton
Found population proton
Found population proton
Found population proton
Found population proton
Found population proton
Found population proton
Found population proton
Found population proton
Pdiag shape (319, 478, 3)
B shape (319, 478, 3)
Extracted frame BIB_732
run BIB t= 733
Found population proton
Found population proton
Found population proton
Found population proton
Found population proton
Found population proton
Found population proton
Found population proton
Found population proton
Found population proton
Found population proton
Found population proton
Found population proton
Pdiag shape (319, 478, 3)
B shape (319, 478, 3)
Extracted frame BIB_733
run BIB t= 734
Found population proton
Found population proton
Found population proton
Found population proton
Found population proton
Found population proton
Found population proton
Found population proton
Found population proton
Found population proton
Found population proton
Found population proton
Found population proton
Pdiag shape (319, 478, 3)
B shape (319, 478, 3)
Extracted frame BIB_734
run BIB t= 735
Found population proton
Found population proton
Found population proton
Found population proton
Found population proton
Found population proton
Found population proton
Found population proton
Found population proton
Found population proton
Found population proton
Found population proton
Found population proton
Pdiag shape (319, 478, 3)
B shape (319, 478, 3)
Extracted frame BIB_735
run BIB t= 736
Found population proton
Found population proton
Found population proton
Found population proton
Found population proton
Found population proton
Found population proton
Found population proton
Found population proton
Found population proton
Found population proton
Found population proton
Found population proton
Pdiag shape (319, 478, 3)
B shape (319, 478, 3)
Extracted frame BIB_736
run BIB t= 737
Found population proton
Found population proton
Found population proton
Found population proton
Found population proton
Found population proton
Found population proton
Found population proton
Found population proton
Found population proton
Found population proton
Found population proton
Found population proton
Pdiag shape (319, 478, 3)
B shape (319, 478, 3)
Extracted frame BIB_737
run BIB t= 738
Found population proton
Found population proton
Found population proton
Found population proton
Found population proton
Found population proton
Found population proton
Found population proton
Found population proton
Found population proton
Found population proton
Found population proton
Found population proton
Pdiag shape (319, 478, 3)
B shape (319, 478, 3)
Extracted frame BIB_738
run BIB t= 739
Found population proton
Found population proton
Found population proton
Found population proton
Found population proton
Found population proton
Found population proton
Found population proton
Found population proton
Found population proton
Found population proton
Found population proton
Found population proton
Pdiag shape (319, 478, 3)
B shape (319, 478, 3)
Extracted frame BIB_739
run BIB t= 740
Found population proton
Found population proton
Found population proton
Found population proton
Found population proton
Found population proton
Found population proton
Found population proton
Found population proton
Found population proton
Found population proton
Found population proton
Found population proton
Pdiag shape (319, 478, 3)
B shape (319, 478, 3)
Extracted frame BIB_740
run BIB t= 741
Found population proton
Found population proton
Found population proton
Found population proton
Found population proton
Found population proton
Found population proton
Found population proton
Found population proton
Found population proton
Found population proton
Found population proton
Found population proton
Pdiag shape (319, 478, 3)
B shape (319, 478, 3)
Extracted frame BIB_741
run BIB t= 742
Found population proton
Found population proton
Found population proton
Found population proton
Found population proton
Found population proton
Found population proton
Found population proton
Found population proton
Found population proton
Found population proton
Found population proton
Found population proton
Pdiag shape (319, 478, 3)
B shape (319, 478, 3)
Extracted frame BIB_742
run BIB t= 743
Found population proton
Found population proton
Found population proton
Found population proton
Found population proton
Found population proton
Found population proton
Found population proton
Found population proton
Found population proton
Found population proton
Found population proton
Found population proton
Pdiag shape (319, 478, 3)
B shape (319, 478, 3)
Extracted frame BIB_743
run BIB t= 744
Found population proton
Found population proton
Found population proton
Found population proton
Found population proton
Found population proton
Found population proton
Found population proton
Found population proton
Found population proton
Found population proton
Found population proton
Found population proton
Pdiag shape (319, 478, 3)
B shape (319, 478, 3)
Extracted frame BIB_744
run BIB t= 745
Found population proton
Found population proton
Found population proton
Found population proton
Found population proton
Found population proton
Found population proton
Found population proton
Found population proton
Found population proton
Found population proton
Found population proton
Found population proton
Pdiag shape (319, 478, 3)
B shape (319, 478, 3)
Extracted frame BIB_745
run BIB t= 746
Found population proton
Found population proton
Found population proton
Found population proton
Found population proton
Found population proton
Found population proton
Found population proton
Found population proton
Found population proton
Found population proton
Found population proton
Found population proton
Pdiag shape (319, 478, 3)
B shape (319, 478, 3)
Extracted frame BIB_746
run BIB t= 747
Found population proton
Found population proton
Found population proton
Found population proton
Found population proton
Found population proton
Found population proton
Found population proton
Found population proton
Found population proton
Found population proton
Found population proton
Found population proton
Pdiag shape (319, 478, 3)
B shape (319, 478, 3)
Extracted frame BIB_747
run BIB t= 748
Found population proton
Found population proton
Found population proton
Found population proton
Found population proton
Found population proton
Found population proton
Found population proton
Found population proton
Found population proton
Found population proton
Found population proton
Found population proton
Pdiag shape (319, 478, 3)
B shape (319, 478, 3)
Extracted frame BIB_748
run BIB t= 749
Found population proton
Found population proton
Found population proton
Found population proton
Found population proton
Found population proton
Found population proton
Found population proton
Found population proton
Found population proton
Found population proton
Found population proton
Found population proton
Pdiag shape (319, 478, 3)
B shape (319, 478, 3)
Extracted frame BIB_749
run BIB t= 750
Found population proton
Found population proton
Found population proton
Found population proton
Found population proton
Found population proton
Found population proton
Found population proton
Found population proton
Found population proton
Found population proton
Found population proton
Found population proton
Pdiag shape (319, 478, 3)
B shape (319, 478, 3)
Extracted frame BIB_750
run BIB t= 751
Found population proton
Found population proton
Found population proton
Found population proton
Found population proton
Found population proton
Found population proton
Found population proton
Found population proton
Found population proton
Found population proton
Found population proton
Found population proton
Pdiag shape (319, 478, 3)
B shape (319, 478, 3)
Extracted frame BIB_751
run BIB t= 752
Found population proton
Found population proton
Found population proton
Found population proton
Found population proton
Found population proton
Found population proton
Found population proton
Found population proton
Found population proton
Found population proton
Found population proton
Found population proton
Pdiag shape (319, 478, 3)
B shape (319, 478, 3)
Extracted frame BIB_752
run BIB t= 753
Found population proton
Found population proton
Found population proton
Found population proton
Found population proton
Found population proton
Found population proton
Found population proton
Found population proton
Found population proton
Found population proton
Found population proton
Found population proton
Pdiag shape (319, 478, 3)
B shape (319, 478, 3)
Extracted frame BIB_753
run BIB t= 754
Found population proton
Found population proton
Found population proton
Found population proton
Found population proton
Found population proton
Found population proton
Found population proton
Found population proton
Found population proton
Found population proton
Found population proton
Found population proton
Pdiag shape (319, 478, 3)
B shape (319, 478, 3)
Extracted frame BIB_754
run BIB t= 755
Found population proton
Found population proton
Found population proton
Found population proton
Found population proton
Found population proton
Found population proton
Found population proton
Found population proton
Found population proton
Found population proton
Found population proton
Found population proton
Pdiag shape (319, 478, 3)
B shape (319, 478, 3)
Extracted frame BIB_755
run BIB t= 756
Found population proton
Found population proton
Found population proton
Found population proton
Found population proton
Found population proton
Found population proton
Found population proton
Found population proton
Found population proton
Found population proton
Found population proton
Found population proton
Pdiag shape (319, 478, 3)
B shape (319, 478, 3)
Extracted frame BIB_756
run BIB t= 757
Found population proton
Found population proton
Found population proton
Found population proton
Found population proton
Found population proton
Found population proton
Found population proton
Found population proton
Found population proton
Found population proton
Found population proton
Found population proton
Pdiag shape (319, 478, 3)
B shape (319, 478, 3)
Extracted frame BIB_757
run BIB t= 758
Found population proton
Found population proton
Found population proton
Found population proton
Found population proton
Found population proton
Found population proton
Found population proton
Found population proton
Found population proton
Found population proton
Found population proton
Found population proton
Pdiag shape (319, 478, 3)
B shape (319, 478, 3)
Extracted frame BIB_758
run BIB t= 759
Found population proton
Found population proton
Found population proton
Found population proton
Found population proton
Found population proton
Found population proton
Found population proton
Found population proton
Found population proton
Found population proton
Found population proton
Found population proton
Pdiag shape (319, 478, 3)
B shape (319, 478, 3)
Extracted frame BIB_759
run BIB t= 760
Found population proton
Found population proton
Found population proton
Found population proton
Found population proton
Found population proton
Found population proton
Found population proton
Found population proton
Found population proton
Found population proton
Found population proton
Found population proton
Pdiag shape (319, 478, 3)
B shape (319, 478, 3)
Extracted frame BIB_760
run BIB t= 761
Found population proton
Found population proton
Found population proton
Found population proton
Found population proton
Found population proton
Found population proton
Found population proton
Found population proton
Found population proton
Found population proton
Found population proton
Found population proton
Pdiag shape (319, 478, 3)
B shape (319, 478, 3)
Extracted frame BIB_761
run BIB t= 762
Found population proton
Found population proton
Found population proton
Found population proton
Found population proton
Found population proton
Found population proton
Found population proton
Found population proton
Found population proton
Found population proton
Found population proton
Found population proton
Pdiag shape (319, 478, 3)
B shape (319, 478, 3)
Extracted frame BIB_762
run BIB t= 763
Found population proton
Found population proton
Found population proton
Found population proton
Found population proton
Found population proton
Found population proton
Found population proton
Found population proton
Found population proton
Found population proton
Found population proton
Found population proton
Pdiag shape (319, 478, 3)
B shape (319, 478, 3)
Extracted frame BIB_763
run BIB t= 764
Found population proton
Found population proton
Found population proton
Found population proton
Found population proton
Found population proton
Found population proton
Found population proton
Found population proton
Found population proton
Found population proton
Found population proton
Found population proton
Pdiag shape (319, 478, 3)
B shape (319, 478, 3)
Extracted frame BIB_764
run BIB t= 765
Found population proton
Found population proton
Found population proton
Found population proton
Found population proton
Found population proton
Found population proton
Found population proton
Found population proton
Found population proton
Found population proton
Found population proton
Found population proton
Pdiag shape (319, 478, 3)
B shape (319, 478, 3)
Extracted frame BIB_765
run BIB t= 766
Found population proton
Found population proton
Found population proton
Found population proton
Found population proton
Found population proton
Found population proton
Found population proton
Found population proton
Found population proton
Found population proton
Found population proton
Found population proton
Pdiag shape (319, 478, 3)
B shape (319, 478, 3)
Extracted frame BIB_766
run BIB t= 767
Found population proton
Found population proton
Found population proton
Found population proton
Found population proton
Found population proton
Found population proton
Found population proton
Found population proton
Found population proton
Found population proton
Found population proton
Found population proton
Pdiag shape (319, 478, 3)
B shape (319, 478, 3)
Extracted frame BIB_767
run BIB t= 768
Found population proton
Found population proton
Found population proton
Found population proton
Found population proton
Found population proton
Found population proton
Found population proton
Found population proton
Found population proton
Found population proton
Found population proton
Found population proton
Pdiag shape (319, 478, 3)
B shape (319, 478, 3)
Extracted frame BIB_768
run BIB t= 769
Found population proton
Found population proton
Found population proton
Found population proton
Found population proton
Found population proton
Found population proton
Found population proton
Found population proton
Found population proton
Found population proton
Found population proton
Found population proton
Pdiag shape (319, 478, 3)
B shape (319, 478, 3)
Extracted frame BIB_769
run BIB t= 770
Found population proton
Found population proton
Found population proton
Found population proton
Found population proton
Found population proton
Found population proton
Found population proton
Found population proton
Found population proton
Found population proton
Found population proton
Found population proton
Pdiag shape (319, 478, 3)
B shape (319, 478, 3)
Extracted frame BIB_770
run BIB t= 771
Found population proton
Found population proton
Found population proton
Found population proton
Found population proton
Found population proton
Found population proton
Found population proton
Found population proton
Found population proton
Found population proton
Found population proton
Found population proton
Pdiag shape (319, 478, 3)
B shape (319, 478, 3)
Extracted frame BIB_771
run BIB t= 772
Found population proton
Found population proton
Found population proton
Found population proton
Found population proton
Found population proton
Found population proton
Found population proton
Found population proton
Found population proton
Found population proton
Found population proton
Found population proton
Pdiag shape (319, 478, 3)
B shape (319, 478, 3)
Extracted frame BIB_772
run BIB t= 773
Found population proton
Found population proton
Found population proton
Found population proton
Found population proton
Found population proton
Found population proton
Found population proton
Found population proton
Found population proton
Found population proton
Found population proton
Found population proton
Pdiag shape (319, 478, 3)
B shape (319, 478, 3)
Extracted frame BIB_773
run BIB t= 774
Found population proton
Found population proton
Found population proton
Found population proton
Found population proton
Found population proton
Found population proton
Found population proton
Found population proton
Found population proton
Found population proton
Found population proton
Found population proton
Pdiag shape (319, 478, 3)
B shape (319, 478, 3)
Extracted frame BIB_774
run BIB t= 775
Found population proton
Found population proton
Found population proton
Found population proton
Found population proton
Found population proton
Found population proton
Found population proton
Found population proton
Found population proton
Found population proton
Found population proton
Found population proton
Pdiag shape (319, 478, 3)
B shape (319, 478, 3)
Extracted frame BIB_775
run BIB t= 776
Found population proton
Found population proton
Found population proton
Found population proton
Found population proton
Found population proton
Found population proton
Found population proton
Found population proton
Found population proton
Found population proton
Found population proton
Found population proton
Pdiag shape (319, 478, 3)
B shape (319, 478, 3)
Extracted frame BIB_776
run BIB t= 777
Found population proton
Found population proton
Found population proton
Found population proton
Found population proton
Found population proton
Found population proton
Found population proton
Found population proton
Found population proton
Found population proton
Found population proton
Found population proton
Pdiag shape (319, 478, 3)
B shape (319, 478, 3)
Extracted frame BIB_777
run BIB t= 778
Found population proton
Found population proton
Found population proton
Found population proton
Found population proton
Found population proton
Found population proton
Found population proton
Found population proton
Found population proton
Found population proton
Found population proton
Found population proton
Pdiag shape (319, 478, 3)
B shape (319, 478, 3)
Extracted frame BIB_778
run BIB t= 779
Found population proton
Found population proton
Found population proton
Found population proton
Found population proton
Found population proton
Found population proton
Found population proton
Found population proton
Found population proton
Found population proton
Found population proton
Found population proton
Pdiag shape (319, 478, 3)
B shape (319, 478, 3)
Extracted frame BIB_779
run BIB t= 780
Found population proton
Found population proton
Found population proton
Found population proton
Found population proton
Found population proton
Found population proton
Found population proton
Found population proton
Found population proton
Found population proton
Found population proton
Found population proton
Pdiag shape (319, 478, 3)
B shape (319, 478, 3)
Extracted frame BIB_780
run BIB t= 781
Found population proton
Found population proton
Found population proton
Found population proton
Found population proton
Found population proton
Found population proton
Found population proton
Found population proton
Found population proton
Found population proton
Found population proton
Found population proton
Pdiag shape (319, 478, 3)
B shape (319, 478, 3)
Extracted frame BIB_781
run BIB t= 782
Found population proton
Found population proton
Found population proton
Found population proton
Found population proton
Found population proton
Found population proton
Found population proton
Found population proton
Found population proton
Found population proton
Found population proton
Found population proton
Pdiag shape (319, 478, 3)
B shape (319, 478, 3)
Extracted frame BIB_782
run BIB t= 783
Found population proton
Found population proton
Found population proton
Found population proton
Found population proton
Found population proton
Found population proton
Found population proton
Found population proton
Found population proton
Found population proton
Found population proton
Found population proton
Pdiag shape (319, 478, 3)
B shape (319, 478, 3)
Extracted frame BIB_783
run BIB t= 784
Found population proton
Found population proton
Found population proton
Found population proton
Found population proton
Found population proton
Found population proton
Found population proton
Found population proton
Found population proton
Found population proton
Found population proton
Found population proton
Pdiag shape (319, 478, 3)
B shape (319, 478, 3)
Extracted frame BIB_784
run BIB t= 785
Found population proton
Found population proton
Found population proton
Found population proton
Found population proton
Found population proton
Found population proton
Found population proton
Found population proton
Found population proton
Found population proton
Found population proton
Found population proton
Pdiag shape (319, 478, 3)
B shape (319, 478, 3)
Extracted frame BIB_785
run BIB t= 786
Found population proton
Found population proton
Found population proton
Found population proton
Found population proton
Found population proton
Found population proton
Found population proton
Found population proton
Found population proton
Found population proton
Found population proton
Found population proton
Pdiag shape (319, 478, 3)
B shape (319, 478, 3)
Extracted frame BIB_786
run BIB t= 787
Found population proton
Found population proton
Found population proton
Found population proton
Found population proton
Found population proton
Found population proton
Found population proton
Found population proton
Found population proton
Found population proton
Found population proton
Found population proton
Pdiag shape (319, 478, 3)
B shape (319, 478, 3)
Extracted frame BIB_787
run BIB t= 788
Found population proton
Found population proton
Found population proton
Found population proton
Found population proton
Found population proton
Found population proton
Found population proton
Found population proton
Found population proton
Found population proton
Found population proton
Found population proton
Pdiag shape (319, 478, 3)
B shape (319, 478, 3)
Extracted frame BIB_788
run BIB t= 789
Found population proton
Found population proton
Found population proton
Found population proton
Found population proton
Found population proton
Found population proton
Found population proton
Found population proton
Found population proton
Found population proton
Found population proton
Found population proton
Pdiag shape (319, 478, 3)
B shape (319, 478, 3)
Extracted frame BIB_789
run BIB t= 790
Found population proton
Found population proton
Found population proton
Found population proton
Found population proton
Found population proton
Found population proton
Found population proton
Found population proton
Found population proton
Found population proton
Found population proton
Found population proton
Pdiag shape (319, 478, 3)
B shape (319, 478, 3)
Extracted frame BIB_790
run BIB t= 791
Found population proton
Found population proton
Found population proton
Found population proton
Found population proton
Found population proton
Found population proton
Found population proton
Found population proton
Found population proton
Found population proton
Found population proton
Found population proton
Pdiag shape (319, 478, 3)
B shape (319, 478, 3)
Extracted frame BIB_791
run BIB t= 792
Found population proton
Found population proton
Found population proton
Found population proton
Found population proton
Found population proton
Found population proton
Found population proton
Found population proton
Found population proton
Found population proton
Found population proton
Found population proton
Pdiag shape (319, 478, 3)
B shape (319, 478, 3)
Extracted frame BIB_792
run BIB t= 793
Found population proton
Found population proton
Found population proton
Found population proton
Found population proton
Found population proton
Found population proton
Found population proton
Found population proton
Found population proton
Found population proton
Found population proton
Found population proton
Pdiag shape (319, 478, 3)
B shape (319, 478, 3)
Extracted frame BIB_793
run BIB t= 794
Found population proton
Found population proton
Found population proton
Found population proton
Found population proton
Found population proton
Found population proton
Found population proton
Found population proton
Found population proton
Found population proton
Found population proton
Found population proton
Pdiag shape (319, 478, 3)
B shape (319, 478, 3)
Extracted frame BIB_794
run BIB t= 795
Found population proton
Found population proton
Found population proton
Found population proton
Found population proton
Found population proton
Found population proton
Found population proton
Found population proton
Found population proton
Found population proton
Found population proton
Found population proton
Pdiag shape (319, 478, 3)
B shape (319, 478, 3)
Extracted frame BIB_795
run BIB t= 796
Found population proton
Found population proton
Found population proton
Found population proton
Found population proton
Found population proton
Found population proton
Found population proton
Found population proton
Found population proton
Found population proton
Found population proton
Found population proton
Pdiag shape (319, 478, 3)
B shape (319, 478, 3)
Extracted frame BIB_796
run BIB t= 797
Found population proton
Found population proton
Found population proton
Found population proton
Found population proton
Found population proton
Found population proton
Found population proton
Found population proton
Found population proton
Found population proton
Found population proton
Found population proton
Pdiag shape (319, 478, 3)
B shape (319, 478, 3)
Extracted frame BIB_797
run BIB t= 798
Found population proton
Found population proton
Found population proton
Found population proton
Found population proton
Found population proton
Found population proton
Found population proton
Found population proton
Found population proton
Found population proton
Found population proton
Found population proton
Pdiag shape (319, 478, 3)
B shape (319, 478, 3)
Extracted frame BIB_798
run BIB t= 799
Found population proton
Found population proton
Found population proton
Found population proton
Found population proton
Found population proton
Found population proton
Found population proton
Found population proton
Found population proton
Found population proton
Found population proton
Found population proton
Pdiag shape (319, 478, 3)
B shape (319, 478, 3)
Extracted frame BIB_799
run BIB t= 800
Found population proton
Found population proton
Found population proton
Found population proton
Found population proton
Found population proton
Found population proton
Found population proton
Found population proton
Found population proton
Found population proton
Found population proton
Found population proton
Pdiag shape (319, 478, 3)
B shape (319, 478, 3)
Extracted frame BIB_800
run BIB t= 801
Found population proton
Found population proton
Found population proton
Found population proton
Found population proton
Found population proton
Found population proton
Found population proton
Found population proton
Found population proton
Found population proton
Found population proton
Found population proton
Pdiag shape (319, 478, 3)
B shape (319, 478, 3)
Extracted frame BIB_801
run BIB t= 802
Found population proton
Found population proton
Found population proton
Found population proton
Found population proton
Found population proton
Found population proton
Found population proton
Found population proton
Found population proton
Found population proton
Found population proton
Found population proton
Pdiag shape (319, 478, 3)
B shape (319, 478, 3)
Extracted frame BIB_802
run BIB t= 803
Found population proton
Found population proton
Found population proton
Found population proton
Found population proton
Found population proton
Found population proton
Found population proton
Found population proton
Found population proton
Found population proton
Found population proton
Found population proton
Pdiag shape (319, 478, 3)
B shape (319, 478, 3)
Extracted frame BIB_803
run BIB t= 804
Found population proton
Found population proton
Found population proton
Found population proton
Found population proton
Found population proton
Found population proton
Found population proton
Found population proton
Found population proton
Found population proton
Found population proton
Found population proton
Pdiag shape (319, 478, 3)
B shape (319, 478, 3)
Extracted frame BIB_804
run BIB t= 805
Found population proton
Found population proton
Found population proton
Found population proton
Found population proton
Found population proton
Found population proton
Found population proton
Found population proton
Found population proton
Found population proton
Found population proton
Found population proton
Pdiag shape (319, 478, 3)
B shape (319, 478, 3)
Extracted frame BIB_805
run BIB t= 806
Found population proton
Found population proton
Found population proton
Found population proton
Found population proton
Found population proton
Found population proton
Found population proton
Found population proton
Found population proton
Found population proton
Found population proton
Found population proton
Pdiag shape (319, 478, 3)
B shape (319, 478, 3)
Extracted frame BIB_806
run BIB t= 807
Found population proton
Found population proton
Found population proton
Found population proton
Found population proton
Found population proton
Found population proton
Found population proton
Found population proton
Found population proton
Found population proton
Found population proton
Found population proton
Pdiag shape (319, 478, 3)
B shape (319, 478, 3)
Extracted frame BIB_807
run BIB t= 808
Found population proton
Found population proton
Found population proton
Found population proton
Found population proton
Found population proton
Found population proton
Found population proton
Found population proton
Found population proton
Found population proton
Found population proton
Found population proton
Pdiag shape (319, 478, 3)
B shape (319, 478, 3)
Extracted frame BIB_808
run BIB t= 809
Found population proton
Found population proton
Found population proton
Found population proton
Found population proton
Found population proton
Found population proton
Found population proton
Found population proton
Found population proton
Found population proton
Found population proton
Found population proton
Pdiag shape (319, 478, 3)
B shape (319, 478, 3)
Extracted frame BIB_809
run BIB t= 810
Found population proton
Found population proton
Found population proton
Found population proton
Found population proton
Found population proton
Found population proton
Found population proton
Found population proton
Found population proton
Found population proton
Found population proton
Found population proton
Pdiag shape (319, 478, 3)
B shape (319, 478, 3)
Extracted frame BIB_810
run BIB t= 811
Found population proton
Found population proton
Found population proton
Found population proton
Found population proton
Found population proton
Found population proton
Found population proton
Found population proton
Found population proton
Found population proton
Found population proton
Found population proton
Pdiag shape (319, 478, 3)
B shape (319, 478, 3)
Extracted frame BIB_811
run BIB t= 812
Found population proton
Found population proton
Found population proton
Found population proton
Found population proton
Found population proton
Found population proton
Found population proton
Found population proton
Found population proton
Found population proton
Found population proton
Found population proton
Pdiag shape (319, 478, 3)
B shape (319, 478, 3)
Extracted frame BIB_812
run BIB t= 813
Found population proton
Found population proton
Found population proton
Found population proton
Found population proton
Found population proton
Found population proton
Found population proton
Found population proton
Found population proton
Found population proton
Found population proton
Found population proton
Pdiag shape (319, 478, 3)
B shape (319, 478, 3)
Extracted frame BIB_813
run BIB t= 814
Found population proton
Found population proton
Found population proton
Found population proton
Found population proton
Found population proton
Found population proton
Found population proton
Found population proton
Found population proton
Found population proton
Found population proton
Found population proton
Pdiag shape (319, 478, 3)
B shape (319, 478, 3)
Extracted frame BIB_814
run BIB t= 815
Found population proton
Found population proton
Found population proton
Found population proton
Found population proton
Found population proton
Found population proton
Found population proton
Found population proton
Found population proton
Found population proton
Found population proton
Found population proton
Pdiag shape (319, 478, 3)
B shape (319, 478, 3)
Extracted frame BIB_815
run BIB t= 816
Found population proton
Found population proton
Found population proton
Found population proton
Found population proton
Found population proton
Found population proton
Found population proton
Found population proton
Found population proton
Found population proton
Found population proton
Found population proton
Pdiag shape (319, 478, 3)
B shape (319, 478, 3)
Extracted frame BIB_816
run BIB t= 817
Found population proton
Found population proton
Found population proton
Found population proton
Found population proton
Found population proton
Found population proton
Found population proton
Found population proton
Found population proton
Found population proton
Found population proton
Found population proton
Pdiag shape (319, 478, 3)
B shape (319, 478, 3)
Extracted frame BIB_817
run BIB t= 818
Found population proton
Found population proton
Found population proton
Found population proton
Found population proton
Found population proton
Found population proton
Found population proton
Found population proton
Found population proton
Found population proton
Found population proton
Found population proton
Pdiag shape (319, 478, 3)
B shape (319, 478, 3)
Extracted frame BIB_818
run BIB t= 819
Found population proton
Found population proton
Found population proton
Found population proton
Found population proton
Found population proton
Found population proton
Found population proton
Found population proton
Found population proton
Found population proton
Found population proton
Found population proton
Pdiag shape (319, 478, 3)
B shape (319, 478, 3)
Extracted frame BIB_819
run BIB t= 820
Found population proton
Found population proton
Found population proton
Found population proton
Found population proton
Found population proton
Found population proton
Found population proton
Found population proton
Found population proton
Found population proton
Found population proton
Found population proton
Pdiag shape (319, 478, 3)
B shape (319, 478, 3)
Extracted frame BIB_820
run BIB t= 821
Found population proton
Found population proton
Found population proton
Found population proton
Found population proton
Found population proton
Found population proton
Found population proton
Found population proton
Found population proton
Found population proton
Found population proton
Found population proton
Pdiag shape (319, 478, 3)
B shape (319, 478, 3)
Extracted frame BIB_821
run BIB t= 822
Found population proton
Found population proton
Found population proton
Found population proton
Found population proton
Found population proton
Found population proton
Found population proton
Found population proton
Found population proton
Found population proton
Found population proton
Found population proton
Pdiag shape (319, 478, 3)
B shape (319, 478, 3)
Extracted frame BIB_822
run BIB t= 823
Found population proton
Found population proton
Found population proton
Found population proton
Found population proton
Found population proton
Found population proton
Found population proton
Found population proton
Found population proton
Found population proton
Found population proton
Found population proton
Pdiag shape (319, 478, 3)
B shape (319, 478, 3)
Extracted frame BIB_823
run BIB t= 824
Found population proton
Found population proton
Found population proton
Found population proton
Found population proton
Found population proton
Found population proton
Found population proton
Found population proton
Found population proton
Found population proton
Found population proton
Found population proton
Pdiag shape (319, 478, 3)
B shape (319, 478, 3)
Extracted frame BIB_824
run BIB t= 825
Found population proton
Found population proton
Found population proton
Found population proton
Found population proton
Found population proton
Found population proton
Found population proton
Found population proton
Found population proton
Found population proton
Found population proton
Found population proton
Pdiag shape (319, 478, 3)
B shape (319, 478, 3)
Extracted frame BIB_825
run BIB t= 826
Found population proton
Found population proton
Found population proton
Found population proton
Found population proton
Found population proton
Found population proton
Found population proton
Found population proton
Found population proton
Found population proton
Found population proton
Found population proton
Pdiag shape (319, 478, 3)
B shape (319, 478, 3)
Extracted frame BIB_826
run BIB t= 827
Found population proton
Found population proton
Found population proton
Found population proton
Found population proton
Found population proton
Found population proton
Found population proton
Found population proton
Found population proton
Found population proton
Found population proton
Found population proton
Pdiag shape (319, 478, 3)
B shape (319, 478, 3)
Extracted frame BIB_827
run BIB t= 828
Found population proton
Found population proton
Found population proton
Found population proton
Found population proton
Found population proton
Found population proton
Found population proton
Found population proton
Found population proton
Found population proton
Found population proton
Found population proton
Pdiag shape (319, 478, 3)
B shape (319, 478, 3)
Extracted frame BIB_828
run BIB t= 829
Found population proton
Found population proton
Found population proton
Found population proton
Found population proton
Found population proton
Found population proton
Found population proton
Found population proton
Found population proton
Found population proton
Found population proton
Found population proton
Pdiag shape (319, 478, 3)
B shape (319, 478, 3)
Extracted frame BIB_829
run BIB t= 830
Found population proton
Found population proton
Found population proton
Found population proton
Found population proton
Found population proton
Found population proton
Found population proton
Found population proton
Found population proton
Found population proton
Found population proton
Found population proton
Pdiag shape (319, 478, 3)
B shape (319, 478, 3)
Extracted frame BIB_830
run BIB t= 831
Found population proton
Found population proton
Found population proton
Found population proton
Found population proton
Found population proton
Found population proton
Found population proton
Found population proton
Found population proton
Found population proton
Found population proton
Found population proton
Pdiag shape (319, 478, 3)
B shape (319, 478, 3)
Extracted frame BIB_831
run BIB t= 832
Found population proton
Found population proton
Found population proton
Found population proton
Found population proton
Found population proton
Found population proton
Found population proton
Found population proton
Found population proton
Found population proton
Found population proton
Found population proton
Pdiag shape (319, 478, 3)
B shape (319, 478, 3)
Extracted frame BIB_832
run BIB t= 833
Found population proton
Found population proton
Found population proton
Found population proton
Found population proton
Found population proton
Found population proton
Found population proton
Found population proton
Found population proton
Found population proton
Found population proton
Found population proton
Pdiag shape (319, 478, 3)
B shape (319, 478, 3)
Extracted frame BIB_833
run BIB t= 834
Found population proton
Found population proton
Found population proton
Found population proton
Found population proton
Found population proton
Found population proton
Found population proton
Found population proton
Found population proton
Found population proton
Found population proton
Found population proton
Pdiag shape (319, 478, 3)
B shape (319, 478, 3)
Extracted frame BIB_834
run BIB t= 835
Found population proton
Found population proton
Found population proton
Found population proton
Found population proton
Found population proton
Found population proton
Found population proton
Found population proton
Found population proton
Found population proton
Found population proton
Found population proton
Pdiag shape (319, 478, 3)
B shape (319, 478, 3)
Extracted frame BIB_835
run BIB t= 836
Found population proton
Found population proton
Found population proton
Found population proton
Found population proton
Found population proton
Found population proton
Found population proton
Found population proton
Found population proton
Found population proton
Found population proton
Found population proton
Pdiag shape (319, 478, 3)
B shape (319, 478, 3)
Extracted frame BIB_836
run BIB t= 837
Found population proton
Found population proton
Found population proton
Found population proton
Found population proton
Found population proton
Found population proton
Found population proton
Found population proton
Found population proton
Found population proton
Found population proton
Found population proton
Pdiag shape (319, 478, 3)
B shape (319, 478, 3)
Extracted frame BIB_837
run BIB t= 838
Found population proton
Found population proton
Found population proton
Found population proton
Found population proton
Found population proton
Found population proton
Found population proton
Found population proton
Found population proton
Found population proton
Found population proton
Found population proton
Pdiag shape (319, 478, 3)
B shape (319, 478, 3)
Extracted frame BIB_838
run BIB t= 839
Found population proton
Found population proton
Found population proton
Found population proton
Found population proton
Found population proton
Found population proton
Found population proton
Found population proton
Found population proton
Found population proton
Found population proton
Found population proton
Pdiag shape (319, 478, 3)
B shape (319, 478, 3)
Extracted frame BIB_839
run BIB t= 840
Found population proton
Found population proton
Found population proton
Found population proton
Found population proton
Found population proton
Found population proton
Found population proton
Found population proton
Found population proton
Found population proton
Found population proton
Found population proton
Pdiag shape (319, 478, 3)
B shape (319, 478, 3)
Extracted frame BIB_840
run BIB t= 841
Found population proton
Found population proton
Found population proton
Found population proton
Found population proton
Found population proton
Found population proton
Found population proton
Found population proton
Found population proton
Found population proton
Found population proton
Found population proton
Pdiag shape (319, 478, 3)
B shape (319, 478, 3)
Extracted frame BIB_841
run BIB t= 842
Found population proton
Found population proton
Found population proton
Found population proton
Found population proton
Found population proton
Found population proton
Found population proton
Found population proton
Found population proton
Found population proton
Found population proton
Found population proton
Pdiag shape (319, 478, 3)
B shape (319, 478, 3)
Extracted frame BIB_842
run BIB t= 843
Found population proton
Found population proton
Found population proton
Found population proton
Found population proton
Found population proton
Found population proton
Found population proton
Found population proton
Found population proton
Found population proton
Found population proton
Found population proton
Pdiag shape (319, 478, 3)
B shape (319, 478, 3)
Extracted frame BIB_843
run BIB t= 844
Found population proton
Found population proton
Found population proton
Found population proton
Found population proton
Found population proton
Found population proton
Found population proton
Found population proton
Found population proton
Found population proton
Found population proton
Found population proton
Pdiag shape (319, 478, 3)
B shape (319, 478, 3)
Extracted frame BIB_844
run BIB t= 845
Found population proton
Found population proton
Found population proton
Found population proton
Found population proton
Found population proton
Found population proton
Found population proton
Found population proton
Found population proton
Found population proton
Found population proton
Found population proton
Pdiag shape (319, 478, 3)
B shape (319, 478, 3)
Extracted frame BIB_845
run BIB t= 846
Found population proton
Found population proton
Found population proton
Found population proton
Found population proton
Found population proton
Found population proton
Found population proton
Found population proton
Found population proton
Found population proton
Found population proton
Found population proton
Pdiag shape (319, 478, 3)
B shape (319, 478, 3)
Extracted frame BIB_846
run BIB t= 847
Found population proton
Found population proton
Found population proton
Found population proton
Found population proton
Found population proton
Found population proton
Found population proton
Found population proton
Found population proton
Found population proton
Found population proton
Found population proton
Pdiag shape (319, 478, 3)
B shape (319, 478, 3)
Extracted frame BIB_847
run BIB t= 848
Found population proton
Found population proton
Found population proton
Found population proton
Found population proton
Found population proton
Found population proton
Found population proton
Found population proton
Found population proton
Found population proton
Found population proton
Found population proton
Pdiag shape (319, 478, 3)
B shape (319, 478, 3)
Extracted frame BIB_848
run BIB t= 849
Found population proton
Found population proton
Found population proton
Found population proton
Found population proton
Found population proton
Found population proton
Found population proton
Found population proton
Found population proton
Found population proton
Found population proton
Found population proton
Pdiag shape (319, 478, 3)
B shape (319, 478, 3)
Extracted frame BIB_849
run BIB t= 850
Found population proton
Found population proton
Found population proton
Found population proton
Found population proton
Found population proton
Found population proton
Found population proton
Found population proton
Found population proton
Found population proton
Found population proton
Found population proton
Pdiag shape (319, 478, 3)
B shape (319, 478, 3)
Extracted frame BIB_850
run BIB t= 851
Found population proton
Found population proton
Found population proton
Found population proton
Found population proton
Found population proton
Found population proton
Found population proton
Found population proton
Found population proton
Found population proton
Found population proton
Found population proton
Pdiag shape (319, 478, 3)
B shape (319, 478, 3)
Extracted frame BIB_851
run BIB t= 852
Found population proton
Found population proton
Found population proton
Found population proton
Found population proton
Found population proton
Found population proton
Found population proton
Found population proton
Found population proton
Found population proton
Found population proton
Found population proton
Pdiag shape (319, 478, 3)
B shape (319, 478, 3)
Extracted frame BIB_852
run BIB t= 853
Found population proton
Found population proton
Found population proton
Found population proton
Found population proton
Found population proton
Found population proton
Found population proton
Found population proton
Found population proton
Found population proton
Found population proton
Found population proton
Pdiag shape (319, 478, 3)
B shape (319, 478, 3)
Extracted frame BIB_853
run BIB t= 854
Found population proton
Found population proton
Found population proton
Found population proton
Found population proton
Found population proton
Found population proton
Found population proton
Found population proton
Found population proton
Found population proton
Found population proton
Found population proton
Pdiag shape (319, 478, 3)
B shape (319, 478, 3)
Extracted frame BIB_854
run BIB t= 855
Found population proton
Found population proton
Found population proton
Found population proton
Found population proton
Found population proton
Found population proton
Found population proton
Found population proton
Found population proton
Found population proton
Found population proton
Found population proton
Pdiag shape (319, 478, 3)
B shape (319, 478, 3)
Extracted frame BIB_855
run BIB t= 856
Found population proton
Found population proton
Found population proton
Found population proton
Found population proton
Found population proton
Found population proton
Found population proton
Found population proton
Found population proton
Found population proton
Found population proton
Found population proton
Pdiag shape (319, 478, 3)
B shape (319, 478, 3)
Extracted frame BIB_856
run BIB t= 857
Found population proton
Found population proton
Found population proton
Found population proton
Found population proton
Found population proton
Found population proton
Found population proton
Found population proton
Found population proton
Found population proton
Found population proton
Found population proton
Pdiag shape (319, 478, 3)
B shape (319, 478, 3)
Extracted frame BIB_857
run BIB t= 858
Found population proton
Found population proton
Found population proton
Found population proton
Found population proton
Found population proton
Found population proton
Found population proton
Found population proton
Found population proton
Found population proton
Found population proton
Found population proton
Pdiag shape (319, 478, 3)
B shape (319, 478, 3)
Extracted frame BIB_858
run BIB t= 859
Found population proton
Found population proton
Found population proton
Found population proton
Found population proton
Found population proton
Found population proton
Found population proton
Found population proton
Found population proton
Found population proton
Found population proton
Found population proton
Pdiag shape (319, 478, 3)
B shape (319, 478, 3)
Extracted frame BIB_859
run BIB t= 860
Found population proton
Found population proton
Found population proton
Found population proton
Found population proton
Found population proton
Found population proton
Found population proton
Found population proton
Found population proton
Found population proton
Found population proton
Found population proton
Pdiag shape (319, 478, 3)
B shape (319, 478, 3)
Extracted frame BIB_860
run BIB t= 861
Found population proton
Found population proton
Found population proton
Found population proton
Found population proton
Found population proton
Found population proton
Found population proton
Found population proton
Found population proton
Found population proton
Found population proton
Found population proton
Pdiag shape (319, 478, 3)
B shape (319, 478, 3)
Extracted frame BIB_861
run BIB t= 862
Found population proton
Found population proton
Found population proton
Found population proton
Found population proton
Found population proton
Found population proton
Found population proton
Found population proton
Found population proton
Found population proton
Found population proton
Found population proton
Pdiag shape (319, 478, 3)
B shape (319, 478, 3)
Extracted frame BIB_862
run BIB t= 863
Found population proton
Found population proton
Found population proton
Found population proton
Found population proton
Found population proton
Found population proton
Found population proton
Found population proton
Found population proton
Found population proton
Found population proton
Found population proton
Pdiag shape (319, 478, 3)
B shape (319, 478, 3)
Extracted frame BIB_863
run BIB t= 864
Found population proton
Found population proton
Found population proton
Found population proton
Found population proton
Found population proton
Found population proton
Found population proton
Found population proton
Found population proton
Found population proton
Found population proton
Found population proton
Pdiag shape (319, 478, 3)
B shape (319, 478, 3)
Extracted frame BIB_864
run BIB t= 865
Found population proton
Found population proton
Found population proton
Found population proton
Found population proton
Found population proton
Found population proton
Found population proton
Found population proton
Found population proton
Found population proton
Found population proton
Found population proton
Pdiag shape (319, 478, 3)
B shape (319, 478, 3)
Extracted frame BIB_865
run BIB t= 866
Found population proton
Found population proton
Found population proton
Found population proton
Found population proton
Found population proton
Found population proton
Found population proton
Found population proton
Found population proton
Found population proton
Found population proton
Found population proton
Pdiag shape (319, 478, 3)
B shape (319, 478, 3)
Extracted frame BIB_866
run BIB t= 867
Found population proton
Found population proton
Found population proton
Found population proton
Found population proton
Found population proton
Found population proton
Found population proton
Found population proton
Found population proton
Found population proton
Found population proton
Found population proton
Pdiag shape (319, 478, 3)
B shape (319, 478, 3)
Extracted frame BIB_867
run BIB t= 868
Found population proton
Found population proton
Found population proton
Found population proton
Found population proton
Found population proton
Found population proton
Found population proton
Found population proton
Found population proton
Found population proton
Found population proton
Found population proton
Pdiag shape (319, 478, 3)
B shape (319, 478, 3)
Extracted frame BIB_868
run BIB t= 869
Found population proton
Found population proton
Found population proton
Found population proton
Found population proton
Found population proton
Found population proton
Found population proton
Found population proton
Found population proton
Found population proton
Found population proton
Found population proton
Pdiag shape (319, 478, 3)
B shape (319, 478, 3)
Extracted frame BIB_869
run BIB t= 870
Found population proton
Found population proton
Found population proton
Found population proton
Found population proton
Found population proton
Found population proton
Found population proton
Found population proton
Found population proton
Found population proton
Found population proton
Found population proton
Pdiag shape (319, 478, 3)
B shape (319, 478, 3)
Extracted frame BIB_870
run BIB t= 871
Found population proton
Found population proton
Found population proton
Found population proton
Found population proton
Found population proton
Found population proton
Found population proton
Found population proton
Found population proton
Found population proton
Found population proton
Found population proton
Pdiag shape (319, 478, 3)
B shape (319, 478, 3)
Extracted frame BIB_871
run BIB t= 872
Found population proton
Found population proton
Found population proton
Found population proton
Found population proton
Found population proton
Found population proton
Found population proton
Found population proton
Found population proton
Found population proton
Found population proton
Found population proton
Pdiag shape (319, 478, 3)
B shape (319, 478, 3)
Extracted frame BIB_872
run BIB t= 873
Found population proton
Found population proton
Found population proton
Found population proton
Found population proton
Found population proton
Found population proton
Found population proton
Found population proton
Found population proton
Found population proton
Found population proton
Found population proton
Pdiag shape (319, 478, 3)
B shape (319, 478, 3)
Extracted frame BIB_873
run BIB t= 874
Found population proton
Found population proton
Found population proton
Found population proton
Found population proton
Found population proton
Found population proton
Found population proton
Found population proton
Found population proton
Found population proton
Found population proton
Found population proton
Pdiag shape (319, 478, 3)
B shape (319, 478, 3)
Extracted frame BIB_874
run BIB t= 875
Found population proton
Found population proton
Found population proton
Found population proton
Found population proton
Found population proton
Found population proton
Found population proton
Found population proton
Found population proton
Found population proton
Found population proton
Found population proton
Pdiag shape (319, 478, 3)
B shape (319, 478, 3)
Extracted frame BIB_875
run BIB t= 876
Found population proton
Found population proton
Found population proton
Found population proton
Found population proton
Found population proton
Found population proton
Found population proton
Found population proton
Found population proton
Found population proton
Found population proton
Found population proton
Pdiag shape (319, 478, 3)
B shape (319, 478, 3)
Extracted frame BIB_876
run BIB t= 877
Found population proton
Found population proton
Found population proton
Found population proton
Found population proton
Found population proton
Found population proton
Found population proton
Found population proton
Found population proton
Found population proton
Found population proton
Found population proton
Pdiag shape (319, 478, 3)
B shape (319, 478, 3)
Extracted frame BIB_877
run BIB t= 878
Found population proton
Found population proton
Found population proton
Found population proton
Found population proton
Found population proton
Found population proton
Found population proton
Found population proton
Found population proton
Found population proton
Found population proton
Found population proton
Pdiag shape (319, 478, 3)
B shape (319, 478, 3)
Extracted frame BIB_878
run BIB t= 879
Found population proton
Found population proton
Found population proton
Found population proton
Found population proton
Found population proton
Found population proton
Found population proton
Found population proton
Found population proton
Found population proton
Found population proton
Found population proton
Pdiag shape (319, 478, 3)
B shape (319, 478, 3)
Extracted frame BIB_879
run BIB t= 880
Found population proton
Found population proton
Found population proton
Found population proton
Found population proton
Found population proton
Found population proton
Found population proton
Found population proton
Found population proton
Found population proton
Found population proton
Found population proton
Pdiag shape (319, 478, 3)
B shape (319, 478, 3)
Extracted frame BIB_880
run BIB t= 881
Found population proton
Found population proton
Found population proton
Found population proton
Found population proton
Found population proton
Found population proton
Found population proton
Found population proton
Found population proton
Found population proton
Found population proton
Found population proton
Pdiag shape (319, 478, 3)
B shape (319, 478, 3)
Extracted frame BIB_881
run BIB t= 882
Found population proton
Found population proton
Found population proton
Found population proton
Found population proton
Found population proton
Found population proton
Found population proton
Found population proton
Found population proton
Found population proton
Found population proton
Found population proton
Pdiag shape (319, 478, 3)
B shape (319, 478, 3)
Extracted frame BIB_882
run BIB t= 883
Found population proton
Found population proton
Found population proton
Found population proton
Found population proton
Found population proton
Found population proton
Found population proton
Found population proton
Found population proton
Found population proton
Found population proton
Found population proton
Pdiag shape (319, 478, 3)
B shape (319, 478, 3)
Extracted frame BIB_883
run BIB t= 884
Found population proton
Found population proton
Found population proton
Found population proton
Found population proton
Found population proton
Found population proton
Found population proton
Found population proton
Found population proton
Found population proton
Found population proton
Found population proton
Pdiag shape (319, 478, 3)
B shape (319, 478, 3)
Extracted frame BIB_884
run BIB t= 885
Found population proton
Found population proton
Found population proton
Found population proton
Found population proton
Found population proton
Found population proton
Found population proton
Found population proton
Found population proton
Found population proton
Found population proton
Found population proton
Pdiag shape (319, 478, 3)
B shape (319, 478, 3)
Extracted frame BIB_885
run BIB t= 886
Found population proton
Found population proton
Found population proton
Found population proton
Found population proton
Found population proton
Found population proton
Found population proton
Found population proton
Found population proton
Found population proton
Found population proton
Found population proton
Pdiag shape (319, 478, 3)
B shape (319, 478, 3)
Extracted frame BIB_886
run BIB t= 887
Found population proton
Found population proton
Found population proton
Found population proton
Found population proton
Found population proton
Found population proton
Found population proton
Found population proton
Found population proton
Found population proton
Found population proton
Found population proton
Pdiag shape (319, 478, 3)
B shape (319, 478, 3)
Extracted frame BIB_887
run BIB t= 888
Found population proton
Found population proton
Found population proton
Found population proton
Found population proton
Found population proton
Found population proton
Found population proton
Found population proton
Found population proton
Found population proton
Found population proton
Found population proton
Pdiag shape (319, 478, 3)
B shape (319, 478, 3)
Extracted frame BIB_888
run BIB t= 889
Found population proton
Found population proton
Found population proton
Found population proton
Found population proton
Found population proton
Found population proton
Found population proton
Found population proton
Found population proton
Found population proton
Found population proton
Found population proton
Pdiag shape (319, 478, 3)
B shape (319, 478, 3)
Extracted frame BIB_889
run BIB t= 890
Found population proton
Found population proton
Found population proton
Found population proton
Found population proton
Found population proton
Found population proton
Found population proton
Found population proton
Found population proton
Found population proton
Found population proton
Found population proton
Pdiag shape (319, 478, 3)
B shape (319, 478, 3)
Extracted frame BIB_890
run BIB t= 891
Found population proton
Found population proton
Found population proton
Found population proton
Found population proton
Found population proton
Found population proton
Found population proton
Found population proton
Found population proton
Found population proton
Found population proton
Found population proton
Pdiag shape (319, 478, 3)
B shape (319, 478, 3)
Extracted frame BIB_891
run BIB t= 892
Found population proton
Found population proton
Found population proton
Found population proton
Found population proton
Found population proton
Found population proton
Found population proton
Found population proton
Found population proton
Found population proton
Found population proton
Found population proton
Pdiag shape (319, 478, 3)
B shape (319, 478, 3)
Extracted frame BIB_892
run BIB t= 893
Found population proton
Found population proton
Found population proton
Found population proton
Found population proton
Found population proton
Found population proton
Found population proton
Found population proton
Found population proton
Found population proton
Found population proton
Found population proton
Pdiag shape (319, 478, 3)
B shape (319, 478, 3)
Extracted frame BIB_893
run BIB t= 894
Found population proton
Found population proton
Found population proton
Found population proton
Found population proton
Found population proton
Found population proton
Found population proton
Found population proton
Found population proton
Found population proton
Found population proton
Found population proton
Pdiag shape (319, 478, 3)
B shape (319, 478, 3)
Extracted frame BIB_894
run BIB t= 895
Found population proton
Found population proton
Found population proton
Found population proton
Found population proton
Found population proton
Found population proton
Found population proton
Found population proton
Found population proton
Found population proton
Found population proton
Found population proton
Pdiag shape (319, 478, 3)
B shape (319, 478, 3)
Extracted frame BIB_895
run BIB t= 896
Found population proton
Found population proton
Found population proton
Found population proton
Found population proton
Found population proton
Found population proton
Found population proton
Found population proton
Found population proton
Found population proton
Found population proton
Found population proton
Pdiag shape (319, 478, 3)
B shape (319, 478, 3)
Extracted frame BIB_896
run BIB t= 897
Found population proton
Found population proton
Found population proton
Found population proton
Found population proton
Found population proton
Found population proton
Found population proton
Found population proton
Found population proton
Found population proton
Found population proton
Found population proton
Pdiag shape (319, 478, 3)
B shape (319, 478, 3)
Extracted frame BIB_897
run BIB t= 898
Found population proton
Found population proton
Found population proton
Found population proton
Found population proton
Found population proton
Found population proton
Found population proton
Found population proton
Found population proton
Found population proton
Found population proton
Found population proton
Pdiag shape (319, 478, 3)
B shape (319, 478, 3)
Extracted frame BIB_898
run BIB t= 899
Found population proton
Found population proton
Found population proton
Found population proton
Found population proton
Found population proton
Found population proton
Found population proton
Found population proton
Found population proton
Found population proton
Found population proton
Found population proton
Pdiag shape (319, 478, 3)
B shape (319, 478, 3)
Extracted frame BIB_899
run BIB t= 900
Found population proton
Found population proton
Found population proton
Found population proton
Found population proton
Found population proton
Found population proton
Found population proton
Found population proton
Found population proton
Found population proton
Found population proton
Found population proton
Pdiag shape (319, 478, 3)
B shape (319, 478, 3)
Extracted frame BIB_900
run BIB t= 901
Found population proton
Found population proton
Found population proton
Found population proton
Found population proton
Found population proton
Found population proton
Found population proton
Found population proton
Found population proton
Found population proton
Found population proton
Found population proton
Pdiag shape (319, 478, 3)
B shape (319, 478, 3)
Extracted frame BIB_901
run BIB t= 902
Found population proton
Found population proton
Found population proton
Found population proton
Found population proton
Found population proton
Found population proton
Found population proton
Found population proton
Found population proton
Found population proton
Found population proton
Found population proton
Pdiag shape (319, 478, 3)
B shape (319, 478, 3)
Extracted frame BIB_902
run BIB t= 903
Found population proton
Found population proton
Found population proton
Found population proton
Found population proton
Found population proton
Found population proton
Found population proton
Found population proton
Found population proton
Found population proton
Found population proton
Found population proton
Pdiag shape (319, 478, 3)
B shape (319, 478, 3)
Extracted frame BIB_903
run BIB t= 904
Found population proton
Found population proton
Found population proton
Found population proton
Found population proton
Found population proton
Found population proton
Found population proton
Found population proton
Found population proton
Found population proton
Found population proton
Found population proton
Pdiag shape (319, 478, 3)
B shape (319, 478, 3)
Extracted frame BIB_904
run BIB t= 905
Found population proton
Found population proton
Found population proton
Found population proton
Found population proton
Found population proton
Found population proton
Found population proton
Found population proton
Found population proton
Found population proton
Found population proton
Found population proton
Pdiag shape (319, 478, 3)
B shape (319, 478, 3)
Extracted frame BIB_905
run BIB t= 906
Found population proton
Found population proton
Found population proton
Found population proton
Found population proton
Found population proton
Found population proton
Found population proton
Found population proton
Found population proton
Found population proton
Found population proton
Found population proton
Pdiag shape (319, 478, 3)
B shape (319, 478, 3)
Extracted frame BIB_906
run BIB t= 907
Found population proton
Found population proton
Found population proton
Found population proton
Found population proton
Found population proton
Found population proton
Found population proton
Found population proton
Found population proton
Found population proton
Found population proton
Found population proton
Pdiag shape (319, 478, 3)
B shape (319, 478, 3)
Extracted frame BIB_907
run BIB t= 908
Found population proton
Found population proton
Found population proton
Found population proton
Found population proton
Found population proton
Found population proton
Found population proton
Found population proton
Found population proton
Found population proton
Found population proton
Found population proton
Pdiag shape (319, 478, 3)
B shape (319, 478, 3)
Extracted frame BIB_908
run BIB t= 909
Found population proton
Found population proton
Found population proton
Found population proton
Found population proton
Found population proton
Found population proton
Found population proton
Found population proton
Found population proton
Found population proton
Found population proton
Found population proton
Pdiag shape (319, 478, 3)
B shape (319, 478, 3)
Extracted frame BIB_909
run BIB t= 910
Found population proton
Found population proton
Found population proton
Found population proton
Found population proton
Found population proton
Found population proton
Found population proton
Found population proton
Found population proton
Found population proton
Found population proton
Found population proton
Pdiag shape (319, 478, 3)
B shape (319, 478, 3)
Extracted frame BIB_910
run BIB t= 911
Found population proton
Found population proton
Found population proton
Found population proton
Found population proton
Found population proton
Found population proton
Found population proton
Found population proton
Found population proton
Found population proton
Found population proton
Found population proton
Pdiag shape (319, 478, 3)
B shape (319, 478, 3)
Extracted frame BIB_911
run BIB t= 912
Found population proton
Found population proton
Found population proton
Found population proton
Found population proton
Found population proton
Found population proton
Found population proton
Found population proton
Found population proton
Found population proton
Found population proton
Found population proton
Pdiag shape (319, 478, 3)
B shape (319, 478, 3)
Extracted frame BIB_912
run BIB t= 913
Found population proton
Found population proton
Found population proton
Found population proton
Found population proton
Found population proton
Found population proton
Found population proton
Found population proton
Found population proton
Found population proton
Found population proton
Found population proton
Pdiag shape (319, 478, 3)
B shape (319, 478, 3)
Extracted frame BIB_913
run BIB t= 914
Found population proton
Found population proton
Found population proton
Found population proton
Found population proton
Found population proton
Found population proton
Found population proton
Found population proton
Found population proton
Found population proton
Found population proton
Found population proton
Pdiag shape (319, 478, 3)
B shape (319, 478, 3)
Extracted frame BIB_914
run BIB t= 915
Found population proton
Found population proton
Found population proton
Found population proton
Found population proton
Found population proton
Found population proton
Found population proton
Found population proton
Found population proton
Found population proton
Found population proton
Found population proton
Pdiag shape (319, 478, 3)
B shape (319, 478, 3)
Extracted frame BIB_915
run BIB t= 916
Found population proton
Found population proton
Found population proton
Found population proton
Found population proton
Found population proton
Found population proton
Found population proton
Found population proton
Found population proton
Found population proton
Found population proton
Found population proton
Pdiag shape (319, 478, 3)
B shape (319, 478, 3)
Extracted frame BIB_916
run BIB t= 917
Found population proton
Found population proton
Found population proton
Found population proton
Found population proton
Found population proton
Found population proton
Found population proton
Found population proton
Found population proton
Found population proton
Found population proton
Found population proton
Pdiag shape (319, 478, 3)
B shape (319, 478, 3)
Extracted frame BIB_917
run BIB t= 918
Found population proton
Found population proton
Found population proton
Found population proton
Found population proton
Found population proton
Found population proton
Found population proton
Found population proton
Found population proton
Found population proton
Found population proton
Found population proton
Pdiag shape (319, 478, 3)
B shape (319, 478, 3)
Extracted frame BIB_918
run BIB t= 919
Found population proton
Found population proton
Found population proton
Found population proton
Found population proton
Found population proton
Found population proton
Found population proton
Found population proton
Found population proton
Found population proton
Found population proton
Found population proton
Pdiag shape (319, 478, 3)
B shape (319, 478, 3)
Extracted frame BIB_919
run BIB t= 920
Found population proton
Found population proton
Found population proton
Found population proton
Found population proton
Found population proton
Found population proton
Found population proton
Found population proton
Found population proton
Found population proton
Found population proton
Found population proton
Pdiag shape (319, 478, 3)
B shape (319, 478, 3)
Extracted frame BIB_920
run BIB t= 921
Found population proton
Found population proton
Found population proton
Found population proton
Found population proton
Found population proton
Found population proton
Found population proton
Found population proton
Found population proton
Found population proton
Found population proton
Found population proton
Pdiag shape (319, 478, 3)
B shape (319, 478, 3)
Extracted frame BIB_921
run BIB t= 922
Found population proton
Found population proton
Found population proton
Found population proton
Found population proton
Found population proton
Found population proton
Found population proton
Found population proton
Found population proton
Found population proton
Found population proton
Found population proton
Pdiag shape (319, 478, 3)
B shape (319, 478, 3)
Extracted frame BIB_922
run BIB t= 923
Found population proton
Found population proton
Found population proton
Found population proton
Found population proton
Found population proton
Found population proton
Found population proton
Found population proton
Found population proton
Found population proton
Found population proton
Found population proton
Pdiag shape (319, 478, 3)
B shape (319, 478, 3)
Extracted frame BIB_923
run BIB t= 924
Found population proton
Found population proton
Found population proton
Found population proton
Found population proton
Found population proton
Found population proton
Found population proton
Found population proton
Found population proton
Found population proton
Found population proton
Found population proton
Pdiag shape (319, 478, 3)
B shape (319, 478, 3)
Extracted frame BIB_924
run BIB t= 925
Found population proton
Found population proton
Found population proton
Found population proton
Found population proton
Found population proton
Found population proton
Found population proton
Found population proton
Found population proton
Found population proton
Found population proton
Found population proton
Pdiag shape (319, 478, 3)
B shape (319, 478, 3)
Extracted frame BIB_925
run BIB t= 926
Found population proton
Found population proton
Found population proton
Found population proton
Found population proton
Found population proton
Found population proton
Found population proton
Found population proton
Found population proton
Found population proton
Found population proton
Found population proton
Pdiag shape (319, 478, 3)
B shape (319, 478, 3)
Extracted frame BIB_926
run BIB t= 927
Found population proton
Found population proton
Found population proton
Found population proton
Found population proton
Found population proton
Found population proton
Found population proton
Found population proton
Found population proton
Found population proton
Found population proton
Found population proton
Pdiag shape (319, 478, 3)
B shape (319, 478, 3)
Extracted frame BIB_927
run BIB t= 928
Found population proton
Found population proton
Found population proton
Found population proton
Found population proton
Found population proton
Found population proton
Found population proton
Found population proton
Found population proton
Found population proton
Found population proton
Found population proton
Pdiag shape (319, 478, 3)
B shape (319, 478, 3)
Extracted frame BIB_928
run BIB t= 929
Found population proton
Found population proton
Found population proton
Found population proton
Found population proton
Found population proton
Found population proton
Found population proton
Found population proton
Found population proton
Found population proton
Found population proton
Found population proton
Pdiag shape (319, 478, 3)
B shape (319, 478, 3)
Extracted frame BIB_929
run BIB t= 930
Found population proton
Found population proton
Found population proton
Found population proton
Found population proton
Found population proton
Found population proton
Found population proton
Found population proton
Found population proton
Found population proton
Found population proton
Found population proton
Pdiag shape (319, 478, 3)
B shape (319, 478, 3)
Extracted frame BIB_930
run BIB t= 931
Found population proton
Found population proton
Found population proton
Found population proton
Found population proton
Found population proton
Found population proton
Found population proton
Found population proton
Found population proton
Found population proton
Found population proton
Found population proton
Pdiag shape (319, 478, 3)
B shape (319, 478, 3)
Extracted frame BIB_931
run BIB t= 932
Found population proton
Found population proton
Found population proton
Found population proton
Found population proton
Found population proton
Found population proton
Found population proton
Found population proton
Found population proton
Found population proton
Found population proton
Found population proton
Pdiag shape (319, 478, 3)
B shape (319, 478, 3)
Extracted frame BIB_932
run BIB t= 933
Found population proton
Found population proton
Found population proton
Found population proton
Found population proton
Found population proton
Found population proton
Found population proton
Found population proton
Found population proton
Found population proton
Found population proton
Found population proton
Pdiag shape (319, 478, 3)
B shape (319, 478, 3)
Extracted frame BIB_933
run BIB t= 934
Found population proton
Found population proton
Found population proton
Found population proton
Found population proton
Found population proton
Found population proton
Found population proton
Found population proton
Found population proton
Found population proton
Found population proton
Found population proton
Pdiag shape (319, 478, 3)
B shape (319, 478, 3)
Extracted frame BIB_934
run BIB t= 935
Found population proton
Found population proton
Found population proton
Found population proton
Found population proton
Found population proton
Found population proton
Found population proton
Found population proton
Found population proton
Found population proton
Found population proton
Found population proton
Pdiag shape (319, 478, 3)
B shape (319, 478, 3)
Extracted frame BIB_935
run BIB t= 936
Found population proton
Found population proton
Found population proton
Found population proton
Found population proton
Found population proton
Found population proton
Found population proton
Found population proton
Found population proton
Found population proton
Found population proton
Found population proton
Pdiag shape (319, 478, 3)
B shape (319, 478, 3)
Extracted frame BIB_936
run BIB t= 937
Found population proton
Found population proton
Found population proton
Found population proton
Found population proton
Found population proton
Found population proton
Found population proton
Found population proton
Found population proton
Found population proton
Found population proton
Found population proton
Pdiag shape (319, 478, 3)
B shape (319, 478, 3)
Extracted frame BIB_937
run BIB t= 938
Found population proton
Found population proton
Found population proton
Found population proton
Found population proton
Found population proton
Found population proton
Found population proton
Found population proton
Found population proton
Found population proton
Found population proton
Found population proton
Pdiag shape (319, 478, 3)
B shape (319, 478, 3)
Extracted frame BIB_938
run BIB t= 939
Found population proton
Found population proton
Found population proton
Found population proton
Found population proton
Found population proton
Found population proton
Found population proton
Found population proton
Found population proton
Found population proton
Found population proton
Found population proton
Pdiag shape (319, 478, 3)
B shape (319, 478, 3)
Extracted frame BIB_939
run BIB t= 940
Found population proton
Found population proton
Found population proton
Found population proton
Found population proton
Found population proton
Found population proton
Found population proton
Found population proton
Found population proton
Found population proton
Found population proton
Found population proton
Pdiag shape (319, 478, 3)
B shape (319, 478, 3)
Extracted frame BIB_940
run BIB t= 941
Found population proton
Found population proton
Found population proton
Found population proton
Found population proton
Found population proton
Found population proton
Found population proton
Found population proton
Found population proton
Found population proton
Found population proton
Found population proton
Pdiag shape (319, 478, 3)
B shape (319, 478, 3)
Extracted frame BIB_941
run BIB t= 942
Found population proton
Found population proton
Found population proton
Found population proton
Found population proton
Found population proton
Found population proton
Found population proton
Found population proton
Found population proton
Found population proton
Found population proton
Found population proton
Pdiag shape (319, 478, 3)
B shape (319, 478, 3)
Extracted frame BIB_942
run BIB t= 943
Found population proton
Found population proton
Found population proton
Found population proton
Found population proton
Found population proton
Found population proton
Found population proton
Found population proton
Found population proton
Found population proton
Found population proton
Found population proton
Pdiag shape (319, 478, 3)
B shape (319, 478, 3)
Extracted frame BIB_943
run BIB t= 944
Found population proton
Found population proton
Found population proton
Found population proton
Found population proton
Found population proton
Found population proton
Found population proton
Found population proton
Found population proton
Found population proton
Found population proton
Found population proton
Pdiag shape (319, 478, 3)
B shape (319, 478, 3)
Extracted frame BIB_944
run BIB t= 945
Found population proton
Found population proton
Found population proton
Found population proton
Found population proton
Found population proton
Found population proton
Found population proton
Found population proton
Found population proton
Found population proton
Found population proton
Found population proton
Pdiag shape (319, 478, 3)
B shape (319, 478, 3)
Extracted frame BIB_945
run BIB t= 946
Found population proton
Found population proton
Found population proton
Found population proton
Found population proton
Found population proton
Found population proton
Found population proton
Found population proton
Found population proton
Found population proton
Found population proton
Found population proton
Pdiag shape (319, 478, 3)
B shape (319, 478, 3)
Extracted frame BIB_946
run BIB t= 947
Found population proton
Found population proton
Found population proton
Found population proton
Found population proton
Found population proton
Found population proton
Found population proton
Found population proton
Found population proton
Found population proton
Found population proton
Found population proton
Pdiag shape (319, 478, 3)
B shape (319, 478, 3)
Extracted frame BIB_947
run BIB t= 948
Found population proton
Found population proton
Found population proton
Found population proton
Found population proton
Found population proton
Found population proton
Found population proton
Found population proton
Found population proton
Found population proton
Found population proton
Found population proton
Pdiag shape (319, 478, 3)
B shape (319, 478, 3)
Extracted frame BIB_948
run BIB t= 949
Found population proton
Found population proton
Found population proton
Found population proton
Found population proton
Found population proton
Found population proton
Found population proton
Found population proton
Found population proton
Found population proton
Found population proton
Found population proton
Pdiag shape (319, 478, 3)
B shape (319, 478, 3)
Extracted frame BIB_949
run BIB t= 950
Found population proton
Found population proton
Found population proton
Found population proton
Found population proton
Found population proton
Found population proton
Found population proton
Found population proton
Found population proton
Found population proton
Found population proton
Found population proton
Pdiag shape (319, 478, 3)
B shape (319, 478, 3)
Extracted frame BIB_950
run BIB t= 951
Found population proton
Found population proton
Found population proton
Found population proton
Found population proton
Found population proton
Found population proton
Found population proton
Found population proton
Found population proton
Found population proton
Found population proton
Found population proton
Pdiag shape (319, 478, 3)
B shape (319, 478, 3)
Extracted frame BIB_951
run BIB t= 952
Found population proton
Found population proton
Found population proton
Found population proton
Found population proton
Found population proton
Found population proton
Found population proton
Found population proton
Found population proton
Found population proton
Found population proton
Found population proton
Pdiag shape (319, 478, 3)
B shape (319, 478, 3)
Extracted frame BIB_952
run BIB t= 953
Found population proton
Found population proton
Found population proton
Found population proton
Found population proton
Found population proton
Found population proton
Found population proton
Found population proton
Found population proton
Found population proton
Found population proton
Found population proton
Pdiag shape (319, 478, 3)
B shape (319, 478, 3)
Extracted frame BIB_953
run BIB t= 954
Found population proton
Found population proton
Found population proton
Found population proton
Found population proton
Found population proton
Found population proton
Found population proton
Found population proton
Found population proton
Found population proton
Found population proton
Found population proton
Pdiag shape (319, 478, 3)
B shape (319, 478, 3)
Extracted frame BIB_954
run BIB t= 955
Found population proton
Found population proton
Found population proton
Found population proton
Found population proton
Found population proton
Found population proton
Found population proton
Found population proton
Found population proton
Found population proton
Found population proton
Found population proton
Pdiag shape (319, 478, 3)
B shape (319, 478, 3)
Extracted frame BIB_955
run BIB t= 956
Found population proton
Found population proton
Found population proton
Found population proton
Found population proton
Found population proton
Found population proton
Found population proton
Found population proton
Found population proton
Found population proton
Found population proton
Found population proton
Pdiag shape (319, 478, 3)
B shape (319, 478, 3)
Extracted frame BIB_956
run BIB t= 957
Found population proton
Found population proton
Found population proton
Found population proton
Found population proton
Found population proton
Found population proton
Found population proton
Found population proton
Found population proton
Found population proton
Found population proton
Found population proton
Pdiag shape (319, 478, 3)
B shape (319, 478, 3)
Extracted frame BIB_957
run BIB t= 958
Found population proton
Found population proton
Found population proton
Found population proton
Found population proton
Found population proton
Found population proton
Found population proton
Found population proton
Found population proton
Found population proton
Found population proton
Found population proton
Pdiag shape (319, 478, 3)
B shape (319, 478, 3)
Extracted frame BIB_958
run BIB t= 959
Found population proton
Found population proton
Found population proton
Found population proton
Found population proton
Found population proton
Found population proton
Found population proton
Found population proton
Found population proton
Found population proton
Found population proton
Found population proton
Pdiag shape (319, 478, 3)
B shape (319, 478, 3)
Extracted frame BIB_959
run BIB t= 960
Found population proton
Found population proton
Found population proton
Found population proton
Found population proton
Found population proton
Found population proton
Found population proton
Found population proton
Found population proton
Found population proton
Found population proton
Found population proton
Pdiag shape (319, 478, 3)
B shape (319, 478, 3)
Extracted frame BIB_960
run BIB t= 961
Found population proton
Found population proton
Found population proton
Found population proton
Found population proton
Found population proton
Found population proton
Found population proton
Found population proton
Found population proton
Found population proton
Found population proton
Found population proton
Pdiag shape (319, 478, 3)
B shape (319, 478, 3)
Extracted frame BIB_961
run BIB t= 962
Found population proton
Found population proton
Found population proton
Found population proton
Found population proton
Found population proton
Found population proton
Found population proton
Found population proton
Found population proton
Found population proton
Found population proton
Found population proton
Pdiag shape (319, 478, 3)
B shape (319, 478, 3)
Extracted frame BIB_962
run BIB t= 963
Found population proton
Found population proton
Found population proton
Found population proton
Found population proton
Found population proton
Found population proton
Found population proton
Found population proton
Found population proton
Found population proton
Found population proton
Found population proton
Pdiag shape (319, 478, 3)
B shape (319, 478, 3)
Extracted frame BIB_963
run BIB t= 964
Found population proton
Found population proton
Found population proton
Found population proton
Found population proton
Found population proton
Found population proton
Found population proton
Found population proton
Found population proton
Found population proton
Found population proton
Found population proton
Pdiag shape (319, 478, 3)
B shape (319, 478, 3)
Extracted frame BIB_964
run BIB t= 965
Found population proton
Found population proton
Found population proton
Found population proton
Found population proton
Found population proton
Found population proton
Found population proton
Found population proton
Found population proton
Found population proton
Found population proton
Found population proton
Pdiag shape (319, 478, 3)
B shape (319, 478, 3)
Extracted frame BIB_965
run BIB t= 966
Found population proton
Found population proton
Found population proton
Found population proton
Found population proton
Found population proton
Found population proton
Found population proton
Found population proton
Found population proton
Found population proton
Found population proton
Found population proton
Pdiag shape (319, 478, 3)
B shape (319, 478, 3)
Extracted frame BIB_966
run BIB t= 967
Found population proton
Found population proton
Found population proton
Found population proton
Found population proton
Found population proton
Found population proton
Found population proton
Found population proton
Found population proton
Found population proton
Found population proton
Found population proton
Pdiag shape (319, 478, 3)
B shape (319, 478, 3)
Extracted frame BIB_967
run BIB t= 968
Found population proton
Found population proton
Found population proton
Found population proton
Found population proton
Found population proton
Found population proton
Found population proton
Found population proton
Found population proton
Found population proton
Found population proton
Found population proton
Pdiag shape (319, 478, 3)
B shape (319, 478, 3)
Extracted frame BIB_968
run BIB t= 969
Found population proton
Found population proton
Found population proton
Found population proton
Found population proton
Found population proton
Found population proton
Found population proton
Found population proton
Found population proton
Found population proton
Found population proton
Found population proton
Pdiag shape (319, 478, 3)
B shape (319, 478, 3)
Extracted frame BIB_969
run BIB t= 970
Found population proton
Found population proton
Found population proton
Found population proton
Found population proton
Found population proton
Found population proton
Found population proton
Found population proton
Found population proton
Found population proton
Found population proton
Found population proton
Pdiag shape (319, 478, 3)
B shape (319, 478, 3)
Extracted frame BIB_970
run BIB t= 971
Found population proton
Found population proton
Found population proton
Found population proton
Found population proton
Found population proton
Found population proton
Found population proton
Found population proton
Found population proton
Found population proton
Found population proton
Found population proton
Pdiag shape (319, 478, 3)
B shape (319, 478, 3)
Extracted frame BIB_971
run BIB t= 972
Found population proton
Found population proton
Found population proton
Found population proton
Found population proton
Found population proton
Found population proton
Found population proton
Found population proton
Found population proton
Found population proton
Found population proton
Found population proton
Pdiag shape (319, 478, 3)
B shape (319, 478, 3)
Extracted frame BIB_972
run BIB t= 973
Found population proton
Found population proton
Found population proton
Found population proton
Found population proton
Found population proton
Found population proton
Found population proton
Found population proton
Found population proton
Found population proton
Found population proton
Found population proton
Pdiag shape (319, 478, 3)
B shape (319, 478, 3)
Extracted frame BIB_973
run BIB t= 974
Found population proton
Found population proton
Found population proton
Found population proton
Found population proton
Found population proton
Found population proton
Found population proton
Found population proton
Found population proton
Found population proton
Found population proton
Found population proton
Pdiag shape (319, 478, 3)
B shape (319, 478, 3)
Extracted frame BIB_974
run BIB t= 975
Found population proton
Found population proton
Found population proton
Found population proton
Found population proton
Found population proton
Found population proton
Found population proton
Found population proton
Found population proton
Found population proton
Found population proton
Found population proton
Pdiag shape (319, 478, 3)
B shape (319, 478, 3)
Extracted frame BIB_975
run BIB t= 976
Found population proton
Found population proton
Found population proton
Found population proton
Found population proton
Found population proton
Found population proton
Found population proton
Found population proton
Found population proton
Found population proton
Found population proton
Found population proton
Pdiag shape (319, 478, 3)
B shape (319, 478, 3)
Extracted frame BIB_976
run BIB t= 977
Found population proton
Found population proton
Found population proton
Found population proton
Found population proton
Found population proton
Found population proton
Found population proton
Found population proton
Found population proton
Found population proton
Found population proton
Found population proton
Pdiag shape (319, 478, 3)
B shape (319, 478, 3)
Extracted frame BIB_977
run BIB t= 978
Found population proton
Found population proton
Found population proton
Found population proton
Found population proton
Found population proton
Found population proton
Found population proton
Found population proton
Found population proton
Found population proton
Found population proton
Found population proton
Pdiag shape (319, 478, 3)
B shape (319, 478, 3)
Extracted frame BIB_978
run BIB t= 979
Found population proton
Found population proton
Found population proton
Found population proton
Found population proton
Found population proton
Found population proton
Found population proton
Found population proton
Found population proton
Found population proton
Found population proton
Found population proton
Pdiag shape (319, 478, 3)
B shape (319, 478, 3)
Extracted frame BIB_979
run BIB t= 980
Found population proton
Found population proton
Found population proton
Found population proton
Found population proton
Found population proton
Found population proton
Found population proton
Found population proton
Found population proton
Found population proton
Found population proton
Found population proton
Pdiag shape (319, 478, 3)
B shape (319, 478, 3)
Extracted frame BIB_980
run BIB t= 981
Found population proton
Found population proton
Found population proton
Found population proton
Found population proton
Found population proton
Found population proton
Found population proton
Found population proton
Found population proton
Found population proton
Found population proton
Found population proton
Pdiag shape (319, 478, 3)
B shape (319, 478, 3)
Extracted frame BIB_981
run BIB t= 982
Found population proton
Found population proton
Found population proton
Found population proton
Found population proton
Found population proton
Found population proton
Found population proton
Found population proton
Found population proton
Found population proton
Found population proton
Found population proton
Pdiag shape (319, 478, 3)
B shape (319, 478, 3)
Extracted frame BIB_982
run BIB t= 983
Found population proton
Found population proton
Found population proton
Found population proton
Found population proton
Found population proton
Found population proton
Found population proton
Found population proton
Found population proton
Found population proton
Found population proton
Found population proton
Pdiag shape (319, 478, 3)
B shape (319, 478, 3)
Extracted frame BIB_983
run BIB t= 984
Found population proton
Found population proton
Found population proton
Found population proton
Found population proton
Found population proton
Found population proton
Found population proton
Found population proton
Found population proton
Found population proton
Found population proton
Found population proton
Pdiag shape (319, 478, 3)
B shape (319, 478, 3)
Extracted frame BIB_984
run BIB t= 985
Found population proton
Found population proton
Found population proton
Found population proton
Found population proton
Found population proton
Found population proton
Found population proton
Found population proton
Found population proton
Found population proton
Found population proton
Found population proton
Pdiag shape (319, 478, 3)
B shape (319, 478, 3)
Extracted frame BIB_985
run BIB t= 986
Found population proton
Found population proton
Found population proton
Found population proton
Found population proton
Found population proton
Found population proton
Found population proton
Found population proton
Found population proton
Found population proton
Found population proton
Found population proton
Pdiag shape (319, 478, 3)
B shape (319, 478, 3)
Extracted frame BIB_986
run BIB t= 987
Found population proton
Found population proton
Found population proton
Found population proton
Found population proton
Found population proton
Found population proton
Found population proton
Found population proton
Found population proton
Found population proton
Found population proton
Found population proton
Pdiag shape (319, 478, 3)
B shape (319, 478, 3)
Extracted frame BIB_987
run BIB t= 988
Found population proton
Found population proton
Found population proton
Found population proton
Found population proton
Found population proton
Found population proton
Found population proton
Found population proton
Found population proton
Found population proton
Found population proton
Found population proton
Pdiag shape (319, 478, 3)
B shape (319, 478, 3)
Extracted frame BIB_988
run BIB t= 989
Found population proton
Found population proton
Found population proton
Found population proton
Found population proton
Found population proton
Found population proton
Found population proton
Found population proton
Found population proton
Found population proton
Found population proton
Found population proton
Pdiag shape (319, 478, 3)
B shape (319, 478, 3)
Extracted frame BIB_989
run BIB t= 990
Found population proton
Found population proton
Found population proton
Found population proton
Found population proton
Found population proton
Found population proton
Found population proton
Found population proton
Found population proton
Found population proton
Found population proton
Found population proton
Pdiag shape (319, 478, 3)
B shape (319, 478, 3)
Extracted frame BIB_990
run BIB t= 991
Found population proton
Found population proton
Found population proton
Found population proton
Found population proton
Found population proton
Found population proton
Found population proton
Found population proton
Found population proton
Found population proton
Found population proton
Found population proton
Pdiag shape (319, 478, 3)
B shape (319, 478, 3)
Extracted frame BIB_991
run BIB t= 992
Found population proton
Found population proton
Found population proton
Found population proton
Found population proton
Found population proton
Found population proton
Found population proton
Found population proton
Found population proton
Found population proton
Found population proton
Found population proton
Pdiag shape (319, 478, 3)
B shape (319, 478, 3)
Extracted frame BIB_992
run BIB t= 993
Found population proton
Found population proton
Found population proton
Found population proton
Found population proton
Found population proton
Found population proton
Found population proton
Found population proton
Found population proton
Found population proton
Found population proton
Found population proton
Pdiag shape (319, 478, 3)
B shape (319, 478, 3)
Extracted frame BIB_993
run BIB t= 994
Found population proton
Found population proton
Found population proton
Found population proton
Found population proton
Found population proton
Found population proton
Found population proton
Found population proton
Found population proton
Found population proton
Found population proton
Found population proton
Pdiag shape (319, 478, 3)
B shape (319, 478, 3)
Extracted frame BIB_994
run BIB t= 995
Found population proton
Found population proton
Found population proton
Found population proton
Found population proton
Found population proton
Found population proton
Found population proton
Found population proton
Found population proton
Found population proton
Found population proton
Found population proton
Pdiag shape (319, 478, 3)
B shape (319, 478, 3)
Extracted frame BIB_995
run BIB t= 996
Found population proton
Found population proton
Found population proton
Found population proton
Found population proton
Found population proton
Found population proton
Found population proton
Found population proton
Found population proton
Found population proton
Found population proton
Found population proton
Pdiag shape (319, 478, 3)
B shape (319, 478, 3)
Extracted frame BIB_996
run BIB t= 997
Found population proton
Found population proton
Found population proton
Found population proton
Found population proton
Found population proton
Found population proton
Found population proton
Found population proton
Found population proton
Found population proton
Found population proton
Found population proton
Pdiag shape (319, 478, 3)
B shape (319, 478, 3)
Extracted frame BIB_997
run BIB t= 998
Found population proton
Found population proton
Found population proton
Found population proton
Found population proton
Found population proton
Found population proton
Found population proton
Found population proton
Found population proton
Found population proton
Found population proton
Found population proton
Pdiag shape (319, 478, 3)
B shape (319, 478, 3)
Extracted frame BIB_998
run BIB t= 999
Found population proton
Found population proton
Found population proton
Found population proton
Found population proton
Found population proton
Found population proton
Found population proton
Found population proton
Found population proton
Found population proton
Found population proton
Found population proton
Pdiag shape (319, 478, 3)
B shape (319, 478, 3)
Extracted frame BIB_999
run BIB t= 1000
Found population proton
Found population proton
Found population proton
Found population proton
Found population proton
Found population proton
Found population proton
Found population proton
Found population proton
Found population proton
Found population proton
Found population proton
Found population proton
Pdiag shape (319, 478, 3)
B shape (319, 478, 3)
Extracted frame BIB_1000
run BIB t= 1001
Found population proton
Found population proton
Found population proton
Found population proton
Found population proton
Found population proton
Found population proton
Found population proton
Found population proton
Found population proton
Found population proton
Found population proton
Found population proton
Pdiag shape (319, 478, 3)
B shape (319, 478, 3)
Extracted frame BIB_1001
run BIB t= 1002
Found population proton
Found population proton
Found population proton
Found population proton
Found population proton
Found population proton
Found population proton
Found population proton
Found population proton
Found population proton
Found population proton
Found population proton
Found population proton
Pdiag shape (319, 478, 3)
B shape (319, 478, 3)
Extracted frame BIB_1002
run BIB t= 1003
Found population proton
Found population proton
Found population proton
Found population proton
Found population proton
Found population proton
Found population proton
Found population proton
Found population proton
Found population proton
Found population proton
Found population proton
Found population proton
Pdiag shape (319, 478, 3)
B shape (319, 478, 3)
Extracted frame BIB_1003
run BIB t= 1004
Found population proton
Found population proton
Found population proton
Found population proton
Found population proton
Found population proton
Found population proton
Found population proton
Found population proton
Found population proton
Found population proton
Found population proton
Found population proton
Pdiag shape (319, 478, 3)
B shape (319, 478, 3)
Extracted frame BIB_1004
run BIB t= 1005
Found population proton
Found population proton
Found population proton
Found population proton
Found population proton
Found population proton
Found population proton
Found population proton
Found population proton
Found population proton
Found population proton
Found population proton
Found population proton
Pdiag shape (319, 478, 3)
B shape (319, 478, 3)
Extracted frame BIB_1005
run BIB t= 1006
Found population proton
Found population proton
Found population proton
Found population proton
Found population proton
Found population proton
Found population proton
Found population proton
Found population proton
Found population proton
Found population proton
Found population proton
Found population proton
Pdiag shape (319, 478, 3)
B shape (319, 478, 3)
Extracted frame BIB_1006
run BIB t= 1007
Found population proton
Found population proton
Found population proton
Found population proton
Found population proton
Found population proton
Found population proton
Found population proton
Found population proton
Found population proton
Found population proton
Found population proton
Found population proton
Pdiag shape (319, 478, 3)
B shape (319, 478, 3)
Extracted frame BIB_1007
run BIB t= 1008
Found population proton
Found population proton
Found population proton
Found population proton
Found population proton
Found population proton
Found population proton
Found population proton
Found population proton
Found population proton
Found population proton
Found population proton
Found population proton
Pdiag shape (319, 478, 3)
B shape (319, 478, 3)
Extracted frame BIB_1008
run BIB t= 1009
Found population proton
Found population proton
Found population proton
Found population proton
Found population proton
Found population proton
Found population proton
Found population proton
Found population proton
Found population proton
Found population proton
Found population proton
Found population proton
Pdiag shape (319, 478, 3)
B shape (319, 478, 3)
Extracted frame BIB_1009
run BIB t= 1010
Found population proton
Found population proton
Found population proton
Found population proton
Found population proton
Found population proton
Found population proton
Found population proton
Found population proton
Found population proton
Found population proton
Found population proton
Found population proton
Pdiag shape (319, 478, 3)
B shape (319, 478, 3)
Extracted frame BIB_1010
run BIB t= 1011
Found population proton
Found population proton
Found population proton
Found population proton
Found population proton
Found population proton
Found population proton
Found population proton
Found population proton
Found population proton
Found population proton
Found population proton
Found population proton
Pdiag shape (319, 478, 3)
B shape (319, 478, 3)
Extracted frame BIB_1011
run BIB t= 1012
Found population proton
Found population proton
Found population proton
Found population proton
Found population proton
Found population proton
Found population proton
Found population proton
Found population proton
Found population proton
Found population proton
Found population proton
Found population proton
Pdiag shape (319, 478, 3)
B shape (319, 478, 3)
Extracted frame BIB_1012
run BIB t= 1013
Found population proton
Found population proton
Found population proton
Found population proton
Found population proton
Found population proton
Found population proton
Found population proton
Found population proton
Found population proton
Found population proton
Found population proton
Found population proton
Pdiag shape (319, 478, 3)
B shape (319, 478, 3)
Extracted frame BIB_1013
run BIB t= 1014
Found population proton
Found population proton
Found population proton
Found population proton
Found population proton
Found population proton
Found population proton
Found population proton
Found population proton
Found population proton
Found population proton
Found population proton
Found population proton
Pdiag shape (319, 478, 3)
B shape (319, 478, 3)
Extracted frame BIB_1014
run BIB t= 1015
Found population proton
Found population proton
Found population proton
Found population proton
Found population proton
Found population proton
Found population proton
Found population proton
Found population proton
Found population proton
Found population proton
Found population proton
Found population proton
Pdiag shape (319, 478, 3)
B shape (319, 478, 3)
Extracted frame BIB_1015
run BIB t= 1016
Found population proton
Found population proton
Found population proton
Found population proton
Found population proton
Found population proton
Found population proton
Found population proton
Found population proton
Found population proton
Found population proton
Found population proton
Found population proton
Pdiag shape (319, 478, 3)
B shape (319, 478, 3)
Extracted frame BIB_1016
run BIB t= 1017
Found population proton
Found population proton
Found population proton
Found population proton
Found population proton
Found population proton
Found population proton
Found population proton
Found population proton
Found population proton
Found population proton
Found population proton
Found population proton
Pdiag shape (319, 478, 3)
B shape (319, 478, 3)
Extracted frame BIB_1017
run BIB t= 1018
Found population proton
Found population proton
Found population proton
Found population proton
Found population proton
Found population proton
Found population proton
Found population proton
Found population proton
Found population proton
Found population proton
Found population proton
Found population proton
Pdiag shape (319, 478, 3)
B shape (319, 478, 3)
Extracted frame BIB_1018
run BIB t= 1019
Found population proton
Found population proton
Found population proton
Found population proton
Found population proton
Found population proton
Found population proton
Found population proton
Found population proton
Found population proton
Found population proton
Found population proton
Found population proton
Pdiag shape (319, 478, 3)
B shape (319, 478, 3)
Extracted frame BIB_1019
run BIB t= 1020
Found population proton
Found population proton
Found population proton
Found population proton
Found population proton
Found population proton
Found population proton
Found population proton
Found population proton
Found population proton
Found population proton
Found population proton
Found population proton
Pdiag shape (319, 478, 3)
B shape (319, 478, 3)
Extracted frame BIB_1020
run BIB t= 1021
Found population proton
Found population proton
Found population proton
Found population proton
Found population proton
Found population proton
Found population proton
Found population proton
Found population proton
Found population proton
Found population proton
Found population proton
Found population proton
Pdiag shape (319, 478, 3)
B shape (319, 478, 3)
Extracted frame BIB_1021
run BIB t= 1022
Found population proton
Found population proton
Found population proton
Found population proton
Found population proton
Found population proton
Found population proton
Found population proton
Found population proton
Found population proton
Found population proton
Found population proton
Found population proton
Pdiag shape (319, 478, 3)
B shape (319, 478, 3)
Extracted frame BIB_1022
run BIB t= 1023
Found population proton
Found population proton
Found population proton
Found population proton
Found population proton
Found population proton
Found population proton
Found population proton
Found population proton
Found population proton
Found population proton
Found population proton
Found population proton
Pdiag shape (319, 478, 3)
B shape (319, 478, 3)
Extracted frame BIB_1023
run BIB t= 1024
Found population proton
Found population proton
Found population proton
Found population proton
Found population proton
Found population proton
Found population proton
Found population proton
Found population proton
Found population proton
Found population proton
Found population proton
Found population proton
Pdiag shape (319, 478, 3)
B shape (319, 478, 3)
Extracted frame BIB_1024
run BIB t= 1025
Found population proton
Found population proton
Found population proton
Found population proton
Found population proton
Found population proton
Found population proton
Found population proton
Found population proton
Found population proton
Found population proton
Found population proton
Found population proton
Pdiag shape (319, 478, 3)
B shape (319, 478, 3)
Extracted frame BIB_1025
run BIB t= 1026
Found population proton
Found population proton
Found population proton
Found population proton
Found population proton
Found population proton
Found population proton
Found population proton
Found population proton
Found population proton
Found population proton
Found population proton
Found population proton
Pdiag shape (319, 478, 3)
B shape (319, 478, 3)
Extracted frame BIB_1026
run BIB t= 1027
Found population proton
Found population proton
Found population proton
Found population proton
Found population proton
Found population proton
Found population proton
Found population proton
Found population proton
Found population proton
Found population proton
Found population proton
Found population proton
Pdiag shape (319, 478, 3)
B shape (319, 478, 3)
Extracted frame BIB_1027
run BIB t= 1028
Found population proton
Found population proton
Found population proton
Found population proton
Found population proton
Found population proton
Found population proton
Found population proton
Found population proton
Found population proton
Found population proton
Found population proton
Found population proton
Pdiag shape (319, 478, 3)
B shape (319, 478, 3)
Extracted frame BIB_1028
run BIB t= 1029
Found population proton
Found population proton
Found population proton
Found population proton
Found population proton
Found population proton
Found population proton
Found population proton
Found population proton
Found population proton
Found population proton
Found population proton
Found population proton
Pdiag shape (319, 478, 3)
B shape (319, 478, 3)
Extracted frame BIB_1029
run BIB t= 1030
Found population proton
Found population proton
Found population proton
Found population proton
Found population proton
Found population proton
Found population proton
Found population proton
Found population proton
Found population proton
Found population proton
Found population proton
Found population proton
Pdiag shape (319, 478, 3)
B shape (319, 478, 3)
Extracted frame BIB_1030
run BIB t= 1031
Found population proton
Found population proton
Found population proton
Found population proton
Found population proton
Found population proton
Found population proton
Found population proton
Found population proton
Found population proton
Found population proton
Found population proton
Found population proton
Pdiag shape (319, 478, 3)
B shape (319, 478, 3)
Extracted frame BIB_1031
run BIB t= 1032
Found population proton
Found population proton
Found population proton
Found population proton
Found population proton
Found population proton
Found population proton
Found population proton
Found population proton
Found population proton
Found population proton
Found population proton
Found population proton
Pdiag shape (319, 478, 3)
B shape (319, 478, 3)
Extracted frame BIB_1032
run BIB t= 1033
Found population proton
Found population proton
Found population proton
Found population proton
Found population proton
Found population proton
Found population proton
Found population proton
Found population proton
Found population proton
Found population proton
Found population proton
Found population proton
Pdiag shape (319, 478, 3)
B shape (319, 478, 3)
Extracted frame BIB_1033
run BIB t= 1034
Found population proton
Found population proton
Found population proton
Found population proton
Found population proton
Found population proton
Found population proton
Found population proton
Found population proton
Found population proton
Found population proton
Found population proton
Found population proton
Pdiag shape (319, 478, 3)
B shape (319, 478, 3)
Extracted frame BIB_1034
run BIB t= 1035
Found population proton
Found population proton
Found population proton
Found population proton
Found population proton
Found population proton
Found population proton
Found population proton
Found population proton
Found population proton
Found population proton
Found population proton
Found population proton
Pdiag shape (319, 478, 3)
B shape (319, 478, 3)
Extracted frame BIB_1035
run BIB t= 1036
Found population proton
Found population proton
Found population proton
Found population proton
Found population proton
Found population proton
Found population proton
Found population proton
Found population proton
Found population proton
Found population proton
Found population proton
Found population proton
Pdiag shape (319, 478, 3)
B shape (319, 478, 3)
Extracted frame BIB_1036
run BIB t= 1037
Found population proton
Found population proton
Found population proton
Found population proton
Found population proton
Found population proton
Found population proton
Found population proton
Found population proton
Found population proton
Found population proton
Found population proton
Found population proton
Pdiag shape (319, 478, 3)
B shape (319, 478, 3)
Extracted frame BIB_1037
run BIB t= 1038
Found population proton
Found population proton
Found population proton
Found population proton
Found population proton
Found population proton
Found population proton
Found population proton
Found population proton
Found population proton
Found population proton
Found population proton
Found population proton
Pdiag shape (319, 478, 3)
B shape (319, 478, 3)
Extracted frame BIB_1038
run BIB t= 1039
Found population proton
Found population proton
Found population proton
Found population proton
Found population proton
Found population proton
Found population proton
Found population proton
Found population proton
Found population proton
Found population proton
Found population proton
Found population proton
Pdiag shape (319, 478, 3)
B shape (319, 478, 3)
Extracted frame BIB_1039
run BIB t= 1040
Found population proton
Found population proton
Found population proton
Found population proton
Found population proton
Found population proton
Found population proton
Found population proton
Found population proton
Found population proton
Found population proton
Found population proton
Found population proton
Pdiag shape (319, 478, 3)
B shape (319, 478, 3)
Extracted frame BIB_1040
run BIB t= 1041
Found population proton
Found population proton
Found population proton
Found population proton
Found population proton
Found population proton
Found population proton
Found population proton
Found population proton
Found population proton
Found population proton
Found population proton
Found population proton
Pdiag shape (319, 478, 3)
B shape (319, 478, 3)
Extracted frame BIB_1041
run BIB t= 1042
Found population proton
Found population proton
Found population proton
Found population proton
Found population proton
Found population proton
Found population proton
Found population proton
Found population proton
Found population proton
Found population proton
Found population proton
Found population proton
Pdiag shape (319, 478, 3)
B shape (319, 478, 3)
Extracted frame BIB_1042
run BIB t= 1043
Found population proton
Found population proton
Found population proton
Found population proton
Found population proton
Found population proton
Found population proton
Found population proton
Found population proton
Found population proton
Found population proton
Found population proton
Found population proton
Pdiag shape (319, 478, 3)
B shape (319, 478, 3)
Extracted frame BIB_1043
run BIB t= 1044
Found population proton
Found population proton
Found population proton
Found population proton
Found population proton
Found population proton
Found population proton
Found population proton
Found population proton
Found population proton
Found population proton
Found population proton
Found population proton
Pdiag shape (319, 478, 3)
B shape (319, 478, 3)
Extracted frame BIB_1044
run BIB t= 1045
Found population proton
Found population proton
Found population proton
Found population proton
Found population proton
Found population proton
Found population proton
Found population proton
Found population proton
Found population proton
Found population proton
Found population proton
Found population proton
Pdiag shape (319, 478, 3)
B shape (319, 478, 3)
Extracted frame BIB_1045
run BIB t= 1046
Found population proton
Found population proton
Found population proton
Found population proton
Found population proton
Found population proton
Found population proton
Found population proton
Found population proton
Found population proton
Found population proton
Found population proton
Found population proton
Pdiag shape (319, 478, 3)
B shape (319, 478, 3)
Extracted frame BIB_1046
run BIB t= 1047
Found population proton
Found population proton
Found population proton
Found population proton
Found population proton
Found population proton
Found population proton
Found population proton
Found population proton
Found population proton
Found population proton
Found population proton
Found population proton
Pdiag shape (319, 478, 3)
B shape (319, 478, 3)
Extracted frame BIB_1047
run BIB t= 1048
Found population proton
Found population proton
Found population proton
Found population proton
Found population proton
Found population proton
Found population proton
Found population proton
Found population proton
Found population proton
Found population proton
Found population proton
Found population proton
Pdiag shape (319, 478, 3)
B shape (319, 478, 3)
Extracted frame BIB_1048
run BIB t= 1049
Found population proton
Found population proton
Found population proton
Found population proton
Found population proton
Found population proton
Found population proton
Found population proton
Found population proton
Found population proton
Found population proton
Found population proton
Found population proton
Pdiag shape (319, 478, 3)
B shape (319, 478, 3)
Extracted frame BIB_1049
run BIB t= 1050
Found population proton
Found population proton
Found population proton
Found population proton
Found population proton
Found population proton
Found population proton
Found population proton
Found population proton
Found population proton
Found population proton
Found population proton
Found population proton
Pdiag shape (319, 478, 3)
B shape (319, 478, 3)
Extracted frame BIB_1050
run BIB t= 1051
Found population proton
Found population proton
Found population proton
Found population proton
Found population proton
Found population proton
Found population proton
Found population proton
Found population proton
Found population proton
Found population proton
Found population proton
Found population proton
Pdiag shape (319, 478, 3)
B shape (319, 478, 3)
Extracted frame BIB_1051
run BIB t= 1052
Found population proton
Found population proton
Found population proton
Found population proton
Found population proton
Found population proton
Found population proton
Found population proton
Found population proton
Found population proton
Found population proton
Found population proton
Found population proton
Pdiag shape (319, 478, 3)
B shape (319, 478, 3)
Extracted frame BIB_1052
run BIB t= 1053
Found population proton
Found population proton
Found population proton
Found population proton
Found population proton
Found population proton
Found population proton
Found population proton
Found population proton
Found population proton
Found population proton
Found population proton
Found population proton
Pdiag shape (319, 478, 3)
B shape (319, 478, 3)
Extracted frame BIB_1053
run BIB t= 1054
Found population proton
Found population proton
Found population proton
Found population proton
Found population proton
Found population proton
Found population proton
Found population proton
Found population proton
Found population proton
Found population proton
Found population proton
Found population proton
Pdiag shape (319, 478, 3)
B shape (319, 478, 3)
Extracted frame BIB_1054
run BIB t= 1055
Found population proton
Found population proton
Found population proton
Found population proton
Found population proton
Found population proton
Found population proton
Found population proton
Found population proton
Found population proton
Found population proton
Found population proton
Found population proton
Pdiag shape (319, 478, 3)
B shape (319, 478, 3)
Extracted frame BIB_1055
run BIB t= 1056
Found population proton
Found population proton
Found population proton
Found population proton
Found population proton
Found population proton
Found population proton
Found population proton
Found population proton
Found population proton
Found population proton
Found population proton
Found population proton
Pdiag shape (319, 478, 3)
B shape (319, 478, 3)
Extracted frame BIB_1056
run BIB t= 1057
Found population proton
Found population proton
Found population proton
Found population proton
Found population proton
Found population proton
Found population proton
Found population proton
Found population proton
Found population proton
Found population proton
Found population proton
Found population proton
Pdiag shape (319, 478, 3)
B shape (319, 478, 3)
Extracted frame BIB_1057
run BIB t= 1058
Found population proton
Found population proton
Found population proton
Found population proton
Found population proton
Found population proton
Found population proton
Found population proton
Found population proton
Found population proton
Found population proton
Found population proton
Found population proton
Pdiag shape (319, 478, 3)
B shape (319, 478, 3)
Extracted frame BIB_1058
run BIB t= 1059
Found population proton
Found population proton
Found population proton
Found population proton
Found population proton
Found population proton
Found population proton
Found population proton
Found population proton
Found population proton
Found population proton
Found population proton
Found population proton
Pdiag shape (319, 478, 3)
B shape (319, 478, 3)
Extracted frame BIB_1059
run BIB t= 1060
Found population proton
Found population proton
Found population proton
Found population proton
Found population proton
Found population proton
Found population proton
Found population proton
Found population proton
Found population proton
Found population proton
Found population proton
Found population proton
Pdiag shape (319, 478, 3)
B shape (319, 478, 3)
Extracted frame BIB_1060
run BIB t= 1061
Found population proton
Found population proton
Found population proton
Found population proton
Found population proton
Found population proton
Found population proton
Found population proton
Found population proton
Found population proton
Found population proton
Found population proton
Found population proton
Pdiag shape (319, 478, 3)
B shape (319, 478, 3)
Extracted frame BIB_1061
run BIB t= 1062
Found population proton
Found population proton
Found population proton
Found population proton
Found population proton
Found population proton
Found population proton
Found population proton
Found population proton
Found population proton
Found population proton
Found population proton
Found population proton
Pdiag shape (319, 478, 3)
B shape (319, 478, 3)
Extracted frame BIB_1062
run BIB t= 1063
Found population proton
Found population proton
Found population proton
Found population proton
Found population proton
Found population proton
Found population proton
Found population proton
Found population proton
Found population proton
Found population proton
Found population proton
Found population proton
Pdiag shape (319, 478, 3)
B shape (319, 478, 3)
Extracted frame BIB_1063
run BIB t= 1064
Found population proton
Found population proton
Found population proton
Found population proton
Found population proton
Found population proton
Found population proton
Found population proton
Found population proton
Found population proton
Found population proton
Found population proton
Found population proton
Pdiag shape (319, 478, 3)
B shape (319, 478, 3)
Extracted frame BIB_1064
run BIB t= 1065
Found population proton
Found population proton
Found population proton
Found population proton
Found population proton
Found population proton
Found population proton
Found population proton
Found population proton
Found population proton
Found population proton
Found population proton
Found population proton
Pdiag shape (319, 478, 3)
B shape (319, 478, 3)
Extracted frame BIB_1065
run BIB t= 1066
Found population proton
Found population proton
Found population proton
Found population proton
Found population proton
Found population proton
Found population proton
Found population proton
Found population proton
Found population proton
Found population proton
Found population proton
Found population proton
Pdiag shape (319, 478, 3)
B shape (319, 478, 3)
Extracted frame BIB_1066
run BIB t= 1067
Found population proton
Found population proton
Found population proton
Found population proton
Found population proton
Found population proton
Found population proton
Found population proton
Found population proton
Found population proton
Found population proton
Found population proton
Found population proton
Pdiag shape (319, 478, 3)
B shape (319, 478, 3)
Extracted frame BIB_1067
run BIB t= 1068
Found population proton
Found population proton
Found population proton
Found population proton
Found population proton
Found population proton
Found population proton
Found population proton
Found population proton
Found population proton
Found population proton
Found population proton
Found population proton
Pdiag shape (319, 478, 3)
B shape (319, 478, 3)
Extracted frame BIB_1068
run BIB t= 1069
Found population proton
Found population proton
Found population proton
Found population proton
Found population proton
Found population proton
Found population proton
Found population proton
Found population proton
Found population proton
Found population proton
Found population proton
Found population proton
Pdiag shape (319, 478, 3)
B shape (319, 478, 3)
Extracted frame BIB_1069
run BIB t= 1070
Found population proton
Found population proton
Found population proton
Found population proton
Found population proton
Found population proton
Found population proton
Found population proton
Found population proton
Found population proton
Found population proton
Found population proton
Found population proton
Pdiag shape (319, 478, 3)
B shape (319, 478, 3)
Extracted frame BIB_1070
run BIB t= 1071
Found population proton
Found population proton
Found population proton
Found population proton
Found population proton
Found population proton
Found population proton
Found population proton
Found population proton
Found population proton
Found population proton
Found population proton
Found population proton
Pdiag shape (319, 478, 3)
B shape (319, 478, 3)
Extracted frame BIB_1071
run BIB t= 1072
Found population proton
Found population proton
Found population proton
Found population proton
Found population proton
Found population proton
Found population proton
Found population proton
Found population proton
Found population proton
Found population proton
Found population proton
Found population proton
Pdiag shape (319, 478, 3)
B shape (319, 478, 3)
Extracted frame BIB_1072
run BIB t= 1073
Found population proton
Found population proton
Found population proton
Found population proton
Found population proton
Found population proton
Found population proton
Found population proton
Found population proton
Found population proton
Found population proton
Found population proton
Found population proton
Pdiag shape (319, 478, 3)
B shape (319, 478, 3)
Extracted frame BIB_1073
run BIB t= 1074
Found population proton
Found population proton
Found population proton
Found population proton
Found population proton
Found population proton
Found population proton
Found population proton
Found population proton
Found population proton
Found population proton
Found population proton
Found population proton
Pdiag shape (319, 478, 3)
B shape (319, 478, 3)
Extracted frame BIB_1074
run BIB t= 1075
Found population proton
Found population proton
Found population proton
Found population proton
Found population proton
Found population proton
Found population proton
Found population proton
Found population proton
Found population proton
Found population proton
Found population proton
Found population proton
Pdiag shape (319, 478, 3)
B shape (319, 478, 3)
Extracted frame BIB_1075
run BIB t= 1076
Found population proton
Found population proton
Found population proton
Found population proton
Found population proton
Found population proton
Found population proton
Found population proton
Found population proton
Found population proton
Found population proton
Found population proton
Found population proton
Pdiag shape (319, 478, 3)
B shape (319, 478, 3)
Extracted frame BIB_1076
run BIB t= 1077
Found population proton
Found population proton
Found population proton
Found population proton
Found population proton
Found population proton
Found population proton
Found population proton
Found population proton
Found population proton
Found population proton
Found population proton
Found population proton
Pdiag shape (319, 478, 3)
B shape (319, 478, 3)
Extracted frame BIB_1077
run BIB t= 1078
Found population proton
Found population proton
Found population proton
Found population proton
Found population proton
Found population proton
Found population proton
Found population proton
Found population proton
Found population proton
Found population proton
Found population proton
Found population proton
Pdiag shape (319, 478, 3)
B shape (319, 478, 3)
Extracted frame BIB_1078
run BIB t= 1079
Found population proton
Found population proton
Found population proton
Found population proton
Found population proton
Found population proton
Found population proton
Found population proton
Found population proton
Found population proton
Found population proton
Found population proton
Found population proton
Pdiag shape (319, 478, 3)
B shape (319, 478, 3)
Extracted frame BIB_1079
run BIB t= 1080
Found population proton
Found population proton
Found population proton
Found population proton
Found population proton
Found population proton
Found population proton
Found population proton
Found population proton
Found population proton
Found population proton
Found population proton
Found population proton
Pdiag shape (319, 478, 3)
B shape (319, 478, 3)
Extracted frame BIB_1080
run BIB t= 1081
Found population proton
Found population proton
Found population proton
Found population proton
Found population proton
Found population proton
Found population proton
Found population proton
Found population proton
Found population proton
Found population proton
Found population proton
Found population proton
Pdiag shape (319, 478, 3)
B shape (319, 478, 3)
Extracted frame BIB_1081
run BIB t= 1082
Found population proton
Found population proton
Found population proton
Found population proton
Found population proton
Found population proton
Found population proton
Found population proton
Found population proton
Found population proton
Found population proton
Found population proton
Found population proton
Pdiag shape (319, 478, 3)
B shape (319, 478, 3)
Extracted frame BIB_1082
run BIB t= 1083
Found population proton
Found population proton
Found population proton
Found population proton
Found population proton
Found population proton
Found population proton
Found population proton
Found population proton
Found population proton
Found population proton
Found population proton
Found population proton
Pdiag shape (319, 478, 3)
B shape (319, 478, 3)
Extracted frame BIB_1083
run BIB t= 1084
Found population proton
Found population proton
Found population proton
Found population proton
Found population proton
Found population proton
Found population proton
Found population proton
Found population proton
Found population proton
Found population proton
Found population proton
Found population proton
Pdiag shape (319, 478, 3)
B shape (319, 478, 3)
Extracted frame BIB_1084
run BIB t= 1085
Found population proton
Found population proton
Found population proton
Found population proton
Found population proton
Found population proton
Found population proton
Found population proton
Found population proton
Found population proton
Found population proton
Found population proton
Found population proton
Pdiag shape (319, 478, 3)
B shape (319, 478, 3)
Extracted frame BIB_1085
run BIB t= 1086
Found population proton
Found population proton
Found population proton
Found population proton
Found population proton
Found population proton
Found population proton
Found population proton
Found population proton
Found population proton
Found population proton
Found population proton
Found population proton
Pdiag shape (319, 478, 3)
B shape (319, 478, 3)
Extracted frame BIB_1086
run BIB t= 1087
Found population proton
Found population proton
Found population proton
Found population proton
Found population proton
Found population proton
Found population proton
Found population proton
Found population proton
Found population proton
Found population proton
Found population proton
Found population proton
Pdiag shape (319, 478, 3)
B shape (319, 478, 3)
Extracted frame BIB_1087
run BIB t= 1088
Found population proton
Found population proton
Found population proton
Found population proton
Found population proton
Found population proton
Found population proton
Found population proton
Found population proton
Found population proton
Found population proton
Found population proton
Found population proton
Pdiag shape (319, 478, 3)
B shape (319, 478, 3)
Extracted frame BIB_1088
run BIB t= 1089
Found population proton
Found population proton
Found population proton
Found population proton
Found population proton
Found population proton
Found population proton
Found population proton
Found population proton
Found population proton
Found population proton
Found population proton
Found population proton
Pdiag shape (319, 478, 3)
B shape (319, 478, 3)
Extracted frame BIB_1089
run BIB t= 1090
Found population proton
Found population proton
Found population proton
Found population proton
Found population proton
Found population proton
Found population proton
Found population proton
Found population proton
Found population proton
Found population proton
Found population proton
Found population proton
Pdiag shape (319, 478, 3)
B shape (319, 478, 3)
Extracted frame BIB_1090
run BIB t= 1091
Found population proton
Found population proton
Found population proton
Found population proton
Found population proton
Found population proton
Found population proton
Found population proton
Found population proton
Found population proton
Found population proton
Found population proton
Found population proton
Pdiag shape (319, 478, 3)
B shape (319, 478, 3)
Extracted frame BIB_1091
run BIB t= 1092
Found population proton
Found population proton
Found population proton
Found population proton
Found population proton
Found population proton
Found population proton
Found population proton
Found population proton
Found population proton
Found population proton
Found population proton
Found population proton
Pdiag shape (319, 478, 3)
B shape (319, 478, 3)
Extracted frame BIB_1092
run BIB t= 1093
Found population proton
Found population proton
Found population proton
Found population proton
Found population proton
Found population proton
Found population proton
Found population proton
Found population proton
Found population proton
Found population proton
Found population proton
Found population proton
Pdiag shape (319, 478, 3)
B shape (319, 478, 3)
Extracted frame BIB_1093
run BIB t= 1094
Found population proton
Found population proton
Found population proton
Found population proton
Found population proton
Found population proton
Found population proton
Found population proton
Found population proton
Found population proton
Found population proton
Found population proton
Found population proton
Pdiag shape (319, 478, 3)
B shape (319, 478, 3)
Extracted frame BIB_1094
run BIB t= 1095
Found population proton
Found population proton
Found population proton
Found population proton
Found population proton
Found population proton
Found population proton
Found population proton
Found population proton
Found population proton
Found population proton
Found population proton
Found population proton
Pdiag shape (319, 478, 3)
B shape (319, 478, 3)
Extracted frame BIB_1095
run BIB t= 1096
Found population proton
Found population proton
Found population proton
Found population proton
Found population proton
Found population proton
Found population proton
Found population proton
Found population proton
Found population proton
Found population proton
Found population proton
Found population proton
Pdiag shape (319, 478, 3)
B shape (319, 478, 3)
Extracted frame BIB_1096
run BIB t= 1097
Found population proton
Found population proton
Found population proton
Found population proton
Found population proton
Found population proton
Found population proton
Found population proton
Found population proton
Found population proton
Found population proton
Found population proton
Found population proton
Pdiag shape (319, 478, 3)
B shape (319, 478, 3)
Extracted frame BIB_1097
run BIB t= 1098
Found population proton
Found population proton
Found population proton
Found population proton
Found population proton
Found population proton
Found population proton
Found population proton
Found population proton
Found population proton
Found population proton
Found population proton
Found population proton
Pdiag shape (319, 478, 3)
B shape (319, 478, 3)
Extracted frame BIB_1098
run BIB t= 1099
Found population proton
Found population proton
Found population proton
Found population proton
Found population proton
Found population proton
Found population proton
Found population proton
Found population proton
Found population proton
Found population proton
Found population proton
Found population proton
Pdiag shape (319, 478, 3)
B shape (319, 478, 3)
Extracted frame BIB_1099
run BIB t= 1100
Found population proton
Found population proton
Found population proton
Found population proton
Found population proton
Found population proton
Found population proton
Found population proton
Found population proton
Found population proton
Found population proton
Found population proton
Found population proton
Pdiag shape (319, 478, 3)
B shape (319, 478, 3)
Extracted frame BIB_1100
run BIB t= 1101
Found population proton
Found population proton
Found population proton
Found population proton
Found population proton
Found population proton
Found population proton
Found population proton
Found population proton
Found population proton
Found population proton
Found population proton
Found population proton
Pdiag shape (319, 478, 3)
B shape (319, 478, 3)
Extracted frame BIB_1101
run BIB t= 1102
Found population proton
Found population proton
Found population proton
Found population proton
Found population proton
Found population proton
Found population proton
Found population proton
Found population proton
Found population proton
Found population proton
Found population proton
Found population proton
Pdiag shape (319, 478, 3)
B shape (319, 478, 3)
Extracted frame BIB_1102
run BIB t= 1103
Found population proton
Found population proton
Found population proton
Found population proton
Found population proton
Found population proton
Found population proton
Found population proton
Found population proton
Found population proton
Found population proton
Found population proton
Found population proton
Pdiag shape (319, 478, 3)
B shape (319, 478, 3)
Extracted frame BIB_1103
run BIB t= 1104
Found population proton
Found population proton
Found population proton
Found population proton
Found population proton
Found population proton
Found population proton
Found population proton
Found population proton
Found population proton
Found population proton
Found population proton
Found population proton
Pdiag shape (319, 478, 3)
B shape (319, 478, 3)
Extracted frame BIB_1104
run BIB t= 1105
Found population proton
Found population proton
Found population proton
Found population proton
Found population proton
Found population proton
Found population proton
Found population proton
Found population proton
Found population proton
Found population proton
Found population proton
Found population proton
Pdiag shape (319, 478, 3)
B shape (319, 478, 3)
Extracted frame BIB_1105
run BIB t= 1106
Found population proton
Found population proton
Found population proton
Found population proton
Found population proton
Found population proton
Found population proton
Found population proton
Found population proton
Found population proton
Found population proton
Found population proton
Found population proton
Pdiag shape (319, 478, 3)
B shape (319, 478, 3)
Extracted frame BIB_1106
run BIB t= 1107
Found population proton
Found population proton
Found population proton
Found population proton
Found population proton
Found population proton
Found population proton
Found population proton
Found population proton
Found population proton
Found population proton
Found population proton
Found population proton
Pdiag shape (319, 478, 3)
B shape (319, 478, 3)
Extracted frame BIB_1107
run BIB t= 1108
Found population proton
Found population proton
Found population proton
Found population proton
Found population proton
Found population proton
Found population proton
Found population proton
Found population proton
Found population proton
Found population proton
Found population proton
Found population proton
Pdiag shape (319, 478, 3)
B shape (319, 478, 3)
Extracted frame BIB_1108
run BIB t= 1109
Found population proton
Found population proton
Found population proton
Found population proton
Found population proton
Found population proton
Found population proton
Found population proton
Found population proton
Found population proton
Found population proton
Found population proton
Found population proton
Pdiag shape (319, 478, 3)
B shape (319, 478, 3)
Extracted frame BIB_1109
run BIB t= 1110
Found population proton
Found population proton
Found population proton
Found population proton
Found population proton
Found population proton
Found population proton
Found population proton
Found population proton
Found population proton
Found population proton
Found population proton
Found population proton
Pdiag shape (319, 478, 3)
B shape (319, 478, 3)
Extracted frame BIB_1110
run BIB t= 1111
Found population proton
Found population proton
Found population proton
Found population proton
Found population proton
Found population proton
Found population proton
Found population proton
Found population proton
Found population proton
Found population proton
Found population proton
Found population proton
Pdiag shape (319, 478, 3)
B shape (319, 478, 3)
Extracted frame BIB_1111
run BIB t= 1112
Found population proton
Found population proton
Found population proton
Found population proton
Found population proton
Found population proton
Found population proton
Found population proton
Found population proton
Found population proton
Found population proton
Found population proton
Found population proton
Pdiag shape (319, 478, 3)
B shape (319, 478, 3)
Extracted frame BIB_1112
run BIB t= 1113
Found population proton
Found population proton
Found population proton
Found population proton
Found population proton
Found population proton
Found population proton
Found population proton
Found population proton
Found population proton
Found population proton
Found population proton
Found population proton
Pdiag shape (319, 478, 3)
B shape (319, 478, 3)
Extracted frame BIB_1113
run BIB t= 1114
Found population proton
Found population proton
Found population proton
Found population proton
Found population proton
Found population proton
Found population proton
Found population proton
Found population proton
Found population proton
Found population proton
Found population proton
Found population proton
Pdiag shape (319, 478, 3)
B shape (319, 478, 3)
Extracted frame BIB_1114
run BIB t= 1115
Found population proton
Found population proton
Found population proton
Found population proton
Found population proton
Found population proton
Found population proton
Found population proton
Found population proton
Found population proton
Found population proton
Found population proton
Found population proton
Pdiag shape (319, 478, 3)
B shape (319, 478, 3)
Extracted frame BIB_1115
run BIB t= 1116
Found population proton
Found population proton
Found population proton
Found population proton
Found population proton
Found population proton
Found population proton
Found population proton
Found population proton
Found population proton
Found population proton
Found population proton
Found population proton
Pdiag shape (319, 478, 3)
B shape (319, 478, 3)
Extracted frame BIB_1116
run BIB t= 1117
Found population proton
Found population proton
Found population proton
Found population proton
Found population proton
Found population proton
Found population proton
Found population proton
Found population proton
Found population proton
Found population proton
Found population proton
Found population proton
Pdiag shape (319, 478, 3)
B shape (319, 478, 3)
Extracted frame BIB_1117
run BIB t= 1118
Found population proton
Found population proton
Found population proton
Found population proton
Found population proton
Found population proton
Found population proton
Found population proton
Found population proton
Found population proton
Found population proton
Found population proton
Found population proton
Pdiag shape (319, 478, 3)
B shape (319, 478, 3)
Extracted frame BIB_1118
run BIB t= 1119
Found population proton
Found population proton
Found population proton
Found population proton
Found population proton
Found population proton
Found population proton
Found population proton
Found population proton
Found population proton
Found population proton
Found population proton
Found population proton
Pdiag shape (319, 478, 3)
B shape (319, 478, 3)
Extracted frame BIB_1119
run BIB t= 1120
Found population proton
Found population proton
Found population proton
Found population proton
Found population proton
Found population proton
Found population proton
Found population proton
Found population proton
Found population proton
Found population proton
Found population proton
Found population proton
Pdiag shape (319, 478, 3)
B shape (319, 478, 3)
Extracted frame BIB_1120
run BIB t= 1121
Found population proton
Found population proton
Found population proton
Found population proton
Found population proton
Found population proton
Found population proton
Found population proton
Found population proton
Found population proton
Found population proton
Found population proton
Found population proton
Pdiag shape (319, 478, 3)
B shape (319, 478, 3)
Extracted frame BIB_1121
run BIB t= 1122
Found population proton
Found population proton
Found population proton
Found population proton
Found population proton
Found population proton
Found population proton
Found population proton
Found population proton
Found population proton
Found population proton
Found population proton
Found population proton
Pdiag shape (319, 478, 3)
B shape (319, 478, 3)
Extracted frame BIB_1122
run BIB t= 1123
Found population proton
Found population proton
Found population proton
Found population proton
Found population proton
Found population proton
Found population proton
Found population proton
Found population proton
Found population proton
Found population proton
Found population proton
Found population proton
Pdiag shape (319, 478, 3)
B shape (319, 478, 3)
Extracted frame BIB_1123
run BIB t= 1124
Found population proton
Found population proton
Found population proton
Found population proton
Found population proton
Found population proton
Found population proton
Found population proton
Found population proton
Found population proton
Found population proton
Found population proton
Found population proton
Pdiag shape (319, 478, 3)
B shape (319, 478, 3)
Extracted frame BIB_1124
run BIB t= 1125
Found population proton
Found population proton
Found population proton
Found population proton
Found population proton
Found population proton
Found population proton
Found population proton
Found population proton
Found population proton
Found population proton
Found population proton
Found population proton
Pdiag shape (319, 478, 3)
B shape (319, 478, 3)
Extracted frame BIB_1125
run BIB t= 1126
Found population proton
Found population proton
Found population proton
Found population proton
Found population proton
Found population proton
Found population proton
Found population proton
Found population proton
Found population proton
Found population proton
Found population proton
Found population proton
Pdiag shape (319, 478, 3)
B shape (319, 478, 3)
Extracted frame BIB_1126
run BIB t= 1127
Found population proton
Found population proton
Found population proton
Found population proton
Found population proton
Found population proton
Found population proton
Found population proton
Found population proton
Found population proton
Found population proton
Found population proton
Found population proton
Pdiag shape (319, 478, 3)
B shape (319, 478, 3)
Extracted frame BIB_1127
run BIB t= 1128
Found population proton
Found population proton
Found population proton
Found population proton
Found population proton
Found population proton
Found population proton
Found population proton
Found population proton
Found population proton
Found population proton
Found population proton
Found population proton
Pdiag shape (319, 478, 3)
B shape (319, 478, 3)
Extracted frame BIB_1128
run BIB t= 1129
Found population proton
Found population proton
Found population proton
Found population proton
Found population proton
Found population proton
Found population proton
Found population proton
Found population proton
Found population proton
Found population proton
Found population proton
Found population proton
Pdiag shape (319, 478, 3)
B shape (319, 478, 3)
Extracted frame BIB_1129
run BIB t= 1130
Found population proton
Found population proton
Found population proton
Found population proton
Found population proton
Found population proton
Found population proton
Found population proton
Found population proton
Found population proton
Found population proton
Found population proton
Found population proton
Pdiag shape (319, 478, 3)
B shape (319, 478, 3)
Extracted frame BIB_1130
run BIB t= 1131
Found population proton
Found population proton
Found population proton
Found population proton
Found population proton
Found population proton
Found population proton
Found population proton
Found population proton
Found population proton
Found population proton
Found population proton
Found population proton
Pdiag shape (319, 478, 3)
B shape (319, 478, 3)
Extracted frame BIB_1131
run BIB t= 1132
Found population proton
Found population proton
Found population proton
Found population proton
Found population proton
Found population proton
Found population proton
Found population proton
Found population proton
Found population proton
Found population proton
Found population proton
Found population proton
Pdiag shape (319, 478, 3)
B shape (319, 478, 3)
Extracted frame BIB_1132
run BIB t= 1133
Found population proton
Found population proton
Found population proton
Found population proton
Found population proton
Found population proton
Found population proton
Found population proton
Found population proton
Found population proton
Found population proton
Found population proton
Found population proton
Pdiag shape (319, 478, 3)
B shape (319, 478, 3)
Extracted frame BIB_1133
run BIB t= 1134
Found population proton
Found population proton
Found population proton
Found population proton
Found population proton
Found population proton
Found population proton
Found population proton
Found population proton
Found population proton
Found population proton
Found population proton
Found population proton
Pdiag shape (319, 478, 3)
B shape (319, 478, 3)
Extracted frame BIB_1134
run BIB t= 1135
Found population proton
Found population proton
Found population proton
Found population proton
Found population proton
Found population proton
Found population proton
Found population proton
Found population proton
Found population proton
Found population proton
Found population proton
Found population proton
Pdiag shape (319, 478, 3)
B shape (319, 478, 3)
Extracted frame BIB_1135
run BIB t= 1136
Found population proton
Found population proton
Found population proton
Found population proton
Found population proton
Found population proton
Found population proton
Found population proton
Found population proton
Found population proton
Found population proton
Found population proton
Found population proton
Pdiag shape (319, 478, 3)
B shape (319, 478, 3)
Extracted frame BIB_1136
run BIB t= 1137
Found population proton
Found population proton
Found population proton
Found population proton
Found population proton
Found population proton
Found population proton
Found population proton
Found population proton
Found population proton
Found population proton
Found population proton
Found population proton
Pdiag shape (319, 478, 3)
B shape (319, 478, 3)
Extracted frame BIB_1137
run BIB t= 1138
Found population proton
Found population proton
Found population proton
Found population proton
Found population proton
Found population proton
Found population proton
Found population proton
Found population proton
Found population proton
Found population proton
Found population proton
Found population proton
Pdiag shape (319, 478, 3)
B shape (319, 478, 3)
Extracted frame BIB_1138
run BIB t= 1139
Found population proton
Found population proton
Found population proton
Found population proton
Found population proton
Found population proton
Found population proton
Found population proton
Found population proton
Found population proton
Found population proton
Found population proton
Found population proton
Pdiag shape (319, 478, 3)
B shape (319, 478, 3)
Extracted frame BIB_1139
run BIB t= 1140
Found population proton
Found population proton
Found population proton
Found population proton
Found population proton
Found population proton
Found population proton
Found population proton
Found population proton
Found population proton
Found population proton
Found population proton
Found population proton
Pdiag shape (319, 478, 3)
B shape (319, 478, 3)
Extracted frame BIB_1140
run BIB t= 1141
Found population proton
Found population proton
Found population proton
Found population proton
Found population proton
Found population proton
Found population proton
Found population proton
Found population proton
Found population proton
Found population proton
Found population proton
Found population proton
Pdiag shape (319, 478, 3)
B shape (319, 478, 3)
Extracted frame BIB_1141
run BIB t= 1142
Found population proton
Found population proton
Found population proton
Found population proton
Found population proton
Found population proton
Found population proton
Found population proton
Found population proton
Found population proton
Found population proton
Found population proton
Found population proton
Pdiag shape (319, 478, 3)
B shape (319, 478, 3)
Extracted frame BIB_1142
run BIB t= 1143
Found population proton
Found population proton
Found population proton
Found population proton
Found population proton
Found population proton
Found population proton
Found population proton
Found population proton
Found population proton
Found population proton
Found population proton
Found population proton
Pdiag shape (319, 478, 3)
B shape (319, 478, 3)
Extracted frame BIB_1143
run BIB t= 1144
Found population proton
Found population proton
Found population proton
Found population proton
Found population proton
Found population proton
Found population proton
Found population proton
Found population proton
Found population proton
Found population proton
Found population proton
Found population proton
Pdiag shape (319, 478, 3)
B shape (319, 478, 3)
Extracted frame BIB_1144
run BIB t= 1145
Found population proton
Found population proton
Found population proton
Found population proton
Found population proton
Found population proton
Found population proton
Found population proton
Found population proton
Found population proton
Found population proton
Found population proton
Found population proton
Pdiag shape (319, 478, 3)
B shape (319, 478, 3)
Extracted frame BIB_1145
run BIB t= 1146
Found population proton
Found population proton
Found population proton
Found population proton
Found population proton
Found population proton
Found population proton
Found population proton
Found population proton
Found population proton
Found population proton
Found population proton
Found population proton
Pdiag shape (319, 478, 3)
B shape (319, 478, 3)
Extracted frame BIB_1146
run BIB t= 1147
Found population proton
Found population proton
Found population proton
Found population proton
Found population proton
Found population proton
Found population proton
Found population proton
Found population proton
Found population proton
Found population proton
Found population proton
Found population proton
Pdiag shape (319, 478, 3)
B shape (319, 478, 3)
Extracted frame BIB_1147
run BIB t= 1148
Found population proton
Found population proton
Found population proton
Found population proton
Found population proton
Found population proton
Found population proton
Found population proton
Found population proton
Found population proton
Found population proton
Found population proton
Found population proton
Pdiag shape (319, 478, 3)
B shape (319, 478, 3)
Extracted frame BIB_1148
run BIB t= 1149
Found population proton
Found population proton
Found population proton
Found population proton
Found population proton
Found population proton
Found population proton
Found population proton
Found population proton
Found population proton
Found population proton
Found population proton
Found population proton
Pdiag shape (319, 478, 3)
B shape (319, 478, 3)
Extracted frame BIB_1149
run BIB t= 1150
Found population proton
Found population proton
Found population proton
Found population proton
Found population proton
Found population proton
Found population proton
Found population proton
Found population proton
Found population proton
Found population proton
Found population proton
Found population proton
Pdiag shape (319, 478, 3)
B shape (319, 478, 3)
Extracted frame BIB_1150
run BIB t= 1151
Found population proton
Found population proton
Found population proton
Found population proton
Found population proton
Found population proton
Found population proton
Found population proton
Found population proton
Found population proton
Found population proton
Found population proton
Found population proton
Pdiag shape (319, 478, 3)
B shape (319, 478, 3)
Extracted frame BIB_1151
run BIB t= 1152
Found population proton
Found population proton
Found population proton
Found population proton
Found population proton
Found population proton
Found population proton
Found population proton
Found population proton
Found population proton
Found population proton
Found population proton
Found population proton
Pdiag shape (319, 478, 3)
B shape (319, 478, 3)
Extracted frame BIB_1152
run BIB t= 1153
Found population proton
Found population proton
Found population proton
Found population proton
Found population proton
Found population proton
Found population proton
Found population proton
Found population proton
Found population proton
Found population proton
Found population proton
Found population proton
Pdiag shape (319, 478, 3)
B shape (319, 478, 3)
Extracted frame BIB_1153
run BIB t= 1154
Found population proton
Found population proton
Found population proton
Found population proton
Found population proton
Found population proton
Found population proton
Found population proton
Found population proton
Found population proton
Found population proton
Found population proton
Found population proton
Pdiag shape (319, 478, 3)
B shape (319, 478, 3)
Extracted frame BIB_1154
run BIB t= 1155
Found population proton
Found population proton
Found population proton
Found population proton
Found population proton
Found population proton
Found population proton
Found population proton
Found population proton
Found population proton
Found population proton
Found population proton
Found population proton
Pdiag shape (319, 478, 3)
B shape (319, 478, 3)
Extracted frame BIB_1155
run BIB t= 1156
Found population proton
Found population proton
Found population proton
Found population proton
Found population proton
Found population proton
Found population proton
Found population proton
Found population proton
Found population proton
Found population proton
Found population proton
Found population proton
Pdiag shape (319, 478, 3)
B shape (319, 478, 3)
Extracted frame BIB_1156
run BIB t= 1157
Found population proton
Found population proton
Found population proton
Found population proton
Found population proton
Found population proton
Found population proton
Found population proton
Found population proton
Found population proton
Found population proton
Found population proton
Found population proton
Pdiag shape (319, 478, 3)
B shape (319, 478, 3)
Extracted frame BIB_1157
run BIB t= 1158
Found population proton
Found population proton
Found population proton
Found population proton
Found population proton
Found population proton
Found population proton
Found population proton
Found population proton
Found population proton
Found population proton
Found population proton
Found population proton
Pdiag shape (319, 478, 3)
B shape (319, 478, 3)
Extracted frame BIB_1158
run BIB t= 1159
Found population proton
Found population proton
Found population proton
Found population proton
Found population proton
Found population proton
Found population proton
Found population proton
Found population proton
Found population proton
Found population proton
Found population proton
Found population proton
Pdiag shape (319, 478, 3)
B shape (319, 478, 3)
Extracted frame BIB_1159
run BIB t= 1160
Found population proton
Found population proton
Found population proton
Found population proton
Found population proton
Found population proton
Found population proton
Found population proton
Found population proton
Found population proton
Found population proton
Found population proton
Found population proton
Pdiag shape (319, 478, 3)
B shape (319, 478, 3)
Extracted frame BIB_1160
run BIB t= 1161
Found population proton
Found population proton
Found population proton
Found population proton
Found population proton
Found population proton
Found population proton
Found population proton
Found population proton
Found population proton
Found population proton
Found population proton
Found population proton
Pdiag shape (319, 478, 3)
B shape (319, 478, 3)
Extracted frame BIB_1161
run BIB t= 1162
Found population proton
Found population proton
Found population proton
Found population proton
Found population proton
Found population proton
Found population proton
Found population proton
Found population proton
Found population proton
Found population proton
Found population proton
Found population proton
Pdiag shape (319, 478, 3)
B shape (319, 478, 3)
Extracted frame BIB_1162
run BIB t= 1163
Found population proton
Found population proton
Found population proton
Found population proton
Found population proton
Found population proton
Found population proton
Found population proton
Found population proton
Found population proton
Found population proton
Found population proton
Found population proton
Pdiag shape (319, 478, 3)
B shape (319, 478, 3)
Extracted frame BIB_1163
run BIB t= 1164
Found population proton
Found population proton
Found population proton
Found population proton
Found population proton
Found population proton
Found population proton
Found population proton
Found population proton
Found population proton
Found population proton
Found population proton
Found population proton
Pdiag shape (319, 478, 3)
B shape (319, 478, 3)
Extracted frame BIB_1164
run BIB t= 1165
Found population proton
Found population proton
Found population proton
Found population proton
Found population proton
Found population proton
Found population proton
Found population proton
Found population proton
Found population proton
Found population proton
Found population proton
Found population proton
Pdiag shape (319, 478, 3)
B shape (319, 478, 3)
Extracted frame BIB_1165
run BIB t= 1166
Found population proton
Found population proton
Found population proton
Found population proton
Found population proton
Found population proton
Found population proton
Found population proton
Found population proton
Found population proton
Found population proton
Found population proton
Found population proton
Pdiag shape (319, 478, 3)
B shape (319, 478, 3)
Extracted frame BIB_1166
run BIB t= 1167
Found population proton
Found population proton
Found population proton
Found population proton
Found population proton
Found population proton
Found population proton
Found population proton
Found population proton
Found population proton
Found population proton
Found population proton
Found population proton
Pdiag shape (319, 478, 3)
B shape (319, 478, 3)
Extracted frame BIB_1167
run BIB t= 1168
Found population proton
Found population proton
Found population proton
Found population proton
Found population proton
Found population proton
Found population proton
Found population proton
Found population proton
Found population proton
Found population proton
Found population proton
Found population proton
Pdiag shape (319, 478, 3)
B shape (319, 478, 3)
Extracted frame BIB_1168
run BIB t= 1169
Found population proton
Found population proton
Found population proton
Found population proton
Found population proton
Found population proton
Found population proton
Found population proton
Found population proton
Found population proton
Found population proton
Found population proton
Found population proton
Pdiag shape (319, 478, 3)
B shape (319, 478, 3)
Extracted frame BIB_1169
run BIB t= 1170
Found population proton
Found population proton
Found population proton
Found population proton
Found population proton
Found population proton
Found population proton
Found population proton
Found population proton
Found population proton
Found population proton
Found population proton
Found population proton
Pdiag shape (319, 478, 3)
B shape (319, 478, 3)
Extracted frame BIB_1170
run BIB t= 1171
Found population proton
Found population proton
Found population proton
Found population proton
Found population proton
Found population proton
Found population proton
Found population proton
Found population proton
Found population proton
Found population proton
Found population proton
Found population proton
Pdiag shape (319, 478, 3)
B shape (319, 478, 3)
Extracted frame BIB_1171
run BIB t= 1172
Found population proton
Found population proton
Found population proton
Found population proton
Found population proton
Found population proton
Found population proton
Found population proton
Found population proton
Found population proton
Found population proton
Found population proton
Found population proton
Pdiag shape (319, 478, 3)
B shape (319, 478, 3)
Extracted frame BIB_1172
run BIB t= 1173
Found population proton
Found population proton
Found population proton
Found population proton
Found population proton
Found population proton
Found population proton
Found population proton
Found population proton
Found population proton
Found population proton
Found population proton
Found population proton
Pdiag shape (319, 478, 3)
B shape (319, 478, 3)
Extracted frame BIB_1173
run BIB t= 1174
Found population proton
Found population proton
Found population proton
Found population proton
Found population proton
Found population proton
Found population proton
Found population proton
Found population proton
Found population proton
Found population proton
Found population proton
Found population proton
Pdiag shape (319, 478, 3)
B shape (319, 478, 3)
Extracted frame BIB_1174
run BIB t= 1175
Found population proton
Found population proton
Found population proton
Found population proton
Found population proton
Found population proton
Found population proton
Found population proton
Found population proton
Found population proton
Found population proton
Found population proton
Found population proton
Pdiag shape (319, 478, 3)
B shape (319, 478, 3)
Extracted frame BIB_1175
run BIB t= 1176
Found population proton
Found population proton
Found population proton
Found population proton
Found population proton
Found population proton
Found population proton
Found population proton
Found population proton
Found population proton
Found population proton
Found population proton
Found population proton
Pdiag shape (319, 478, 3)
B shape (319, 478, 3)
Extracted frame BIB_1176
run BIB t= 1177
Found population proton
Found population proton
Found population proton
Found population proton
Found population proton
Found population proton
Found population proton
Found population proton
Found population proton
Found population proton
Found population proton
Found population proton
Found population proton
Pdiag shape (319, 478, 3)
B shape (319, 478, 3)
Extracted frame BIB_1177
run BIB t= 1178
Found population proton
Found population proton
Found population proton
Found population proton
Found population proton
Found population proton
Found population proton
Found population proton
Found population proton
Found population proton
Found population proton
Found population proton
Found population proton
Pdiag shape (319, 478, 3)
B shape (319, 478, 3)
Extracted frame BIB_1178
run BIB t= 1179
Found population proton
Found population proton
Found population proton
Found population proton
Found population proton
Found population proton
Found population proton
Found population proton
Found population proton
Found population proton
Found population proton
Found population proton
Found population proton
Pdiag shape (319, 478, 3)
B shape (319, 478, 3)
Extracted frame BIB_1179
run BIB t= 1180
Found population proton
Found population proton
Found population proton
Found population proton
Found population proton
Found population proton
Found population proton
Found population proton
Found population proton
Found population proton
Found population proton
Found population proton
Found population proton
Pdiag shape (319, 478, 3)
B shape (319, 478, 3)
Extracted frame BIB_1180
run BIB t= 1181
Found population proton
Found population proton
Found population proton
Found population proton
Found population proton
Found population proton
Found population proton
Found population proton
Found population proton
Found population proton
Found population proton
Found population proton
Found population proton
Pdiag shape (319, 478, 3)
B shape (319, 478, 3)
Extracted frame BIB_1181
run BIB t= 1182
Found population proton
Found population proton
Found population proton
Found population proton
Found population proton
Found population proton
Found population proton
Found population proton
Found population proton
Found population proton
Found population proton
Found population proton
Found population proton
Pdiag shape (319, 478, 3)
B shape (319, 478, 3)
Extracted frame BIB_1182
run BIB t= 1183
Found population proton
Found population proton
Found population proton
Found population proton
Found population proton
Found population proton
Found population proton
Found population proton
Found population proton
Found population proton
Found population proton
Found population proton
Found population proton
Pdiag shape (319, 478, 3)
B shape (319, 478, 3)
Extracted frame BIB_1183
run BIB t= 1184
Found population proton
Found population proton
Found population proton
Found population proton
Found population proton
Found population proton
Found population proton
Found population proton
Found population proton
Found population proton
Found population proton
Found population proton
Found population proton
Pdiag shape (319, 478, 3)
B shape (319, 478, 3)
Extracted frame BIB_1184
run BIB t= 1185
Found population proton
Found population proton
Found population proton
Found population proton
Found population proton
Found population proton
Found population proton
Found population proton
Found population proton
Found population proton
Found population proton
Found population proton
Found population proton
Pdiag shape (319, 478, 3)
B shape (319, 478, 3)
Extracted frame BIB_1185
run BIB t= 1186
Found population proton
Found population proton
Found population proton
Found population proton
Found population proton
Found population proton
Found population proton
Found population proton
Found population proton
Found population proton
Found population proton
Found population proton
Found population proton
Pdiag shape (319, 478, 3)
B shape (319, 478, 3)
Extracted frame BIB_1186
run BIB t= 1187
Found population proton
Found population proton
Found population proton
Found population proton
Found population proton
Found population proton
Found population proton
Found population proton
Found population proton
Found population proton
Found population proton
Found population proton
Found population proton
Pdiag shape (319, 478, 3)
B shape (319, 478, 3)
Extracted frame BIB_1187
run BIB t= 1188
Found population proton
Found population proton
Found population proton
Found population proton
Found population proton
Found population proton
Found population proton
Found population proton
Found population proton
Found population proton
Found population proton
Found population proton
Found population proton
Pdiag shape (319, 478, 3)
B shape (319, 478, 3)
Extracted frame BIB_1188
run BIB t= 1189
Found population proton
Found population proton
Found population proton
Found population proton
Found population proton
Found population proton
Found population proton
Found population proton
Found population proton
Found population proton
Found population proton
Found population proton
Found population proton
Pdiag shape (319, 478, 3)
B shape (319, 478, 3)
Extracted frame BIB_1189
run BIB t= 1190
Found population proton
Found population proton
Found population proton
Found population proton
Found population proton
Found population proton
Found population proton
Found population proton
Found population proton
Found population proton
Found population proton
Found population proton
Found population proton
Pdiag shape (319, 478, 3)
B shape (319, 478, 3)
Extracted frame BIB_1190
run BIB t= 1191
Found population proton
Found population proton
Found population proton
Found population proton
Found population proton
Found population proton
Found population proton
Found population proton
Found population proton
Found population proton
Found population proton
Found population proton
Found population proton
Pdiag shape (319, 478, 3)
B shape (319, 478, 3)
Extracted frame BIB_1191
run BIB t= 1192
Found population proton
Found population proton
Found population proton
Found population proton
Found population proton
Found population proton
Found population proton
Found population proton
Found population proton
Found population proton
Found population proton
Found population proton
Found population proton
Pdiag shape (319, 478, 3)
B shape (319, 478, 3)
Extracted frame BIB_1192
run BIB t= 1193
Found population proton
Found population proton
Found population proton
Found population proton
Found population proton
Found population proton
Found population proton
Found population proton
Found population proton
Found population proton
Found population proton
Found population proton
Found population proton
Pdiag shape (319, 478, 3)
B shape (319, 478, 3)
Extracted frame BIB_1193
run BIB t= 1194
Found population proton
Found population proton
Found population proton
Found population proton
Found population proton
Found population proton
Found population proton
Found population proton
Found population proton
Found population proton
Found population proton
Found population proton
Found population proton
Pdiag shape (319, 478, 3)
B shape (319, 478, 3)
Extracted frame BIB_1194
run BIB t= 1195
Found population proton
Found population proton
Found population proton
Found population proton
Found population proton
Found population proton
Found population proton
Found population proton
Found population proton
Found population proton
Found population proton
Found population proton
Found population proton
Pdiag shape (319, 478, 3)
B shape (319, 478, 3)
Extracted frame BIB_1195
run BIB t= 1196
Found population proton
Found population proton
Found population proton
Found population proton
Found population proton
Found population proton
Found population proton
Found population proton
Found population proton
Found population proton
Found population proton
Found population proton
Found population proton
Pdiag shape (319, 478, 3)
B shape (319, 478, 3)
Extracted frame BIB_1196
run BIB t= 1197
Found population proton
Found population proton
Found population proton
Found population proton
Found population proton
Found population proton
Found population proton
Found population proton
Found population proton
Found population proton
Found population proton
Found population proton
Found population proton
Pdiag shape (319, 478, 3)
B shape (319, 478, 3)
Extracted frame BIB_1197
run BIB t= 1198
Found population proton
Found population proton
Found population proton
Found population proton
Found population proton
Found population proton
Found population proton
Found population proton
Found population proton
Found population proton
Found population proton
Found population proton
Found population proton
Pdiag shape (319, 478, 3)
B shape (319, 478, 3)
Extracted frame BIB_1198
run BIB t= 1199
Found population proton
Found population proton
Found population proton
Found population proton
Found population proton
Found population proton
Found population proton
Found population proton
Found population proton
Found population proton
Found population proton
Found population proton
Found population proton
Pdiag shape (319, 478, 3)
B shape (319, 478, 3)
Extracted frame BIB_1199
run BIB t= 1200
Found population proton
Found population proton
Found population proton
Found population proton
Found population proton
Found population proton
Found population proton
Found population proton
Found population proton
Found population proton
Found population proton
Found population proton
Found population proton
Pdiag shape (319, 478, 3)
B shape (319, 478, 3)
Extracted frame BIB_1200
run BIB t= 1201
Found population proton
Found population proton
Found population proton
Found population proton
Found population proton
Found population proton
Found population proton
Found population proton
Found population proton
Found population proton
Found population proton
Found population proton
Found population proton
Pdiag shape (319, 478, 3)
B shape (319, 478, 3)
Extracted frame BIB_1201
run BIB t= 1202
Found population proton
Found population proton
Found population proton
Found population proton
Found population proton
Found population proton
Found population proton
Found population proton
Found population proton
Found population proton
Found population proton
Found population proton
Found population proton
Pdiag shape (319, 478, 3)
B shape (319, 478, 3)
Extracted frame BIB_1202
run BIB t= 1203
Found population proton
Found population proton
Found population proton
Found population proton
Found population proton
Found population proton
Found population proton
Found population proton
Found population proton
Found population proton
Found population proton
Found population proton
Found population proton
Pdiag shape (319, 478, 3)
B shape (319, 478, 3)
Extracted frame BIB_1203
run BIB t= 1204
Found population proton
Found population proton
Found population proton
Found population proton
Found population proton
Found population proton
Found population proton
Found population proton
Found population proton
Found population proton
Found population proton
Found population proton
Found population proton
Pdiag shape (319, 478, 3)
B shape (319, 478, 3)
Extracted frame BIB_1204
run BIB t= 1205
Found population proton
Found population proton
Found population proton
Found population proton
Found population proton
Found population proton
Found population proton
Found population proton
Found population proton
Found population proton
Found population proton
Found population proton
Found population proton
Pdiag shape (319, 478, 3)
B shape (319, 478, 3)
Extracted frame BIB_1205
run BIB t= 1206
Found population proton
Found population proton
Found population proton
Found population proton
Found population proton
Found population proton
Found population proton
Found population proton
Found population proton
Found population proton
Found population proton
Found population proton
Found population proton
Pdiag shape (319, 478, 3)
B shape (319, 478, 3)
Extracted frame BIB_1206
run BIB t= 1207
Found population proton
Found population proton
Found population proton
Found population proton
Found population proton
Found population proton
Found population proton
Found population proton
Found population proton
Found population proton
Found population proton
Found population proton
Found population proton
Pdiag shape (319, 478, 3)
B shape (319, 478, 3)
Extracted frame BIB_1207
run BIB t= 1208
Found population proton
Found population proton
Found population proton
Found population proton
Found population proton
Found population proton
Found population proton
Found population proton
Found population proton
Found population proton
Found population proton
Found population proton
Found population proton
Pdiag shape (319, 478, 3)
B shape (319, 478, 3)
Extracted frame BIB_1208
run BIB t= 1209
Found population proton
Found population proton
Found population proton
Found population proton
Found population proton
Found population proton
Found population proton
Found population proton
Found population proton
Found population proton
Found population proton
Found population proton
Found population proton
Pdiag shape (319, 478, 3)
B shape (319, 478, 3)
Extracted frame BIB_1209
run BIB t= 1210
Found population proton
Found population proton
Found population proton
Found population proton
Found population proton
Found population proton
Found population proton
Found population proton
Found population proton
Found population proton
Found population proton
Found population proton
Found population proton
Pdiag shape (319, 478, 3)
B shape (319, 478, 3)
Extracted frame BIB_1210
run BIB t= 1211
Found population proton
Found population proton
Found population proton
Found population proton
Found population proton
Found population proton
Found population proton
Found population proton
Found population proton
Found population proton
Found population proton
Found population proton
Found population proton
Pdiag shape (319, 478, 3)
B shape (319, 478, 3)
Extracted frame BIB_1211
run BIB t= 1212
Found population proton
Found population proton
Found population proton
Found population proton
Found population proton
Found population proton
Found population proton
Found population proton
Found population proton
Found population proton
Found population proton
Found population proton
Found population proton
Pdiag shape (319, 478, 3)
B shape (319, 478, 3)
Extracted frame BIB_1212
run BIB t= 1213
Found population proton
Found population proton
Found population proton
Found population proton
Found population proton
Found population proton
Found population proton
Found population proton
Found population proton
Found population proton
Found population proton
Found population proton
Found population proton
Pdiag shape (319, 478, 3)
B shape (319, 478, 3)
Extracted frame BIB_1213
run BIB t= 1214
Found population proton
Found population proton
Found population proton
Found population proton
Found population proton
Found population proton
Found population proton
Found population proton
Found population proton
Found population proton
Found population proton
Found population proton
Found population proton
Pdiag shape (319, 478, 3)
B shape (319, 478, 3)
Extracted frame BIB_1214
run BIB t= 1215
Found population proton
Found population proton
Found population proton
Found population proton
Found population proton
Found population proton
Found population proton
Found population proton
Found population proton
Found population proton
Found population proton
Found population proton
Found population proton
Pdiag shape (319, 478, 3)
B shape (319, 478, 3)
Extracted frame BIB_1215
run BIB t= 1216
Found population proton
Found population proton
Found population proton
Found population proton
Found population proton
Found population proton
Found population proton
Found population proton
Found population proton
Found population proton
Found population proton
Found population proton
Found population proton
Pdiag shape (319, 478, 3)
B shape (319, 478, 3)
Extracted frame BIB_1216
run BIB t= 1217
Found population proton
Found population proton
Found population proton
Found population proton
Found population proton
Found population proton
Found population proton
Found population proton
Found population proton
Found population proton
Found population proton
Found population proton
Found population proton
Pdiag shape (319, 478, 3)
B shape (319, 478, 3)
Extracted frame BIB_1217
run BIB t= 1218
Found population proton
Found population proton
Found population proton
Found population proton
Found population proton
Found population proton
Found population proton
Found population proton
Found population proton
Found population proton
Found population proton
Found population proton
Found population proton
Pdiag shape (319, 478, 3)
B shape (319, 478, 3)
Extracted frame BIB_1218
run BIB t= 1219
Found population proton
Found population proton
Found population proton
Found population proton
Found population proton
Found population proton
Found population proton
Found population proton
Found population proton
Found population proton
Found population proton
Found population proton
Found population proton
Pdiag shape (319, 478, 3)
B shape (319, 478, 3)
Extracted frame BIB_1219
run BIB t= 1220
Found population proton
Found population proton
Found population proton
Found population proton
Found population proton
Found population proton
Found population proton
Found population proton
Found population proton
Found population proton
Found population proton
Found population proton
Found population proton
Pdiag shape (319, 478, 3)
B shape (319, 478, 3)
Extracted frame BIB_1220
run BIB t= 1221
Found population proton
Found population proton
Found population proton
Found population proton
Found population proton
Found population proton
Found population proton
Found population proton
Found population proton
Found population proton
Found population proton
Found population proton
Found population proton
Pdiag shape (319, 478, 3)
B shape (319, 478, 3)
Extracted frame BIB_1221
run BIB t= 1222
Found population proton
Found population proton
Found population proton
Found population proton
Found population proton
Found population proton
Found population proton
Found population proton
Found population proton
Found population proton
Found population proton
Found population proton
Found population proton
Pdiag shape (319, 478, 3)
B shape (319, 478, 3)
Extracted frame BIB_1222
run BIB t= 1223
Found population proton
Found population proton
Found population proton
Found population proton
Found population proton
Found population proton
Found population proton
Found population proton
Found population proton
Found population proton
Found population proton
Found population proton
Found population proton
Pdiag shape (319, 478, 3)
B shape (319, 478, 3)
Extracted frame BIB_1223
run BIB t= 1224
Found population proton
Found population proton
Found population proton
Found population proton
Found population proton
Found population proton
Found population proton
Found population proton
Found population proton
Found population proton
Found population proton
Found population proton
Found population proton
Pdiag shape (319, 478, 3)
B shape (319, 478, 3)
Extracted frame BIB_1224
run BIB t= 1225
Found population proton
Found population proton
Found population proton
Found population proton
Found population proton
Found population proton
Found population proton
Found population proton
Found population proton
Found population proton
Found population proton
Found population proton
Found population proton
Pdiag shape (319, 478, 3)
B shape (319, 478, 3)
Extracted frame BIB_1225
run BIB t= 1226
Found population proton
Found population proton
Found population proton
Found population proton
Found population proton
Found population proton
Found population proton
Found population proton
Found population proton
Found population proton
Found population proton
Found population proton
Found population proton
Pdiag shape (319, 478, 3)
B shape (319, 478, 3)
Extracted frame BIB_1226
run BIB t= 1227
Found population proton
Found population proton
Found population proton
Found population proton
Found population proton
Found population proton
Found population proton
Found population proton
Found population proton
Found population proton
Found population proton
Found population proton
Found population proton
Pdiag shape (319, 478, 3)
B shape (319, 478, 3)
Extracted frame BIB_1227
run BIB t= 1228
Found population proton
Found population proton
Found population proton
Found population proton
Found population proton
Found population proton
Found population proton
Found population proton
Found population proton
Found population proton
Found population proton
Found population proton
Found population proton
Pdiag shape (319, 478, 3)
B shape (319, 478, 3)
Extracted frame BIB_1228
run BIB t= 1229
Found population proton
Found population proton
Found population proton
Found population proton
Found population proton
Found population proton
Found population proton
Found population proton
Found population proton
Found population proton
Found population proton
Found population proton
Found population proton
Pdiag shape (319, 478, 3)
B shape (319, 478, 3)
Extracted frame BIB_1229
run BIB t= 1230
Found population proton
Found population proton
Found population proton
Found population proton
Found population proton
Found population proton
Found population proton
Found population proton
Found population proton
Found population proton
Found population proton
Found population proton
Found population proton
Pdiag shape (319, 478, 3)
B shape (319, 478, 3)
Extracted frame BIB_1230
run BIB t= 1231
Found population proton
Found population proton
Found population proton
Found population proton
Found population proton
Found population proton
Found population proton
Found population proton
Found population proton
Found population proton
Found population proton
Found population proton
Found population proton
Pdiag shape (319, 478, 3)
B shape (319, 478, 3)
Extracted frame BIB_1231
run BIB t= 1232
Found population proton
Found population proton
Found population proton
Found population proton
Found population proton
Found population proton
Found population proton
Found population proton
Found population proton
Found population proton
Found population proton
Found population proton
Found population proton
Pdiag shape (319, 478, 3)
B shape (319, 478, 3)
Extracted frame BIB_1232
run BIB t= 1233
Found population proton
Found population proton
Found population proton
Found population proton
Found population proton
Found population proton
Found population proton
Found population proton
Found population proton
Found population proton
Found population proton
Found population proton
Found population proton
Pdiag shape (319, 478, 3)
B shape (319, 478, 3)
Extracted frame BIB_1233
run BIB t= 1234
Found population proton
Found population proton
Found population proton
Found population proton
Found population proton
Found population proton
Found population proton
Found population proton
Found population proton
Found population proton
Found population proton
Found population proton
Found population proton
Pdiag shape (319, 478, 3)
B shape (319, 478, 3)
Extracted frame BIB_1234
run BIB t= 1235
Found population proton
Found population proton
Found population proton
Found population proton
Found population proton
Found population proton
Found population proton
Found population proton
Found population proton
Found population proton
Found population proton
Found population proton
Found population proton
Pdiag shape (319, 478, 3)
B shape (319, 478, 3)
Extracted frame BIB_1235
run BIB t= 1236
Found population proton
Found population proton
Found population proton
Found population proton
Found population proton
Found population proton
Found population proton
Found population proton
Found population proton
Found population proton
Found population proton
Found population proton
Found population proton
Pdiag shape (319, 478, 3)
B shape (319, 478, 3)
Extracted frame BIB_1236
run BIB t= 1237
Found population proton
Found population proton
Found population proton
Found population proton
Found population proton
Found population proton
Found population proton
Found population proton
Found population proton
Found population proton
Found population proton
Found population proton
Found population proton
Pdiag shape (319, 478, 3)
B shape (319, 478, 3)
Extracted frame BIB_1237
run BIB t= 1238
Found population proton
Found population proton
Found population proton
Found population proton
Found population proton
Found population proton
Found population proton
Found population proton
Found population proton
Found population proton
Found population proton
Found population proton
Found population proton
Pdiag shape (319, 478, 3)
B shape (319, 478, 3)
Extracted frame BIB_1238
run BIB t= 1239
Found population proton
Found population proton
Found population proton
Found population proton
Found population proton
Found population proton
Found population proton
Found population proton
Found population proton
Found population proton
Found population proton
Found population proton
Found population proton
Pdiag shape (319, 478, 3)
B shape (319, 478, 3)
Extracted frame BIB_1239
run BIB t= 1240
Found population proton
Found population proton
Found population proton
Found population proton
Found population proton
Found population proton
Found population proton
Found population proton
Found population proton
Found population proton
Found population proton
Found population proton
Found population proton
Pdiag shape (319, 478, 3)
B shape (319, 478, 3)
Extracted frame BIB_1240
run BIB t= 1241
Found population proton
Found population proton
Found population proton
Found population proton
Found population proton
Found population proton
Found population proton
Found population proton
Found population proton
Found population proton
Found population proton
Found population proton
Found population proton
Pdiag shape (319, 478, 3)
B shape (319, 478, 3)
Extracted frame BIB_1241
run BIB t= 1242
Found population proton
Found population proton
Found population proton
Found population proton
Found population proton
Found population proton
Found population proton
Found population proton
Found population proton
Found population proton
Found population proton
Found population proton
Found population proton
Pdiag shape (319, 478, 3)
B shape (319, 478, 3)
Extracted frame BIB_1242
run BIB t= 1243
Found population proton
Found population proton
Found population proton
Found population proton
Found population proton
Found population proton
Found population proton
Found population proton
Found population proton
Found population proton
Found population proton
Found population proton
Found population proton
Pdiag shape (319, 478, 3)
B shape (319, 478, 3)
Extracted frame BIB_1243
run BIB t= 1244
Found population proton
Found population proton
Found population proton
Found population proton
Found population proton
Found population proton
Found population proton
Found population proton
Found population proton
Found population proton
Found population proton
Found population proton
Found population proton
Pdiag shape (319, 478, 3)
B shape (319, 478, 3)
Extracted frame BIB_1244
run BIB t= 1245
Found population proton
Found population proton
Found population proton
Found population proton
Found population proton
Found population proton
Found population proton
Found population proton
Found population proton
Found population proton
Found population proton
Found population proton
Found population proton
Pdiag shape (319, 478, 3)
B shape (319, 478, 3)
Extracted frame BIB_1245
run BIB t= 1246
Found population proton
Found population proton
Found population proton
Found population proton
Found population proton
Found population proton
Found population proton
Found population proton
Found population proton
Found population proton
Found population proton
Found population proton
Found population proton
Pdiag shape (319, 478, 3)
B shape (319, 478, 3)
Extracted frame BIB_1246
run BIB t= 1247
Found population proton
Found population proton
Found population proton
Found population proton
Found population proton
Found population proton
Found population proton
Found population proton
Found population proton
Found population proton
Found population proton
Found population proton
Found population proton
Pdiag shape (319, 478, 3)
B shape (319, 478, 3)
Extracted frame BIB_1247
run BIB t= 1248
Found population proton
Found population proton
Found population proton
Found population proton
Found population proton
Found population proton
Found population proton
Found population proton
Found population proton
Found population proton
Found population proton
Found population proton
Found population proton
Pdiag shape (319, 478, 3)
B shape (319, 478, 3)
Extracted frame BIB_1248
run BIB t= 1249
Found population proton
Found population proton
Found population proton
Found population proton
Found population proton
Found population proton
Found population proton
Found population proton
Found population proton
Found population proton
Found population proton
Found population proton
Found population proton
Pdiag shape (319, 478, 3)
B shape (319, 478, 3)
Extracted frame BIB_1249
run BIB t= 1250
Found population proton
Found population proton
Found population proton
Found population proton
Found population proton
Found population proton
Found population proton
Found population proton
Found population proton
Found population proton
Found population proton
Found population proton
Found population proton
Pdiag shape (319, 478, 3)
B shape (319, 478, 3)
Extracted frame BIB_1250
run BIB t= 1251
Found population proton
Found population proton
Found population proton
Found population proton
Found population proton
Found population proton
Found population proton
Found population proton
Found population proton
Found population proton
Found population proton
Found population proton
Found population proton
Pdiag shape (319, 478, 3)
B shape (319, 478, 3)
Extracted frame BIB_1251
run BIB t= 1252
Found population proton
Found population proton
Found population proton
Found population proton
Found population proton
Found population proton
Found population proton
Found population proton
Found population proton
Found population proton
Found population proton
Found population proton
Found population proton
Pdiag shape (319, 478, 3)
B shape (319, 478, 3)
Extracted frame BIB_1252
run BIB t= 1253
Found population proton
Found population proton
Found population proton
Found population proton
Found population proton
Found population proton
Found population proton
Found population proton
Found population proton
Found population proton
Found population proton
Found population proton
Found population proton
Pdiag shape (319, 478, 3)
B shape (319, 478, 3)
Extracted frame BIB_1253
run BIB t= 1254
Found population proton
Found population proton
Found population proton
Found population proton
Found population proton
Found population proton
Found population proton
Found population proton
Found population proton
Found population proton
Found population proton
Found population proton
Found population proton
Pdiag shape (319, 478, 3)
B shape (319, 478, 3)
Extracted frame BIB_1254
run BIB t= 1255
Found population proton
Found population proton
Found population proton
Found population proton
Found population proton
Found population proton
Found population proton
Found population proton
Found population proton
Found population proton
Found population proton
Found population proton
Found population proton
Pdiag shape (319, 478, 3)
B shape (319, 478, 3)
Extracted frame BIB_1255
run BIB t= 1256
Found population proton
Found population proton
Found population proton
Found population proton
Found population proton
Found population proton
Found population proton
Found population proton
Found population proton
Found population proton
Found population proton
Found population proton
Found population proton
Pdiag shape (319, 478, 3)
B shape (319, 478, 3)
Extracted frame BIB_1256
run BIB t= 1257
Found population proton
Found population proton
Found population proton
Found population proton
Found population proton
Found population proton
Found population proton
Found population proton
Found population proton
Found population proton
Found population proton
Found population proton
Found population proton
Pdiag shape (319, 478, 3)
B shape (319, 478, 3)
Extracted frame BIB_1257
run BIB t= 1258
Found population proton
Found population proton
Found population proton
Found population proton
Found population proton
Found population proton
Found population proton
Found population proton
Found population proton
Found population proton
Found population proton
Found population proton
Found population proton
Pdiag shape (319, 478, 3)
B shape (319, 478, 3)
Extracted frame BIB_1258
run BIB t= 1259
Found population proton
Found population proton
Found population proton
Found population proton
Found population proton
Found population proton
Found population proton
Found population proton
Found population proton
Found population proton
Found population proton
Found population proton
Found population proton
Pdiag shape (319, 478, 3)
B shape (319, 478, 3)
Extracted frame BIB_1259
run BIB t= 1260
Found population proton
Found population proton
Found population proton
Found population proton
Found population proton
Found population proton
Found population proton
Found population proton
Found population proton
Found population proton
Found population proton
Found population proton
Found population proton
Pdiag shape (319, 478, 3)
B shape (319, 478, 3)
Extracted frame BIB_1260
run BIB t= 1261
Found population proton
Found population proton
Found population proton
Found population proton
Found population proton
Found population proton
Found population proton
Found population proton
Found population proton
Found population proton
Found population proton
Found population proton
Found population proton
Pdiag shape (319, 478, 3)
B shape (319, 478, 3)
Extracted frame BIB_1261
run BIB t= 1262
Found population proton
Found population proton
Found population proton
Found population proton
Found population proton
Found population proton
Found population proton
Found population proton
Found population proton
Found population proton
Found population proton
Found population proton
Found population proton
Pdiag shape (319, 478, 3)
B shape (319, 478, 3)
Extracted frame BIB_1262
run BIB t= 1263
Found population proton
Found population proton
Found population proton
Found population proton
Found population proton
Found population proton
Found population proton
Found population proton
Found population proton
Found population proton
Found population proton
Found population proton
Found population proton
Pdiag shape (319, 478, 3)
B shape (319, 478, 3)
Extracted frame BIB_1263
run BIB t= 1264
Found population proton
Found population proton
Found population proton
Found population proton
Found population proton
Found population proton
Found population proton
Found population proton
Found population proton
Found population proton
Found population proton
Found population proton
Found population proton
Pdiag shape (319, 478, 3)
B shape (319, 478, 3)
Extracted frame BIB_1264
run BIB t= 1265
Found population proton
Found population proton
Found population proton
Found population proton
Found population proton
Found population proton
Found population proton
Found population proton
Found population proton
Found population proton
Found population proton
Found population proton
Found population proton
Pdiag shape (319, 478, 3)
B shape (319, 478, 3)
Extracted frame BIB_1265
run BIB t= 1266
Found population proton
Found population proton
Found population proton
Found population proton
Found population proton
Found population proton
Found population proton
Found population proton
Found population proton
Found population proton
Found population proton
Found population proton
Found population proton
Pdiag shape (319, 478, 3)
B shape (319, 478, 3)
Extracted frame BIB_1266
run BIB t= 1267
Found population proton
Found population proton
Found population proton
Found population proton
Found population proton
Found population proton
Found population proton
Found population proton
Found population proton
Found population proton
Found population proton
Found population proton
Found population proton
Pdiag shape (319, 478, 3)
B shape (319, 478, 3)
Extracted frame BIB_1267
run BIB t= 1268
Found population proton
Found population proton
Found population proton
Found population proton
Found population proton
Found population proton
Found population proton
Found population proton
Found population proton
Found population proton
Found population proton
Found population proton
Found population proton
Pdiag shape (319, 478, 3)
B shape (319, 478, 3)
Extracted frame BIB_1268
run BIB t= 1269
Found population proton
Found population proton
Found population proton
Found population proton
Found population proton
Found population proton
Found population proton
Found population proton
Found population proton
Found population proton
Found population proton
Found population proton
Found population proton
Pdiag shape (319, 478, 3)
B shape (319, 478, 3)
Extracted frame BIB_1269
run BIB t= 1270
Found population proton
Found population proton
Found population proton
Found population proton
Found population proton
Found population proton
Found population proton
Found population proton
Found population proton
Found population proton
Found population proton
Found population proton
Found population proton
Pdiag shape (319, 478, 3)
B shape (319, 478, 3)
Extracted frame BIB_1270
run BIB t= 1271
Found population proton
Found population proton
Found population proton
Found population proton
Found population proton
Found population proton
Found population proton
Found population proton
Found population proton
Found population proton
Found population proton
Found population proton
Found population proton
Pdiag shape (319, 478, 3)
B shape (319, 478, 3)
Extracted frame BIB_1271
run BIB t= 1272
Found population proton
Found population proton
Found population proton
Found population proton
Found population proton
Found population proton
Found population proton
Found population proton
Found population proton
Found population proton
Found population proton
Found population proton
Found population proton
Pdiag shape (319, 478, 3)
B shape (319, 478, 3)
Extracted frame BIB_1272
run BIB t= 1273
Found population proton
Found population proton
Found population proton
Found population proton
Found population proton
Found population proton
Found population proton
Found population proton
Found population proton
Found population proton
Found population proton
Found population proton
Found population proton
Pdiag shape (319, 478, 3)
B shape (319, 478, 3)
Extracted frame BIB_1273
run BIB t= 1274
Found population proton
Found population proton
Found population proton
Found population proton
Found population proton
Found population proton
Found population proton
Found population proton
Found population proton
Found population proton
Found population proton
Found population proton
Found population proton
Pdiag shape (319, 478, 3)
B shape (319, 478, 3)
Extracted frame BIB_1274
run BIB t= 1275
Found population proton
Found population proton
Found population proton
Found population proton
Found population proton
Found population proton
Found population proton
Found population proton
Found population proton
Found population proton
Found population proton
Found population proton
Found population proton
Pdiag shape (319, 478, 3)
B shape (319, 478, 3)
Extracted frame BIB_1275
run BIB t= 1276
Found population proton
Found population proton
Found population proton
Found population proton
Found population proton
Found population proton
Found population proton
Found population proton
Found population proton
Found population proton
Found population proton
Found population proton
Found population proton
Pdiag shape (319, 478, 3)
B shape (319, 478, 3)
Extracted frame BIB_1276
run BIB t= 1277
Found population proton
Found population proton
Found population proton
Found population proton
Found population proton
Found population proton
Found population proton
Found population proton
Found population proton
Found population proton
Found population proton
Found population proton
Found population proton
Pdiag shape (319, 478, 3)
B shape (319, 478, 3)
Extracted frame BIB_1277
run BIB t= 1278
Found population proton
Found population proton
Found population proton
Found population proton
Found population proton
Found population proton
Found population proton
Found population proton
Found population proton
Found population proton
Found population proton
Found population proton
Found population proton
Pdiag shape (319, 478, 3)
B shape (319, 478, 3)
Extracted frame BIB_1278
run BIB t= 1279
Found population proton
Found population proton
Found population proton
Found population proton
Found population proton
Found population proton
Found population proton
Found population proton
Found population proton
Found population proton
Found population proton
Found population proton
Found population proton
Pdiag shape (319, 478, 3)
B shape (319, 478, 3)
Extracted frame BIB_1279
run BIB t= 1280
Found population proton
Found population proton
Found population proton
Found population proton
Found population proton
Found population proton
Found population proton
Found population proton
Found population proton
Found population proton
Found population proton
Found population proton
Found population proton
Pdiag shape (319, 478, 3)
B shape (319, 478, 3)
Extracted frame BIB_1280
run BIB t= 1281
Found population proton
Found population proton
Found population proton
Found population proton
Found population proton
Found population proton
Found population proton
Found population proton
Found population proton
Found population proton
Found population proton
Found population proton
Found population proton
Pdiag shape (319, 478, 3)
B shape (319, 478, 3)
Extracted frame BIB_1281
run BIB t= 1282
Found population proton
Found population proton
Found population proton
Found population proton
Found population proton
Found population proton
Found population proton
Found population proton
Found population proton
Found population proton
Found population proton
Found population proton
Found population proton
Pdiag shape (319, 478, 3)
B shape (319, 478, 3)
Extracted frame BIB_1282
run BIB t= 1283
Found population proton
Found population proton
Found population proton
Found population proton
Found population proton
Found population proton
Found population proton
Found population proton
Found population proton
Found population proton
Found population proton
Found population proton
Found population proton
Pdiag shape (319, 478, 3)
B shape (319, 478, 3)
Extracted frame BIB_1283
run BIB t= 1284
Found population proton
Found population proton
Found population proton
Found population proton
Found population proton
Found population proton
Found population proton
Found population proton
Found population proton
Found population proton
Found population proton
Found population proton
Found population proton
Pdiag shape (319, 478, 3)
B shape (319, 478, 3)
Extracted frame BIB_1284
run BIB t= 1285
Found population proton
Found population proton
Found population proton
Found population proton
Found population proton
Found population proton
Found population proton
Found population proton
Found population proton
Found population proton
Found population proton
Found population proton
Found population proton
Pdiag shape (319, 478, 3)
B shape (319, 478, 3)
Extracted frame BIB_1285
run BIB t= 1286
Found population proton
Found population proton
Found population proton
Found population proton
Found population proton
Found population proton
Found population proton
Found population proton
Found population proton
Found population proton
Found population proton
Found population proton
Found population proton
Pdiag shape (319, 478, 3)
B shape (319, 478, 3)
Extracted frame BIB_1286
run BIB t= 1287
Found population proton
Found population proton
Found population proton
Found population proton
Found population proton
Found population proton
Found population proton
Found population proton
Found population proton
Found population proton
Found population proton
Found population proton
Found population proton
Pdiag shape (319, 478, 3)
B shape (319, 478, 3)
Extracted frame BIB_1287
run BIB t= 1288
Found population proton
Found population proton
Found population proton
Found population proton
Found population proton
Found population proton
Found population proton
Found population proton
Found population proton
Found population proton
Found population proton
Found population proton
Found population proton
Pdiag shape (319, 478, 3)
B shape (319, 478, 3)
Extracted frame BIB_1288
run BIB t= 1289
Found population proton
Found population proton
Found population proton
Found population proton
Found population proton
Found population proton
Found population proton
Found population proton
Found population proton
Found population proton
Found population proton
Found population proton
Found population proton
Pdiag shape (319, 478, 3)
B shape (319, 478, 3)
Extracted frame BIB_1289
run BIB t= 1290
Found population proton
Found population proton
Found population proton
Found population proton
Found population proton
Found population proton
Found population proton
Found population proton
Found population proton
Found population proton
Found population proton
Found population proton
Found population proton
Pdiag shape (319, 478, 3)
B shape (319, 478, 3)
Extracted frame BIB_1290
run BIB t= 1291
Found population proton
Found population proton
Found population proton
Found population proton
Found population proton
Found population proton
Found population proton
Found population proton
Found population proton
Found population proton
Found population proton
Found population proton
Found population proton
Pdiag shape (319, 478, 3)
B shape (319, 478, 3)
Extracted frame BIB_1291
run BIB t= 1292
Found population proton
Found population proton
Found population proton
Found population proton
Found population proton
Found population proton
Found population proton
Found population proton
Found population proton
Found population proton
Found population proton
Found population proton
Found population proton
Pdiag shape (319, 478, 3)
B shape (319, 478, 3)
Extracted frame BIB_1292
run BIB t= 1293
Found population proton
Found population proton
Found population proton
Found population proton
Found population proton
Found population proton
Found population proton
Found population proton
Found population proton
Found population proton
Found population proton
Found population proton
Found population proton
Pdiag shape (319, 478, 3)
B shape (319, 478, 3)
Extracted frame BIB_1293
run BIB t= 1294
Found population proton
Found population proton
Found population proton
Found population proton
Found population proton
Found population proton
Found population proton
Found population proton
Found population proton
Found population proton
Found population proton
Found population proton
Found population proton
Pdiag shape (319, 478, 3)
B shape (319, 478, 3)
Extracted frame BIB_1294
run BIB t= 1295
Found population proton
Found population proton
Found population proton
Found population proton
Found population proton
Found population proton
Found population proton
Found population proton
Found population proton
Found population proton
Found population proton
Found population proton
Found population proton
Pdiag shape (319, 478, 3)
B shape (319, 478, 3)
Extracted frame BIB_1295
run BIB t= 1296
Found population proton
Found population proton
Found population proton
Found population proton
Found population proton
Found population proton
Found population proton
Found population proton
Found population proton
Found population proton
Found population proton
Found population proton
Found population proton
Pdiag shape (319, 478, 3)
B shape (319, 478, 3)
Extracted frame BIB_1296
run BIB t= 1297
Found population proton
Found population proton
Found population proton
Found population proton
Found population proton
Found population proton
Found population proton
Found population proton
Found population proton
Found population proton
Found population proton
Found population proton
Found population proton
Pdiag shape (319, 478, 3)
B shape (319, 478, 3)
Extracted frame BIB_1297
run BIB t= 1298
Found population proton
Found population proton
Found population proton
Found population proton
Found population proton
Found population proton
Found population proton
Found population proton
Found population proton
Found population proton
Found population proton
Found population proton
Found population proton
Pdiag shape (319, 478, 3)
B shape (319, 478, 3)
Extracted frame BIB_1298
run BIB t= 1299
Found population proton
Found population proton
Found population proton
Found population proton
Found population proton
Found population proton
Found population proton
Found population proton
Found population proton
Found population proton
Found population proton
Found population proton
Found population proton
Pdiag shape (319, 478, 3)
B shape (319, 478, 3)
Extracted frame BIB_1299
run BIB t= 1300
Found population proton
Found population proton
Found population proton
Found population proton
Found population proton
Found population proton
Found population proton
Found population proton
Found population proton
Found population proton
Found population proton
Found population proton
Found population proton
Pdiag shape (319, 478, 3)
B shape (319, 478, 3)
Extracted frame BIB_1300
run BIB t= 1301
Found population proton
Found population proton
Found population proton
Found population proton
Found population proton
Found population proton
Found population proton
Found population proton
Found population proton
Found population proton
Found population proton
Found population proton
Found population proton
Pdiag shape (319, 478, 3)
B shape (319, 478, 3)
Extracted frame BIB_1301
run BIB t= 1302
Found population proton
Found population proton
Found population proton
Found population proton
Found population proton
Found population proton
Found population proton
Found population proton
Found population proton
Found population proton
Found population proton
Found population proton
Found population proton
Pdiag shape (319, 478, 3)
B shape (319, 478, 3)
Extracted frame BIB_1302
run BIB t= 1303
Found population proton
Found population proton
Found population proton
Found population proton
Found population proton
Found population proton
Found population proton
Found population proton
Found population proton
Found population proton
Found population proton
Found population proton
Found population proton
Pdiag shape (319, 478, 3)
B shape (319, 478, 3)
Extracted frame BIB_1303
run BIB t= 1304
Found population proton
Found population proton
Found population proton
Found population proton
Found population proton
Found population proton
Found population proton
Found population proton
Found population proton
Found population proton
Found population proton
Found population proton
Found population proton
Pdiag shape (319, 478, 3)
B shape (319, 478, 3)
Extracted frame BIB_1304
run BIB t= 1305
Found population proton
Found population proton
Found population proton
Found population proton
Found population proton
Found population proton
Found population proton
Found population proton
Found population proton
Found population proton
Found population proton
Found population proton
Found population proton
Pdiag shape (319, 478, 3)
B shape (319, 478, 3)
Extracted frame BIB_1305
run BIB t= 1306
Found population proton
Found population proton
Found population proton
Found population proton
Found population proton
Found population proton
Found population proton
Found population proton
Found population proton
Found population proton
Found population proton
Found population proton
Found population proton
Pdiag shape (319, 478, 3)
B shape (319, 478, 3)
Extracted frame BIB_1306
run BIB t= 1307
Found population proton
Found population proton
Found population proton
Found population proton
Found population proton
Found population proton
Found population proton
Found population proton
Found population proton
Found population proton
Found population proton
Found population proton
Found population proton
Pdiag shape (319, 478, 3)
B shape (319, 478, 3)
Extracted frame BIB_1307
run BIB t= 1308
Found population proton
Found population proton
Found population proton
Found population proton
Found population proton
Found population proton
Found population proton
Found population proton
Found population proton
Found population proton
Found population proton
Found population proton
Found population proton
Pdiag shape (319, 478, 3)
B shape (319, 478, 3)
Extracted frame BIB_1308
run BIB t= 1309
Found population proton
Found population proton
Found population proton
Found population proton
Found population proton
Found population proton
Found population proton
Found population proton
Found population proton
Found population proton
Found population proton
Found population proton
Found population proton
Pdiag shape (319, 478, 3)
B shape (319, 478, 3)
Extracted frame BIB_1309
run BIB t= 1310
Found population proton
Found population proton
Found population proton
Found population proton
Found population proton
Found population proton
Found population proton
Found population proton
Found population proton
Found population proton
Found population proton
Found population proton
Found population proton
Pdiag shape (319, 478, 3)
B shape (319, 478, 3)
Extracted frame BIB_1310
run BIB t= 1311
Found population proton
Found population proton
Found population proton
Found population proton
Found population proton
Found population proton
Found population proton
Found population proton
Found population proton
Found population proton
Found population proton
Found population proton
Found population proton
Pdiag shape (319, 478, 3)
B shape (319, 478, 3)
Extracted frame BIB_1311
run BIB t= 1312
Found population proton
Found population proton
Found population proton
Found population proton
Found population proton
Found population proton
Found population proton
Found population proton
Found population proton
Found population proton
Found population proton
Found population proton
Found population proton
Pdiag shape (319, 478, 3)
B shape (319, 478, 3)
Extracted frame BIB_1312
run BIB t= 1313
Found population proton
Found population proton
Found population proton
Found population proton
Found population proton
Found population proton
Found population proton
Found population proton
Found population proton
Found population proton
Found population proton
Found population proton
Found population proton
Pdiag shape (319, 478, 3)
B shape (319, 478, 3)
Extracted frame BIB_1313
run BIB t= 1314
Found population proton
Found population proton
Found population proton
Found population proton
Found population proton
Found population proton
Found population proton
Found population proton
Found population proton
Found population proton
Found population proton
Found population proton
Found population proton
Pdiag shape (319, 478, 3)
B shape (319, 478, 3)
Extracted frame BIB_1314
run BIB t= 1315
Found population proton
Found population proton
Found population proton
Found population proton
Found population proton
Found population proton
Found population proton
Found population proton
Found population proton
Found population proton
Found population proton
Found population proton
Found population proton
Pdiag shape (319, 478, 3)
B shape (319, 478, 3)
Extracted frame BIB_1315
run BIB t= 1316
Found population proton
Found population proton
Found population proton
Found population proton
Found population proton
Found population proton
Found population proton
Found population proton
Found population proton
Found population proton
Found population proton
Found population proton
Found population proton
Pdiag shape (319, 478, 3)
B shape (319, 478, 3)
Extracted frame BIB_1316
run BIB t= 1317
Found population proton
Found population proton
Found population proton
Found population proton
Found population proton
Found population proton
Found population proton
Found population proton
Found population proton
Found population proton
Found population proton
Found population proton
Found population proton
Pdiag shape (319, 478, 3)
B shape (319, 478, 3)
Extracted frame BIB_1317
run BIB t= 1318
Found population proton
Found population proton
Found population proton
Found population proton
Found population proton
Found population proton
Found population proton
Found population proton
Found population proton
Found population proton
Found population proton
Found population proton
Found population proton
Pdiag shape (319, 478, 3)
B shape (319, 478, 3)
Extracted frame BIB_1318
run BIB t= 1319
Found population proton
Found population proton
Found population proton
Found population proton
Found population proton
Found population proton
Found population proton
Found population proton
Found population proton
Found population proton
Found population proton
Found population proton
Found population proton
Pdiag shape (319, 478, 3)
B shape (319, 478, 3)
Extracted frame BIB_1319
run BIB t= 1320
Found population proton
Found population proton
Found population proton
Found population proton
Found population proton
Found population proton
Found population proton
Found population proton
Found population proton
Found population proton
Found population proton
Found population proton
Found population proton
Pdiag shape (319, 478, 3)
B shape (319, 478, 3)
Extracted frame BIB_1320
run BIB t= 1321
Found population proton
Found population proton
Found population proton
Found population proton
Found population proton
Found population proton
Found population proton
Found population proton
Found population proton
Found population proton
Found population proton
Found population proton
Found population proton
Pdiag shape (319, 478, 3)
B shape (319, 478, 3)
Extracted frame BIB_1321
run BIB t= 1322
Found population proton
Found population proton
Found population proton
Found population proton
Found population proton
Found population proton
Found population proton
Found population proton
Found population proton
Found population proton
Found population proton
Found population proton
Found population proton
Pdiag shape (319, 478, 3)
B shape (319, 478, 3)
Extracted frame BIB_1322
run BIB t= 1323
Found population proton
Found population proton
Found population proton
Found population proton
Found population proton
Found population proton
Found population proton
Found population proton
Found population proton
Found population proton
Found population proton
Found population proton
Found population proton
Pdiag shape (319, 478, 3)
B shape (319, 478, 3)
Extracted frame BIB_1323
run BIB t= 1324
Found population proton
Found population proton
Found population proton
Found population proton
Found population proton
Found population proton
Found population proton
Found population proton
Found population proton
Found population proton
Found population proton
Found population proton
Found population proton
Pdiag shape (319, 478, 3)
B shape (319, 478, 3)
Extracted frame BIB_1324
run BIB t= 1325
Found population proton
Found population proton
Found population proton
Found population proton
Found population proton
Found population proton
Found population proton
Found population proton
Found population proton
Found population proton
Found population proton
Found population proton
Found population proton
Pdiag shape (319, 478, 3)
B shape (319, 478, 3)
Extracted frame BIB_1325
run BIB t= 1326
Found population proton
Found population proton
Found population proton
Found population proton
Found population proton
Found population proton
Found population proton
Found population proton
Found population proton
Found population proton
Found population proton
Found population proton
Found population proton
Pdiag shape (319, 478, 3)
B shape (319, 478, 3)
Extracted frame BIB_1326
run BIB t= 1327
Found population proton
Found population proton
Found population proton
Found population proton
Found population proton
Found population proton
Found population proton
Found population proton
Found population proton
Found population proton
Found population proton
Found population proton
Found population proton
Pdiag shape (319, 478, 3)
B shape (319, 478, 3)
Extracted frame BIB_1327
run BIB t= 1328
Found population proton
Found population proton
Found population proton
Found population proton
Found population proton
Found population proton
Found population proton
Found population proton
Found population proton
Found population proton
Found population proton
Found population proton
Found population proton
Pdiag shape (319, 478, 3)
B shape (319, 478, 3)
Extracted frame BIB_1328
run BIB t= 1329
Found population proton
Found population proton
Found population proton
Found population proton
Found population proton
Found population proton
Found population proton
Found population proton
Found population proton
Found population proton
Found population proton
Found population proton
Found population proton
Pdiag shape (319, 478, 3)
B shape (319, 478, 3)
Extracted frame BIB_1329
run BIB t= 1330
Found population proton
Found population proton
Found population proton
Found population proton
Found population proton
Found population proton
Found population proton
Found population proton
Found population proton
Found population proton
Found population proton
Found population proton
Found population proton
Pdiag shape (319, 478, 3)
B shape (319, 478, 3)
Extracted frame BIB_1330
run BIB t= 1331
Found population proton
Found population proton
Found population proton
Found population proton
Found population proton
Found population proton
Found population proton
Found population proton
Found population proton
Found population proton
Found population proton
Found population proton
Found population proton
Pdiag shape (319, 478, 3)
B shape (319, 478, 3)
Extracted frame BIB_1331
run BIB t= 1332
Found population proton
Found population proton
Found population proton
Found population proton
Found population proton
Found population proton
Found population proton
Found population proton
Found population proton
Found population proton
Found population proton
Found population proton
Found population proton
Pdiag shape (319, 478, 3)
B shape (319, 478, 3)
Extracted frame BIB_1332
run BIB t= 1333
Found population proton
Found population proton
Found population proton
Found population proton
Found population proton
Found population proton
Found population proton
Found population proton
Found population proton
Found population proton
Found population proton
Found population proton
Found population proton
Pdiag shape (319, 478, 3)
B shape (319, 478, 3)
Extracted frame BIB_1333
run BIB t= 1334
Found population proton
Found population proton
Found population proton
Found population proton
Found population proton
Found population proton
Found population proton
Found population proton
Found population proton
Found population proton
Found population proton
Found population proton
Found population proton
Pdiag shape (319, 478, 3)
B shape (319, 478, 3)
Extracted frame BIB_1334
run BIB t= 1335
Found population proton
Found population proton
Found population proton
Found population proton
Found population proton
Found population proton
Found population proton
Found population proton
Found population proton
Found population proton
Found population proton
Found population proton
Found population proton
Pdiag shape (319, 478, 3)
B shape (319, 478, 3)
Extracted frame BIB_1335
run BIB t= 1336
Found population proton
Found population proton
Found population proton
Found population proton
Found population proton
Found population proton
Found population proton
Found population proton
Found population proton
Found population proton
Found population proton
Found population proton
Found population proton
Pdiag shape (319, 478, 3)
B shape (319, 478, 3)
Extracted frame BIB_1336
run BIB t= 1337
Found population proton
Found population proton
Found population proton
Found population proton
Found population proton
Found population proton
Found population proton
Found population proton
Found population proton
Found population proton
Found population proton
Found population proton
Found population proton
Pdiag shape (319, 478, 3)
B shape (319, 478, 3)
Extracted frame BIB_1337
run BIB t= 1338
Found population proton
Found population proton
Found population proton
Found population proton
Found population proton
Found population proton
Found population proton
Found population proton
Found population proton
Found population proton
Found population proton
Found population proton
Found population proton
Pdiag shape (319, 478, 3)
B shape (319, 478, 3)
Extracted frame BIB_1338
run BIB t= 1339
Found population proton
Found population proton
Found population proton
Found population proton
Found population proton
Found population proton
Found population proton
Found population proton
Found population proton
Found population proton
Found population proton
Found population proton
Found population proton
Pdiag shape (319, 478, 3)
B shape (319, 478, 3)
Extracted frame BIB_1339
run BIB t= 1340
Found population proton
Found population proton
Found population proton
Found population proton
Found population proton
Found population proton
Found population proton
Found population proton
Found population proton
Found population proton
Found population proton
Found population proton
Found population proton
Pdiag shape (319, 478, 3)
B shape (319, 478, 3)
Extracted frame BIB_1340
run BIB t= 1341
Found population proton
Found population proton
Found population proton
Found population proton
Found population proton
Found population proton
Found population proton
Found population proton
Found population proton
Found population proton
Found population proton
Found population proton
Found population proton
Pdiag shape (319, 478, 3)
B shape (319, 478, 3)
Extracted frame BIB_1341
run BIB t= 1342
Found population proton
Found population proton
Found population proton
Found population proton
Found population proton
Found population proton
Found population proton
Found population proton
Found population proton
Found population proton
Found population proton
Found population proton
Found population proton
Pdiag shape (319, 478, 3)
B shape (319, 478, 3)
Extracted frame BIB_1342
run BIB t= 1343
Found population proton
Found population proton
Found population proton
Found population proton
Found population proton
Found population proton
Found population proton
Found population proton
Found population proton
Found population proton
Found population proton
Found population proton
Found population proton
Pdiag shape (319, 478, 3)
B shape (319, 478, 3)
Extracted frame BIB_1343
run BIB t= 1344
Found population proton
Found population proton
Found population proton
Found population proton
Found population proton
Found population proton
Found population proton
Found population proton
Found population proton
Found population proton
Found population proton
Found population proton
Found population proton
Pdiag shape (319, 478, 3)
B shape (319, 478, 3)
Extracted frame BIB_1344
run BIB t= 1345
Found population proton
Found population proton
Found population proton
Found population proton
Found population proton
Found population proton
Found population proton
Found population proton
Found population proton
Found population proton
Found population proton
Found population proton
Found population proton
Pdiag shape (319, 478, 3)
B shape (319, 478, 3)
Extracted frame BIB_1345
run BIB t= 1346
Found population proton
Found population proton
Found population proton
Found population proton
Found population proton
Found population proton
Found population proton
Found population proton
Found population proton
Found population proton
Found population proton
Found population proton
Found population proton
Pdiag shape (319, 478, 3)
B shape (319, 478, 3)
Extracted frame BIB_1346
run BIB t= 1347
Found population proton
Found population proton
Found population proton
Found population proton
Found population proton
Found population proton
Found population proton
Found population proton
Found population proton
Found population proton
Found population proton
Found population proton
Found population proton
Pdiag shape (319, 478, 3)
B shape (319, 478, 3)
Extracted frame BIB_1347
run BIB t= 1348
Found population proton
Found population proton
Found population proton
Found population proton
Found population proton
Found population proton
Found population proton
Found population proton
Found population proton
Found population proton
Found population proton
Found population proton
Found population proton
Pdiag shape (319, 478, 3)
B shape (319, 478, 3)
Extracted frame BIB_1348
run BIB t= 1349
Found population proton
Found population proton
Found population proton
Found population proton
Found population proton
Found population proton
Found population proton
Found population proton
Found population proton
Found population proton
Found population proton
Found population proton
Found population proton
Pdiag shape (319, 478, 3)
B shape (319, 478, 3)
Extracted frame BIB_1349
run BIB t= 1350
Found population proton
Found population proton
Found population proton
Found population proton
Found population proton
Found population proton
Found population proton
Found population proton
Found population proton
Found population proton
Found population proton
Found population proton
Found population proton
Pdiag shape (319, 478, 3)
B shape (319, 478, 3)
Extracted frame BIB_1350
run BIB t= 1351
Found population proton
Found population proton
Found population proton
Found population proton
Found population proton
Found population proton
Found population proton
Found population proton
Found population proton
Found population proton
Found population proton
Found population proton
Found population proton
Pdiag shape (319, 478, 3)
B shape (319, 478, 3)
Extracted frame BIB_1351
run BIB t= 1352
Found population proton
Found population proton
Found population proton
Found population proton
Found population proton
Found population proton
Found population proton
Found population proton
Found population proton
Found population proton
Found population proton
Found population proton
Found population proton
Pdiag shape (319, 478, 3)
B shape (319, 478, 3)
Extracted frame BIB_1352
run BIB t= 1353
Found population proton
Found population proton
Found population proton
Found population proton
Found population proton
Found population proton
Found population proton
Found population proton
Found population proton
Found population proton
Found population proton
Found population proton
Found population proton
Pdiag shape (319, 478, 3)
B shape (319, 478, 3)
Extracted frame BIB_1353
run BIB t= 1354
Found population proton
Found population proton
Found population proton
Found population proton
Found population proton
Found population proton
Found population proton
Found population proton
Found population proton
Found population proton
Found population proton
Found population proton
Found population proton
Pdiag shape (319, 478, 3)
B shape (319, 478, 3)
Extracted frame BIB_1354
run BIB t= 1355
Found population proton
Found population proton
Found population proton
Found population proton
Found population proton
Found population proton
Found population proton
Found population proton
Found population proton
Found population proton
Found population proton
Found population proton
Found population proton
Pdiag shape (319, 478, 3)
B shape (319, 478, 3)
Extracted frame BIB_1355
run BIB t= 1356
Found population proton
Found population proton
Found population proton
Found population proton
Found population proton
Found population proton
Found population proton
Found population proton
Found population proton
Found population proton
Found population proton
Found population proton
Found population proton
Pdiag shape (319, 478, 3)
B shape (319, 478, 3)
Extracted frame BIB_1356
run BIB t= 1357
Found population proton
Found population proton
Found population proton
Found population proton
Found population proton
Found population proton
Found population proton
Found population proton
Found population proton
Found population proton
Found population proton
Found population proton
Found population proton
Pdiag shape (319, 478, 3)
B shape (319, 478, 3)
Extracted frame BIB_1357
run BIB t= 1358
Found population proton
Found population proton
Found population proton
Found population proton
Found population proton
Found population proton
Found population proton
Found population proton
Found population proton
Found population proton
Found population proton
Found population proton
Found population proton
Pdiag shape (319, 478, 3)
B shape (319, 478, 3)
Extracted frame BIB_1358
run BIB t= 1359
Found population proton
Found population proton
Found population proton
Found population proton
Found population proton
Found population proton
Found population proton
Found population proton
Found population proton
Found population proton
Found population proton
Found population proton
Found population proton
Pdiag shape (319, 478, 3)
B shape (319, 478, 3)
Extracted frame BIB_1359
run BIB t= 1360
Found population proton
Found population proton
Found population proton
Found population proton
Found population proton
Found population proton
Found population proton
Found population proton
Found population proton
Found population proton
Found population proton
Found population proton
Found population proton
Pdiag shape (319, 478, 3)
B shape (319, 478, 3)
Extracted frame BIB_1360
run BIB t= 1361
Found population proton
Found population proton
Found population proton
Found population proton
Found population proton
Found population proton
Found population proton
Found population proton
Found population proton
Found population proton
Found population proton
Found population proton
Found population proton
Pdiag shape (319, 478, 3)
B shape (319, 478, 3)
Extracted frame BIB_1361
run BIB t= 1362
Found population proton
Found population proton
Found population proton
Found population proton
Found population proton
Found population proton
Found population proton
Found population proton
Found population proton
Found population proton
Found population proton
Found population proton
Found population proton
Pdiag shape (319, 478, 3)
B shape (319, 478, 3)
Extracted frame BIB_1362
run BIB t= 1363
Found population proton
Found population proton
Found population proton
Found population proton
Found population proton
Found population proton
Found population proton
Found population proton
Found population proton
Found population proton
Found population proton
Found population proton
Found population proton
Pdiag shape (319, 478, 3)
B shape (319, 478, 3)
Extracted frame BIB_1363
run BIB t= 1364
Found population proton
Found population proton
Found population proton
Found population proton
Found population proton
Found population proton
Found population proton
Found population proton
Found population proton
Found population proton
Found population proton
Found population proton
Found population proton
Pdiag shape (319, 478, 3)
B shape (319, 478, 3)
Extracted frame BIB_1364
run BIB t= 1365
Found population proton
Found population proton
Found population proton
Found population proton
Found population proton
Found population proton
Found population proton
Found population proton
Found population proton
Found population proton
Found population proton
Found population proton
Found population proton
Pdiag shape (319, 478, 3)
B shape (319, 478, 3)
Extracted frame BIB_1365
run BIB t= 1366
Found population proton
Found population proton
Found population proton
Found population proton
Found population proton
Found population proton
Found population proton
Found population proton
Found population proton
Found population proton
Found population proton
Found population proton
Found population proton
Pdiag shape (319, 478, 3)
B shape (319, 478, 3)
Extracted frame BIB_1366
run BIB t= 1367
Found population proton
Found population proton
Found population proton
Found population proton
Found population proton
Found population proton
Found population proton
Found population proton
Found population proton
Found population proton
Found population proton
Found population proton
Found population proton
Pdiag shape (319, 478, 3)
B shape (319, 478, 3)
Extracted frame BIB_1367
run BIB t= 1368
Found population proton
Found population proton
Found population proton
Found population proton
Found population proton
Found population proton
Found population proton
Found population proton
Found population proton
Found population proton
Found population proton
Found population proton
Found population proton
Pdiag shape (319, 478, 3)
B shape (319, 478, 3)
Extracted frame BIB_1368
run BIB t= 1369
Found population proton
Found population proton
Found population proton
Found population proton
Found population proton
Found population proton
Found population proton
Found population proton
Found population proton
Found population proton
Found population proton
Found population proton
Found population proton
Pdiag shape (319, 478, 3)
B shape (319, 478, 3)
Extracted frame BIB_1369
run BIB t= 1370
Found population proton
Found population proton
Found population proton
Found population proton
Found population proton
Found population proton
Found population proton
Found population proton
Found population proton
Found population proton
Found population proton
Found population proton
Found population proton
Pdiag shape (319, 478, 3)
B shape (319, 478, 3)
Extracted frame BIB_1370
run BIB t= 1371
Found population proton
Found population proton
Found population proton
Found population proton
Found population proton
Found population proton
Found population proton
Found population proton
Found population proton
Found population proton
Found population proton
Found population proton
Found population proton
Pdiag shape (319, 478, 3)
B shape (319, 478, 3)
Extracted frame BIB_1371
run BIB t= 1372
Found population proton
Found population proton
Found population proton
Found population proton
Found population proton
Found population proton
Found population proton
Found population proton
Found population proton
Found population proton
Found population proton
Found population proton
Found population proton
Pdiag shape (319, 478, 3)
B shape (319, 478, 3)
Extracted frame BIB_1372
run BIB t= 1373
Found population proton
Found population proton
Found population proton
Found population proton
Found population proton
Found population proton
Found population proton
Found population proton
Found population proton
Found population proton
Found population proton
Found population proton
Found population proton
Pdiag shape (319, 478, 3)
B shape (319, 478, 3)
Extracted frame BIB_1373
run BIB t= 1374
Found population proton
Found population proton
Found population proton
Found population proton
Found population proton
Found population proton
Found population proton
Found population proton
Found population proton
Found population proton
Found population proton
Found population proton
Found population proton
Pdiag shape (319, 478, 3)
B shape (319, 478, 3)
Extracted frame BIB_1374
run BIB t= 1375
Found population proton
Found population proton
Found population proton
Found population proton
Found population proton
Found population proton
Found population proton
Found population proton
Found population proton
Found population proton
Found population proton
Found population proton
Found population proton
Pdiag shape (319, 478, 3)
B shape (319, 478, 3)
Extracted frame BIB_1375
run BIB t= 1376
Found population proton
Found population proton
Found population proton
Found population proton
Found population proton
Found population proton
Found population proton
Found population proton
Found population proton
Found population proton
Found population proton
Found population proton
Found population proton
Pdiag shape (319, 478, 3)
B shape (319, 478, 3)
Extracted frame BIB_1376
run BIB t= 1377
Found population proton
Found population proton
Found population proton
Found population proton
Found population proton
Found population proton
Found population proton
Found population proton
Found population proton
Found population proton
Found population proton
Found population proton
Found population proton
Pdiag shape (319, 478, 3)
B shape (319, 478, 3)
Extracted frame BIB_1377
run BIB t= 1378
Found population proton
Found population proton
Found population proton
Found population proton
Found population proton
Found population proton
Found population proton
Found population proton
Found population proton
Found population proton
Found population proton
Found population proton
Found population proton
Pdiag shape (319, 478, 3)
B shape (319, 478, 3)
Extracted frame BIB_1378
run BIB t= 1379
Found population proton
Found population proton
Found population proton
Found population proton
Found population proton
Found population proton
Found population proton
Found population proton
Found population proton
Found population proton
Found population proton
Found population proton
Found population proton
Pdiag shape (319, 478, 3)
B shape (319, 478, 3)
Extracted frame BIB_1379
run BIB t= 1380
Found population proton
Found population proton
Found population proton
Found population proton
Found population proton
Found population proton
Found population proton
Found population proton
Found population proton
Found population proton
Found population proton
Found population proton
Found population proton
Pdiag shape (319, 478, 3)
B shape (319, 478, 3)
Extracted frame BIB_1380
run BIB t= 1381
Found population proton
Found population proton
Found population proton
Found population proton
Found population proton
Found population proton
Found population proton
Found population proton
Found population proton
Found population proton
Found population proton
Found population proton
Found population proton
Pdiag shape (319, 478, 3)
B shape (319, 478, 3)
Extracted frame BIB_1381
run BIB t= 1382
Found population proton
Found population proton
Found population proton
Found population proton
Found population proton
Found population proton
Found population proton
Found population proton
Found population proton
Found population proton
Found population proton
Found population proton
Found population proton
Pdiag shape (319, 478, 3)
B shape (319, 478, 3)
Extracted frame BIB_1382
run BIB t= 1383
Found population proton
Found population proton
Found population proton
Found population proton
Found population proton
Found population proton
Found population proton
Found population proton
Found population proton
Found population proton
Found population proton
Found population proton
Found population proton
Pdiag shape (319, 478, 3)
B shape (319, 478, 3)
Extracted frame BIB_1383
run BIB t= 1384
Found population proton
Found population proton
Found population proton
Found population proton
Found population proton
Found population proton
Found population proton
Found population proton
Found population proton
Found population proton
Found population proton
Found population proton
Found population proton
Pdiag shape (319, 478, 3)
B shape (319, 478, 3)
Extracted frame BIB_1384
run BIB t= 1385
Found population proton
Found population proton
Found population proton
Found population proton
Found population proton
Found population proton
Found population proton
Found population proton
Found population proton
Found population proton
Found population proton
Found population proton
Found population proton
Pdiag shape (319, 478, 3)
B shape (319, 478, 3)
Extracted frame BIB_1385
run BIB t= 1386
Found population proton
Found population proton
Found population proton
Found population proton
Found population proton
Found population proton
Found population proton
Found population proton
Found population proton
Found population proton
Found population proton
Found population proton
Found population proton
Pdiag shape (319, 478, 3)
B shape (319, 478, 3)
Extracted frame BIB_1386
run BIB t= 1387
Found population proton
Found population proton
Found population proton
Found population proton
Found population proton
Found population proton
Found population proton
Found population proton
Found population proton
Found population proton
Found population proton
Found population proton
Found population proton
Pdiag shape (319, 478, 3)
B shape (319, 478, 3)
Extracted frame BIB_1387
run BIB t= 1388
Found population proton
Found population proton
Found population proton
Found population proton
Found population proton
Found population proton
Found population proton
Found population proton
Found population proton
Found population proton
Found population proton
Found population proton
Found population proton
Pdiag shape (319, 478, 3)
B shape (319, 478, 3)
Extracted frame BIB_1388
run BIB t= 1389
Found population proton
Found population proton
Found population proton
Found population proton
Found population proton
Found population proton
Found population proton
Found population proton
Found population proton
Found population proton
Found population proton
Found population proton
Found population proton
Pdiag shape (319, 478, 3)
B shape (319, 478, 3)
Extracted frame BIB_1389
run BIB t= 1390
Found population proton
Found population proton
Found population proton
Found population proton
Found population proton
Found population proton
Found population proton
Found population proton
Found population proton
Found population proton
Found population proton
Found population proton
Found population proton
Pdiag shape (319, 478, 3)
B shape (319, 478, 3)
Extracted frame BIB_1390
run BIB t= 1391
Found population proton
Found population proton
Found population proton
Found population proton
Found population proton
Found population proton
Found population proton
Found population proton
Found population proton
Found population proton
Found population proton
Found population proton
Found population proton
Pdiag shape (319, 478, 3)
B shape (319, 478, 3)
Extracted frame BIB_1391
run BIB t= 1392
Found population proton
Found population proton
Found population proton
Found population proton
Found population proton
Found population proton
Found population proton
Found population proton
Found population proton
Found population proton
Found population proton
Found population proton
Found population proton
Pdiag shape (319, 478, 3)
B shape (319, 478, 3)
Extracted frame BIB_1392
run BIB t= 1393
Found population proton
Found population proton
Found population proton
Found population proton
Found population proton
Found population proton
Found population proton
Found population proton
Found population proton
Found population proton
Found population proton
Found population proton
Found population proton
Pdiag shape (319, 478, 3)
B shape (319, 478, 3)
Extracted frame BIB_1393
run BIB t= 1394
Found population proton
Found population proton
Found population proton
Found population proton
Found population proton
Found population proton
Found population proton
Found population proton
Found population proton
Found population proton
Found population proton
Found population proton
Found population proton
Pdiag shape (319, 478, 3)
B shape (319, 478, 3)
Extracted frame BIB_1394
run BIB t= 1395
Found population proton
Found population proton
Found population proton
Found population proton
Found population proton
Found population proton
Found population proton
Found population proton
Found population proton
Found population proton
Found population proton
Found population proton
Found population proton
Pdiag shape (319, 478, 3)
B shape (319, 478, 3)
Extracted frame BIB_1395
run BIB t= 1396
Found population proton
Found population proton
Found population proton
Found population proton
Found population proton
Found population proton
Found population proton
Found population proton
Found population proton
Found population proton
Found population proton
Found population proton
Found population proton
Pdiag shape (319, 478, 3)
B shape (319, 478, 3)
Extracted frame BIB_1396
run BIB t= 1397
Found population proton
Found population proton
Found population proton
Found population proton
Found population proton
Found population proton
Found population proton
Found population proton
Found population proton
Found population proton
Found population proton
Found population proton
Found population proton
Pdiag shape (319, 478, 3)
B shape (319, 478, 3)
Extracted frame BIB_1397
run BIB t= 1398
Found population proton
Found population proton
Found population proton
Found population proton
Found population proton
Found population proton
Found population proton
Found population proton
Found population proton
Found population proton
Found population proton
Found population proton
Found population proton
Pdiag shape (319, 478, 3)
B shape (319, 478, 3)
Extracted frame BIB_1398
run BIB t= 1399
Found population proton
Found population proton
Found population proton
Found population proton
Found population proton
Found population proton
Found population proton
Found population proton
Found population proton
Found population proton
Found population proton
Found population proton
Found population proton
Pdiag shape (319, 478, 3)
B shape (319, 478, 3)
Extracted frame BIB_1399
run BIB t= 1400
Found population proton
Found population proton
Found population proton
Found population proton
Found population proton
Found population proton
Found population proton
Found population proton
Found population proton
Found population proton
Found population proton
Found population proton
Found population proton
Pdiag shape (319, 478, 3)
B shape (319, 478, 3)
Extracted frame BIB_1400
run BIB t= 1401
Found population proton
Found population proton
Found population proton
Found population proton
Found population proton
Found population proton
Found population proton
Found population proton
Found population proton
Found population proton
Found population proton
Found population proton
Found population proton
Pdiag shape (319, 478, 3)
B shape (319, 478, 3)
Extracted frame BIB_1401
run BIB t= 1402
Found population proton
Found population proton
Found population proton
Found population proton
Found population proton
Found population proton
Found population proton
Found population proton
Found population proton
Found population proton
Found population proton
Found population proton
Found population proton
Pdiag shape (319, 478, 3)
B shape (319, 478, 3)
Extracted frame BIB_1402
run BIB t= 1403
Found population proton
Found population proton
Found population proton
Found population proton
Found population proton
Found population proton
Found population proton
Found population proton
Found population proton
Found population proton
Found population proton
Found population proton
Found population proton
Pdiag shape (319, 478, 3)
B shape (319, 478, 3)
Extracted frame BIB_1403
run BIB t= 1404
Found population proton
Found population proton
Found population proton
Found population proton
Found population proton
Found population proton
Found population proton
Found population proton
Found population proton
Found population proton
Found population proton
Found population proton
Found population proton
Pdiag shape (319, 478, 3)
B shape (319, 478, 3)
Extracted frame BIB_1404
run BIB t= 1405
Found population proton
Found population proton
Found population proton
Found population proton
Found population proton
Found population proton
Found population proton
Found population proton
Found population proton
Found population proton
Found population proton
Found population proton
Found population proton
Pdiag shape (319, 478, 3)
B shape (319, 478, 3)
Extracted frame BIB_1405
run BIB t= 1406
Found population proton
Found population proton
Found population proton
Found population proton
Found population proton
Found population proton
Found population proton
Found population proton
Found population proton
Found population proton
Found population proton
Found population proton
Found population proton
Pdiag shape (319, 478, 3)
B shape (319, 478, 3)
Extracted frame BIB_1406
run BIB t= 1407
Found population proton
Found population proton
Found population proton
Found population proton
Found population proton
Found population proton
Found population proton
Found population proton
Found population proton
Found population proton
Found population proton
Found population proton
Found population proton
Pdiag shape (319, 478, 3)
B shape (319, 478, 3)
Extracted frame BIB_1407
run BIB t= 1408
Found population proton
Found population proton
Found population proton
Found population proton
Found population proton
Found population proton
Found population proton
Found population proton
Found population proton
Found population proton
Found population proton
Found population proton
Found population proton
Pdiag shape (319, 478, 3)
B shape (319, 478, 3)
Extracted frame BIB_1408
run BIB t= 1409
Found population proton
Found population proton
Found population proton
Found population proton
Found population proton
Found population proton
Found population proton
Found population proton
Found population proton
Found population proton
Found population proton
Found population proton
Found population proton
Pdiag shape (319, 478, 3)
B shape (319, 478, 3)
Extracted frame BIB_1409
run BIB t= 1410
Found population proton
Found population proton
Found population proton
Found population proton
Found population proton
Found population proton
Found population proton
Found population proton
Found population proton
Found population proton
Found population proton
Found population proton
Found population proton
Pdiag shape (319, 478, 3)
B shape (319, 478, 3)
Extracted frame BIB_1410
run BIB t= 1411
Found population proton
Found population proton
Found population proton
Found population proton
Found population proton
Found population proton
Found population proton
Found population proton
Found population proton
Found population proton
Found population proton
Found population proton
Found population proton
Pdiag shape (319, 478, 3)
B shape (319, 478, 3)
Extracted frame BIB_1411
run BIB t= 1412
Found population proton
Found population proton
Found population proton
Found population proton
Found population proton
Found population proton
Found population proton
Found population proton
Found population proton
Found population proton
Found population proton
Found population proton
Found population proton
Pdiag shape (319, 478, 3)
B shape (319, 478, 3)
Extracted frame BIB_1412
run BIB t= 1413
Found population proton
Found population proton
Found population proton
Found population proton
Found population proton
Found population proton
Found population proton
Found population proton
Found population proton
Found population proton
Found population proton
Found population proton
Found population proton
Pdiag shape (319, 478, 3)
B shape (319, 478, 3)
Extracted frame BIB_1413
run BIB t= 1414
Found population proton
Found population proton
Found population proton
Found population proton
Found population proton
Found population proton
Found population proton
Found population proton
Found population proton
Found population proton
Found population proton
Found population proton
Found population proton
Pdiag shape (319, 478, 3)
B shape (319, 478, 3)
Extracted frame BIB_1414
run BIB t= 1415
Found population proton
Found population proton
Found population proton
Found population proton
Found population proton
Found population proton
Found population proton
Found population proton
Found population proton
Found population proton
Found population proton
Found population proton
Found population proton
Pdiag shape (319, 478, 3)
B shape (319, 478, 3)
Extracted frame BIB_1415
run BIB t= 1416
Found population proton
Found population proton
Found population proton
Found population proton
Found population proton
Found population proton
Found population proton
Found population proton
Found population proton
Found population proton
Found population proton
Found population proton
Found population proton
Pdiag shape (319, 478, 3)
B shape (319, 478, 3)
Extracted frame BIB_1416
run BIB t= 1417
Found population proton
Found population proton
Found population proton
Found population proton
Found population proton
Found population proton
Found population proton
Found population proton
Found population proton
Found population proton
Found population proton
Found population proton
Found population proton
Pdiag shape (319, 478, 3)
B shape (319, 478, 3)
Extracted frame BIB_1417
run BIB t= 1418
Found population proton
Found population proton
Found population proton
Found population proton
Found population proton
Found population proton
Found population proton
Found population proton
Found population proton
Found population proton
Found population proton
Found population proton
Found population proton
Pdiag shape (319, 478, 3)
B shape (319, 478, 3)
Extracted frame BIB_1418
run BIB t= 1419
Found population proton
Found population proton
Found population proton
Found population proton
Found population proton
Found population proton
Found population proton
Found population proton
Found population proton
Found population proton
Found population proton
Found population proton
Found population proton
Pdiag shape (319, 478, 3)
B shape (319, 478, 3)
Extracted frame BIB_1419
run BIB t= 1420
Found population proton
Found population proton
Found population proton
Found population proton
Found population proton
Found population proton
Found population proton
Found population proton
Found population proton
Found population proton
Found population proton
Found population proton
Found population proton
Pdiag shape (319, 478, 3)
B shape (319, 478, 3)
Extracted frame BIB_1420
run BIB t= 1421
Found population proton
Found population proton
Found population proton
Found population proton
Found population proton
Found population proton
Found population proton
Found population proton
Found population proton
Found population proton
Found population proton
Found population proton
Found population proton
Pdiag shape (319, 478, 3)
B shape (319, 478, 3)
Extracted frame BIB_1421
run BIB t= 1422
Found population proton
Found population proton
Found population proton
Found population proton
Found population proton
Found population proton
Found population proton
Found population proton
Found population proton
Found population proton
Found population proton
Found population proton
Found population proton
Pdiag shape (319, 478, 3)
B shape (319, 478, 3)
Extracted frame BIB_1422
run BIB t= 1423
Found population proton
Found population proton
Found population proton
Found population proton
Found population proton
Found population proton
Found population proton
Found population proton
Found population proton
Found population proton
Found population proton
Found population proton
Found population proton
Pdiag shape (319, 478, 3)
B shape (319, 478, 3)
Extracted frame BIB_1423
run BIB t= 1424
Found population proton
Found population proton
Found population proton
Found population proton
Found population proton
Found population proton
Found population proton
Found population proton
Found population proton
Found population proton
Found population proton
Found population proton
Found population proton
Pdiag shape (319, 478, 3)
B shape (319, 478, 3)
Extracted frame BIB_1424
run BIB t= 1425
Found population proton
Found population proton
Found population proton
Found population proton
Found population proton
Found population proton
Found population proton
Found population proton
Found population proton
Found population proton
Found population proton
Found population proton
Found population proton
Pdiag shape (319, 478, 3)
B shape (319, 478, 3)
Extracted frame BIB_1425
run BIB t= 1426
Found population proton
Found population proton
Found population proton
Found population proton
Found population proton
Found population proton
Found population proton
Found population proton
Found population proton
Found population proton
Found population proton
Found population proton
Found population proton
Pdiag shape (319, 478, 3)
B shape (319, 478, 3)
Extracted frame BIB_1426
run BIB t= 1427
Found population proton
Found population proton
Found population proton
Found population proton
Found population proton
Found population proton
Found population proton
Found population proton
Found population proton
Found population proton
Found population proton
Found population proton
Found population proton
Pdiag shape (319, 478, 3)
B shape (319, 478, 3)
Extracted frame BIB_1427
run BIB t= 1428
Found population proton
Found population proton
Found population proton
Found population proton
Found population proton
Found population proton
Found population proton
Found population proton
Found population proton
Found population proton
Found population proton
Found population proton
Found population proton
Pdiag shape (319, 478, 3)
B shape (319, 478, 3)
Extracted frame BIB_1428
run BIB t= 1429
Found population proton
Found population proton
Found population proton
Found population proton
Found population proton
Found population proton
Found population proton
Found population proton
Found population proton
Found population proton
Found population proton
Found population proton
Found population proton
Pdiag shape (319, 478, 3)
B shape (319, 478, 3)
Extracted frame BIB_1429
run BIB t= 1430
Found population proton
Found population proton
Found population proton
Found population proton
Found population proton
Found population proton
Found population proton
Found population proton
Found population proton
Found population proton
Found population proton
Found population proton
Found population proton
Pdiag shape (319, 478, 3)
B shape (319, 478, 3)
Extracted frame BIB_1430
run BIB t= 1431
Found population proton
Found population proton
Found population proton
Found population proton
Found population proton
Found population proton
Found population proton
Found population proton
Found population proton
Found population proton
Found population proton
Found population proton
Found population proton
Pdiag shape (319, 478, 3)
B shape (319, 478, 3)
Extracted frame BIB_1431
run BIB t= 1432
Found population proton
Found population proton
Found population proton
Found population proton
Found population proton
Found population proton
Found population proton
Found population proton
Found population proton
Found population proton
Found population proton
Found population proton
Found population proton
Pdiag shape (319, 478, 3)
B shape (319, 478, 3)
Extracted frame BIB_1432
run BIB t= 1433
Found population proton
Found population proton
Found population proton
Found population proton
Found population proton
Found population proton
Found population proton
Found population proton
Found population proton
Found population proton
Found population proton
Found population proton
Found population proton
Pdiag shape (319, 478, 3)
B shape (319, 478, 3)
Extracted frame BIB_1433
run BIB t= 1434
Found population proton
Found population proton
Found population proton
Found population proton
Found population proton
Found population proton
Found population proton
Found population proton
Found population proton
Found population proton
Found population proton
Found population proton
Found population proton
Pdiag shape (319, 478, 3)
B shape (319, 478, 3)
Extracted frame BIB_1434
run BIB t= 1435
Found population proton
Found population proton
Found population proton
Found population proton
Found population proton
Found population proton
Found population proton
Found population proton
Found population proton
Found population proton
Found population proton
Found population proton
Found population proton
Pdiag shape (319, 478, 3)
B shape (319, 478, 3)
Extracted frame BIB_1435
run BIB t= 1436
Found population proton
Found population proton
Found population proton
Found population proton
Found population proton
Found population proton
Found population proton
Found population proton
Found population proton
Found population proton
Found population proton
Found population proton
Found population proton
Pdiag shape (319, 478, 3)
B shape (319, 478, 3)
Extracted frame BIB_1436
run BIB t= 1437
Found population proton
Found population proton
Found population proton
Found population proton
Found population proton
Found population proton
Found population proton
Found population proton
Found population proton
Found population proton
Found population proton
Found population proton
Found population proton
Pdiag shape (319, 478, 3)
B shape (319, 478, 3)
Extracted frame BIB_1437
run BIB t= 1438
Found population proton
Found population proton
Found population proton
Found population proton
Found population proton
Found population proton
Found population proton
Found population proton
Found population proton
Found population proton
Found population proton
Found population proton
Found population proton
Pdiag shape (319, 478, 3)
B shape (319, 478, 3)
Extracted frame BIB_1438
run BIB t= 1439
Found population proton
Found population proton
Found population proton
Found population proton
Found population proton
Found population proton
Found population proton
Found population proton
Found population proton
Found population proton
Found population proton
Found population proton
Found population proton
Pdiag shape (319, 478, 3)
B shape (319, 478, 3)
Extracted frame BIB_1439
run BIB t= 1440
Found population proton
Found population proton
Found population proton
Found population proton
Found population proton
Found population proton
Found population proton
Found population proton
Found population proton
Found population proton
Found population proton
Found population proton
Found population proton
Pdiag shape (319, 478, 3)
B shape (319, 478, 3)
Extracted frame BIB_1440
run BIB t= 1441
Found population proton
Found population proton
Found population proton
Found population proton
Found population proton
Found population proton
Found population proton
Found population proton
Found population proton
Found population proton
Found population proton
Found population proton
Found population proton
Pdiag shape (319, 478, 3)
B shape (319, 478, 3)
Extracted frame BIB_1441
run BIB t= 1442
Found population proton
Found population proton
Found population proton
Found population proton
Found population proton
Found population proton
Found population proton
Found population proton
Found population proton
Found population proton
Found population proton
Found population proton
Found population proton
Pdiag shape (319, 478, 3)
B shape (319, 478, 3)
Extracted frame BIB_1442
run BIB t= 1443
Found population proton
Found population proton
Found population proton
Found population proton
Found population proton
Found population proton
Found population proton
Found population proton
Found population proton
Found population proton
Found population proton
Found population proton
Found population proton
Pdiag shape (319, 478, 3)
B shape (319, 478, 3)
Extracted frame BIB_1443
run BIB t= 1444
Found population proton
Found population proton
Found population proton
Found population proton
Found population proton
Found population proton
Found population proton
Found population proton
Found population proton
Found population proton
Found population proton
Found population proton
Found population proton
Pdiag shape (319, 478, 3)
B shape (319, 478, 3)
Extracted frame BIB_1444
run BIB t= 1445
Found population proton
Found population proton
Found population proton
Found population proton
Found population proton
Found population proton
Found population proton
Found population proton
Found population proton
Found population proton
Found population proton
Found population proton
Found population proton
Pdiag shape (319, 478, 3)
B shape (319, 478, 3)
Extracted frame BIB_1445
run BIB t= 1446
Found population proton
Found population proton
Found population proton
Found population proton
Found population proton
Found population proton
Found population proton
Found population proton
Found population proton
Found population proton
Found population proton
Found population proton
Found population proton
Pdiag shape (319, 478, 3)
B shape (319, 478, 3)
Extracted frame BIB_1446
run BIB t= 1447
Found population proton
Found population proton
Found population proton
Found population proton
Found population proton
Found population proton
Found population proton
Found population proton
Found population proton
Found population proton
Found population proton
Found population proton
Found population proton
Pdiag shape (319, 478, 3)
B shape (319, 478, 3)
Extracted frame BIB_1447
run BIB t= 1448
Found population proton
Found population proton
Found population proton
Found population proton
Found population proton
Found population proton
Found population proton
Found population proton
Found population proton
Found population proton
Found population proton
Found population proton
Found population proton
Pdiag shape (319, 478, 3)
B shape (319, 478, 3)
Extracted frame BIB_1448
run BIB t= 1449
Found population proton
Found population proton
Found population proton
Found population proton
Found population proton
Found population proton
Found population proton
Found population proton
Found population proton
Found population proton
Found population proton
Found population proton
Found population proton
Pdiag shape (319, 478, 3)
B shape (319, 478, 3)
Extracted frame BIB_1449
run BIB t= 1450
Found population proton
Found population proton
Found population proton
Found population proton
Found population proton
Found population proton
Found population proton
Found population proton
Found population proton
Found population proton
Found population proton
Found population proton
Found population proton
Pdiag shape (319, 478, 3)
B shape (319, 478, 3)
Extracted frame BIB_1450
run BIB t= 1451
Found population proton
Found population proton
Found population proton
Found population proton
Found population proton
Found population proton
Found population proton
Found population proton
Found population proton
Found population proton
Found population proton
Found population proton
Found population proton
Pdiag shape (319, 478, 3)
B shape (319, 478, 3)
Extracted frame BIB_1451
run BIB t= 1452
Found population proton
Found population proton
Found population proton
Found population proton
Found population proton
Found population proton
Found population proton
Found population proton
Found population proton
Found population proton
Found population proton
Found population proton
Found population proton
Pdiag shape (319, 478, 3)
B shape (319, 478, 3)
Extracted frame BIB_1452
run BIB t= 1453
Found population proton
Found population proton
Found population proton
Found population proton
Found population proton
Found population proton
Found population proton
Found population proton
Found population proton
Found population proton
Found population proton
Found population proton
Found population proton
Pdiag shape (319, 478, 3)
B shape (319, 478, 3)
Extracted frame BIB_1453
run BIB t= 1454
Found population proton
Found population proton
Found population proton
Found population proton
Found population proton
Found population proton
Found population proton
Found population proton
Found population proton
Found population proton
Found population proton
Found population proton
Found population proton
Pdiag shape (319, 478, 3)
B shape (319, 478, 3)
Extracted frame BIB_1454
run BIB t= 1455
Found population proton
Found population proton
Found population proton
Found population proton
Found population proton
Found population proton
Found population proton
Found population proton
Found population proton
Found population proton
Found population proton
Found population proton
Found population proton
Pdiag shape (319, 478, 3)
B shape (319, 478, 3)
Extracted frame BIB_1455
run BIB t= 1456
Found population proton
Found population proton
Found population proton
Found population proton
Found population proton
Found population proton
Found population proton
Found population proton
Found population proton
Found population proton
Found population proton
Found population proton
Found population proton
Pdiag shape (319, 478, 3)
B shape (319, 478, 3)
Extracted frame BIB_1456
run BIB t= 1457
Found population proton
Found population proton
Found population proton
Found population proton
Found population proton
Found population proton
Found population proton
Found population proton
Found population proton
Found population proton
Found population proton
Found population proton
Found population proton
Pdiag shape (319, 478, 3)
B shape (319, 478, 3)
Extracted frame BIB_1457
run BIB t= 1458
Found population proton
Found population proton
Found population proton
Found population proton
Found population proton
Found population proton
Found population proton
Found population proton
Found population proton
Found population proton
Found population proton
Found population proton
Found population proton
Pdiag shape (319, 478, 3)
B shape (319, 478, 3)
Extracted frame BIB_1458
run BIB t= 1459
Found population proton
Found population proton
Found population proton
Found population proton
Found population proton
Found population proton
Found population proton
Found population proton
Found population proton
Found population proton
Found population proton
Found population proton
Found population proton
Pdiag shape (319, 478, 3)
B shape (319, 478, 3)
Extracted frame BIB_1459
run BIB t= 1460
Found population proton
Found population proton
Found population proton
Found population proton
Found population proton
Found population proton
Found population proton
Found population proton
Found population proton
Found population proton
Found population proton
Found population proton
Found population proton
Pdiag shape (319, 478, 3)
B shape (319, 478, 3)
Extracted frame BIB_1460
run BIB t= 1461
Found population proton
Found population proton
Found population proton
Found population proton
Found population proton
Found population proton
Found population proton
Found population proton
Found population proton
Found population proton
Found population proton
Found population proton
Found population proton
Pdiag shape (319, 478, 3)
B shape (319, 478, 3)
Extracted frame BIB_1461
run BIB t= 1462
Found population proton
Found population proton
Found population proton
Found population proton
Found population proton
Found population proton
Found population proton
Found population proton
Found population proton
Found population proton
Found population proton
Found population proton
Found population proton
Pdiag shape (319, 478, 3)
B shape (319, 478, 3)
Extracted frame BIB_1462
run BIB t= 1463
Found population proton
Found population proton
Found population proton
Found population proton
Found population proton
Found population proton
Found population proton
Found population proton
Found population proton
Found population proton
Found population proton
Found population proton
Found population proton
Pdiag shape (319, 478, 3)
B shape (319, 478, 3)
Extracted frame BIB_1463
run BIB t= 1464
Found population proton
Found population proton
Found population proton
Found population proton
Found population proton
Found population proton
Found population proton
Found population proton
Found population proton
Found population proton
Found population proton
Found population proton
Found population proton
Pdiag shape (319, 478, 3)
B shape (319, 478, 3)
Extracted frame BIB_1464
run BIB t= 1465
Found population proton
Found population proton
Found population proton
Found population proton
Found population proton
Found population proton
Found population proton
Found population proton
Found population proton
Found population proton
Found population proton
Found population proton
Found population proton
Pdiag shape (319, 478, 3)
B shape (319, 478, 3)
Extracted frame BIB_1465
run BIB t= 1466
Found population proton
Found population proton
Found population proton
Found population proton
Found population proton
Found population proton
Found population proton
Found population proton
Found population proton
Found population proton
Found population proton
Found population proton
Found population proton
Pdiag shape (319, 478, 3)
B shape (319, 478, 3)
Extracted frame BIB_1466
run BIB t= 1467
Found population proton
Found population proton
Found population proton
Found population proton
Found population proton
Found population proton
Found population proton
Found population proton
Found population proton
Found population proton
Found population proton
Found population proton
Found population proton
Pdiag shape (319, 478, 3)
B shape (319, 478, 3)
Extracted frame BIB_1467
run BIB t= 1468
Found population proton
Found population proton
Found population proton
Found population proton
Found population proton
Found population proton
Found population proton
Found population proton
Found population proton
Found population proton
Found population proton
Found population proton
Found population proton
Pdiag shape (319, 478, 3)
B shape (319, 478, 3)
Extracted frame BIB_1468
run BIB t= 1469
Found population proton
Found population proton
Found population proton
Found population proton
Found population proton
Found population proton
Found population proton
Found population proton
Found population proton
Found population proton
Found population proton
Found population proton
Found population proton
Pdiag shape (319, 478, 3)
B shape (319, 478, 3)
Extracted frame BIB_1469
run BIB t= 1470
Traceback (most recent call last):
  File "/home/ivanzait/proj/Unet_proj/2d-reconnection-data/extract_data.py", line 122, in <module>
    labeling_x, labeling_z = features.get_x_points(x_loc_file, boxre)
                             ^^^^^^^^^^^^^^^^^^^^^^^^^^^^^^^^^^^^^^^^
  File "/home/ivanzait/proj/Unet_proj/2d-reconnection-data/features.py", line 50, in get_x_points
    with open(x_points_file) as f:
         ^^^^^^^^^^^^^^^^^^^
FileNotFoundError: [Errno 2] No such file or directory: 'x_points/BIB_x_points_1470.txt'
